// Generated by tools/make_pinyin.py from pinyin-data
// (https://github.com/mozillazg/pinyin-data, MIT licence). Do not edit.
#include "Pinyin.h"

namespace ws::pinyin::detail {

const std::size_t kSyllableCount = 415;
const std::string_view kSyllables[415] = {
    "a", "ai", "an", "ang", "ao", "ba", "bai", "ban", "bang", "bao", "bei", "ben",
    "beng", "bi", "bian", "biao", "bie", "bin", "bing", "bo", "bu", "ca", "cai", "can",
    "cang", "cao", "ce", "cen", "ceng", "cha", "chai", "chan", "chang", "chao", "che", "chen",
    "cheng", "chi", "chong", "chou", "chu", "chua", "chuai", "chuan", "chuang", "chui", "chun", "chuo",
    "ci", "cong", "cou", "cu", "cuan", "cui", "cun", "cuo", "da", "dai", "dan", "dang",
    "dao", "de", "dei", "den", "deng", "di", "dia", "dian", "diao", "die", "ding", "diu",
    "dong", "dou", "du", "duan", "dui", "dun", "duo", "e", "ei", "en", "eng", "er",
    "fa", "fan", "fang", "fei", "fen", "feng", "fiao", "fo", "fou", "fu", "ga", "gai",
    "gan", "gang", "gao", "ge", "gei", "gen", "geng", "gong", "gou", "gu", "gua", "guai",
    "guan", "guang", "gui", "gun", "guo", "ha", "hai", "han", "hang", "hao", "he", "hei",
    "hen", "heng", "hm", "hng", "hong", "hou", "hu", "hua", "huai", "huan", "huang", "hui",
    "hun", "huo", "ji", "jia", "jian", "jiang", "jiao", "jie", "jin", "jing", "jiong", "jiu",
    "ju", "juan", "jue", "jun", "ka", "kai", "kan", "kang", "kao", "ke", "kei", "ken",
    "keng", "kong", "kou", "ku", "kua", "kuai", "kuan", "kuang", "kui", "kun", "kuo", "la",
    "lai", "lan", "lang", "lao", "le", "lei", "leng", "li", "lia", "lian", "liang", "liao",
    "lie", "lin", "ling", "liu", "lo", "long", "lou", "lu", "luan", "lun", "luo", "lv",
    "lve", "m", "ma", "mai", "man", "mang", "mao", "me", "mei", "men", "meng", "mi",
    "mian", "miao", "mie", "min", "ming", "miu", "mo", "mou", "mu", "na", "nai", "nan",
    "nang", "nao", "ne", "nei", "nen", "neng", "ng", "ni", "nian", "niang", "niao", "nie",
    "nin", "ning", "niu", "nong", "nou", "nu", "nuan", "nun", "nuo", "nv", "nve", "o",
    "ou", "pa", "pai", "pan", "pang", "pao", "pei", "pen", "peng", "pi", "pian", "piao",
    "pie", "pin", "ping", "po", "pou", "pu", "qi", "qia", "qian", "qiang", "qiao", "qie",
    "qin", "qing", "qiong", "qiu", "qu", "quan", "que", "qun", "ran", "rang", "rao", "re",
    "ren", "reng", "ri", "rong", "rou", "ru", "rua", "ruan", "rui", "run", "ruo", "sa",
    "sai", "san", "sang", "sao", "se", "sen", "seng", "sha", "shai", "shan", "shang", "shao",
    "she", "shei", "shen", "sheng", "shi", "shou", "shu", "shua", "shuai", "shuan", "shuang", "shui",
    "shun", "shuo", "si", "song", "sou", "su", "suan", "sui", "sun", "suo", "ta", "tai",
    "tan", "tang", "tao", "te", "teng", "ti", "tian", "tiao", "tie", "ting", "tong", "tou",
    "tu", "tuan", "tui", "tun", "tuo", "wa", "wai", "wan", "wang", "wei", "wen", "weng",
    "wo", "wu", "xi", "xia", "xian", "xiang", "xiao", "xie", "xin", "xing", "xiong", "xiu",
    "xu", "xuan", "xue", "xun", "ya", "yan", "yang", "yao", "ye", "yi", "yin", "ying",
    "yo", "yong", "you", "yu", "yuan", "yue", "yun", "za", "zai", "zan", "zang", "zao",
    "ze", "zei", "zen", "zeng", "zha", "zhai", "zhan", "zhang", "zhao", "zhe", "zhen", "zheng",
    "zhi", "zhong", "zhou", "zhu", "zhua", "zhuai", "zhuan", "zhuang", "zhui", "zhun", "zhuo", "zi",
    "zong", "zou", "zu", "zuan", "zui", "zun", "zuo",
};

// U+4E00..U+9FFF: up to 3 readings, 10 bits each (syllable number + 1, 0 = none), most common first.
const std::uint32_t kReadings[20992] = {
    0x172, 0x47, 0x99, 0x103, 0x12B, 0x160, 0x74, 0x34D58, 0x188, 0x122, 0x12B, 0x160,
    0x87, 0x15, 0x178, 0xCD, 0x60, 0x28, 0x28, 0x193, 0x108, 0xFA, 0x131, 0x131,
    0x10C, 0x13, 0x171, 0x32, 0x49, 0x13B, 0x25, 0x48, 0x10C, 0xB3, 0x48, 0x177,
    0xB3, 0x16E, 0x13, 0x123, 0x70, 0x90, 0x64, 0x16D, 0x106, 0x18E, 0x87, 0x8C,
    0x5A, 0x6D, 0x2C, 0x20, 0xB6, 0x197, 0x190, 0x6, 0x158, 0x3B, 0x15A, 0x190,
    0x8E, 0xB0, 0x91, 0xFD, 0x5E, 0x172, 0x172, 0xD7, 0x15E, 0x90, 0x90, 0x155,
    0xC8, 0x172, 0x172, 0x18D, 0x15E, 0x185, 0x7F, 0x55, 0x5E8AD, 0x173, 0xFF, 0xF5,
    0x107, 0x7F, 0x6C, 0x25, 0x25, 0x172, 0x173, 0x16D, 0x390CF, 0x90, 0x103, 0x171,
    0x15F, 0x162, 0x60, 0x90, 0x160, 0x7F, 0x133, 0x4A, 0x131, 0x87, 0xD9, 0x88,
    0x91, 0x131, 0xC7, 0x7F, 0xC4, 0xBD, 0x198, 0x11A, 0x16B, 0x16E, 0x5E, 0x128,
    0xD6, 0x61, 0x142, 0x178, 0x36, 0x18A, 0x105, 0x18D, 0x6F, 0x61, 0xBD, 0xB6,
    0x172, 0x93, 0x2D0AD, 0xC3, 0x178, 0x18C, 0x131, 0x131, 0x54, 0x29, 0x178, 0xA5,
    0x178, 0x17B, 0x7F, 0x103, 0x15E, 0x8E, 0x13B, 0x140, 0x66, 0x66, 0x16D, 0x164,
    0x16D, 0x103, 0x16D, 0x40C87, 0x150, 0x159, 0x98, 0x39, 0x8B, 0x73, 0x172, 0x20,
    0x7A, 0xD5, 0x171, 0x162, 0x8E, 0x14E, 0xB3, 0x162, 0x8E, 0x171, 0x42909, 0x14,
    0x177, 0x164, 0x3B, 0xB2, 0x4F, 0x15A, 0x115, 0x115, 0x87, 0x87, 0x159, 0x172,
    0x4C52F, 0x115, 0xAD, 0x47, 0x181, 0x8D, 0x102, 0x43028, 0x6, 0x188, 0x8D, 0x8C,
    0x13, 0x116, 0x32, 0x5C, 0x122, 0xBE, 0x13, 0x19, 0x6617D, 0x131, 0x143, 0x188,
    0x5E, 0x161, 0x161, 0x155, 0x7D, 0x14F, 0x115, 0x105, 0x61, 0x64, 0x14, 0x3A,
    0xB7, 0x172, 0x22, 0x21, 0x120, 0x21, 0x172, 0xD5, 0xCA, 0x115, 0x56, 0x22,
    0x16F, 0x105, 0x18E, 0xFA, 0x15D, 0x15E, 0x89, 0x23088, 0x170, 0x5A, 0x19, 0x115,
    0x159, 0x59, 0x42, 0x57, 0x18E, 0x103, 0xF7, 0x178, 0x45, 0x4E, 0x15E, 0x172,
    0x165, 0x98, 0x172, 0x87, 0x2, 0x15E, 0x87, 0x5E, 0x55, 0x168, 0x8D, 0xFA,
    0x3B, 0x5E, 0x146, 0x18E, 0x177, 0x86, 0x28884, 0x178, 0x36, 0x17B, 0x122, 0x15A,
    0x64C2C, 0x23, 0x16D, 0x105, 0x12B, 0x21, 0xBE, 0x19, 0x16C, 0x165, 0x15A, 0x190,
    0x181, 0x161, 0xEA, 0x1C14, 0x6A, 0xE0, 0xE0, 0x164, 0x8, 0x169, 0xB7, 0x18F,
    0x12F, 0x10D, 0x4EC31, 0xD, 0x4ED31, 0x1082205F, 0xFA, 0x172, 0x13B, 0x172, 0x18C, 0x44,
    0x74, 0xC4, 0x3B, 0x190, 0x15, 0x10D, 0xE, 0x189, 0x31, 0x15A, 0x42, 0x190,
    0x19F, 0x177, 0x16F, 0x14A, 0x187, 0x77, 0xE, 0x155, 0x12D, 0x178, 0x172, 0x1705E,
    0x19F, 0x69, 0xE6, 0x14F, 0xE0, 0x161, 0x10D, 0x176, 0x156, 0x105, 0x131, 0x95,
    0xA, 0xF7, 0x84, 0x77, 0xAC, 0x162, 0x64, 0x16F, 0x7, 0x55, 0xD1, 0x88,
    0xD7, 0x13, 0x87, 0x79, 0x86, 0x6F, 0x10E, 0x14C, 0x8B, 0x31, 0x172, 0x131,
    0x166, 0x12F, 0x155, 0x97, 0x18D, 0x60, 0xA9, 0x172, 0x26, 0xA1, 0x6E, 0xB0,
    0x173, 0x131, 0xCC, 0x190, 0x169, 0x177, 0x3, 0xBC, 0xD4, 0x54, 0xBE, 0x49,
    0x1E, 0x26, 0x16C, 0x68, 0x18F, 0x172, 0x11A, 0x37, 0x160, 0x13B, 0x3A, 0xC0,
    0x143, 0x5C08B, 0x18B, 0x1B, 0x107, 0xA2, 0x1F, 0xE6, 0xE8, 0x8D, 0x15E, 0x7E,
    0x8F, 0x25, 0x18B, 0x19F, 0x28, 0x109, 0xC0, 0x91, 0x133, 0x14E, 0x12F, 0x153,
    0x14, 0xD8, 0x163, 0x3EC0F, 0x153, 0x178, 0x15F, 0x34, 0x50, 0x10C, 0x169, 0x6E,
    0xA0, 0x15E, 0x94, 0x172, 0x5E, 0xB3, 0x19B, 0x107, 0xB0, 0x176, 0x85, 0x8E,
    0x105, 0x122, 0xF7, 0x13E, 0x5E, 0x15F, 0xB0, 0x5E, 0xFF, 0xA, 0x178, 0x4ED03,
    0x160, 0x165, 0x168, 0x178, 0x42, 0x23, 0x28, 0x18D, 0x16E, 0x2CCB1, 0xB0, 0xA9,
    0x13B, 0x89, 0x168, 0x5E, 0x86, 0x91, 0x163, 0xF3, 0x89, 0x10, 0x29, 0x58,
    0x5A, 0x16D, 0x3, 0xB, 0x178, 0x165, 0xE, 0x7F, 0x21, 0x18D, 0x13, 0x90,
    0x170, 0x36, 0xB1, 0x158, 0xA9, 0x19, 0x199, 0x64, 0x6D, 0xB, 0x14B, 0x133,
    0x133, 0xCA, 0x3D, 0x145, 0x93, 0x2E, 0x166, 0xF9, 0x146, 0x7E, 0x172, 0x103,
    0x14A, 0x61, 0x8E, 0x8C, 0x140, 0x21, 0x8C, 0x57, 0x18D, 0x9E, 0x92, 0x199,
    0x91, 0x105, 0xE0, 0xBE, 0x197, 0x15D, 0xBF, 0x13C, 0xAF, 0x85, 0x49, 0x198,
    0xC, 0x15E, 0x91, 0xD7, 0x17, 0x89, 0x186, 0x171, 0x18D, 0x128, 0x10A, 0xE6,
    0x174, 0x25, 0x105, 0x16E, 0x11C, 0x18E, 0x2F, 0x88, 0x87, 0x15A, 0x178, 0x13,
    0x11F, 0x14A, 0x15A, 0xFB, 0x16E, 0x5A, 0x146, 0x15D, 0x50, 0x164, 0x23, 0x130,
    0x97, 0x42, 0x19F, 0x1E, 0x14E, 0xB, 0x164, 0x83, 0x170, 0x187, 0x28, 0x16E,
    0x177, 0x89, 0x169, 0x185, 0x31, 0x5E, 0xE, 0x18D, 0x199, 0xCD, 0x87, 0x172,
    0x164, 0x16C, 0x17, 0x4C, 0x1B, 0x18B, 0xF1, 0x150, 0x150, 0xB, 0x17C, 0x300BB,
    0x8C, 0x15A, 0x59, 0x21, 0xA5, 0x13D, 0x18D, 0x13E, 0x160, 0x5E, 0x179, 0x118,
    0xB0, 0xEA, 0x17B, 0x8A, 0xC3, 0x9, 0x44, 0x146, 0x76, 0x8C, 0x15F, 0x12A,
    0x105, 0x93, 0x19, 0x29, 0x122, 0xB, 0x163, 0x176, 0x170, 0x145, 0x142, 0x16F,
    0x55, 0x13, 0x88, 0x3A, 0x17D, 0x146, 0x6A, 0x12, 0x29, 0xED, 0x18, 0xAE,
    0x36, 0x176, 0x180, 0x199, 0xD, 0x13C, 0x5, 0x2C, 0x178, 0x186, 0x19B, 0x12B,
    0x2D, 0x8E, 0x26, 0x128, 0x74, 0x188, 0x10A, 0x16E, 0x42, 0x164, 0xBB, 0xB,
    0xFC, 0x8D, 0xB2, 0xBC, 0xC5, 0x105, 0x161, 0x145, 0x174, 0x49, 0x193, 0x162,
    0x12A, 0x107, 0x8F, 0x153, 0x19E, 0x102, 0x15F, 0xAC, 0x21, 0x6E, 0xB4, 0x103,
    0x25, 0x20, 0x15A, 0x87, 0x14, 0x84, 0x2C, 0x14D, 0x3B, 0x8B, 0x90, 0x127,
    0x59, 0x161, 0x91, 0x50, 0x8B, 0x89, 0x14F, 0xB6, 0x14, 0x6A, 0x161, 0x13E,
    0x161, 0x8A, 0xD0, 0x171, 0x8D, 0x88, 0x107, 0xFA, 0x5A, 0x18F, 0x2, 0x121,
    0x172, 0x94, 0xE8, 0x20, 0x172, 0x3C, 0x8E, 0x16A, 0xA2, 0x89, 0x29, 0x3B,
    0x8B, 0x128, 0x17D, 0x18, 0x12, 0x3, 0x11A, 0x144, 0x28, 0x1F, 0xAA, 0xE0,
    0x8D, 0x105, 0xCB, 0x15E, 0xE6, 0x10B, 0xE0, 0x21, 0xB5, 0xAE, 0xC0, 0xA4,
    0xA, 0x178, 0x10, 0x17E, 0x18D, 0x13B, 0x177, 0x76, 0x10A, 0x24, 0xB0, 0x149,
    0x15A, 0xBA, 0x29, 0x20, 0x112, 0x133, 0x84, 0xB0, 0xBF, 0x17E, 0xED, 0x146,
    0x16E, 0xAE, 0xD9, 0x54, 0x15E, 0x17B, 0x17E, 0x179, 0x167, 0x27, 0x189, 0x167,
    0x161, 0x6E, 0x4D, 0x9A, 0x4D, 0xCD, 0x151, 0x21, 0x54, 0x4D, 0x54, 0x8D,
    0x151, 0x13B, 0x16E, 0x16E, 0x131, 0x0, 0x3C, 0x105, 0x4A, 0x59, 0xC7, 0x12F,
    0x4A, 0x0, 0x8E, 0xB0, 0x83, 0x11A, 0x159, 0xDC, 0x10E, 0xB3, 0x178, 0x6,
    0x68, 0xB8, 0x15F, 0x74, 0xAA, 0x68, 0x14B, 0x6D, 0x166, 0x13, 0x103, 0x91,
    0x44, 0xC598, 0x59, 0x16F, 0x89, 0x132, 0x87, 0x172, 0x87, 0x20, 0x8F, 0xC7,
    0x111, 0xDC, 0x179, 0xC7, 0x62, 0x111, 0x1B, 0x8F, 0x1B, 0x17D, 0x6B, 0x8F,
    0xC7, 0x18F, 0xC7, 0x69, 0x169, 0xCD, 0xCC, 0x118, 0x173, 0x164, 0x97, 0x94,
    0xE8, 0x172, 0xCC, 0x131, 0x6D, 0xCB, 0x18E, 0x91, 0x179, 0xD1, 0x9F, 0xB6,
    0x5E, 0x164, 0xCC, 0x13, 0x49, 0x144, 0x62, 0x5A, 0x13, 0x7F, 0x27, 0x93,
    0x7F, 0xA4, 0x171, 0xAF, 0xF4, 0x5E, 0xD0, 0x49, 0x161, 0xB5, 0x104, 0x89,
    0x8E, 0x13D, 0xC9, 0x151, 0x103, 0x6A, 0x196, 0x13C, 0x8E, 0xB3, 0x10A, 0x45,
    0xB7, 0x49, 0x61, 0x89, 0x173, 0x33, 0x2, 0xB0, 0x2D, 0xD1, 0x196, 0x36,
    0x13B, 0x4F, 0x8D, 0xB6, 0xB6, 0xE6, 0x15F, 0x4B, 0x87, 0x56, 0x56, 0x56,
    0x5A, 0x91, 0x29, 0x18C, 0x5A, 0xD5, 0x18D, 0x5E, 0x5A, 0xFF, 0x5A, 0x96,
    0x83, 0x96, 0x61, 0x41, 0xFF, 0x105, 0x167, 0xA2, 0x151, 0x5, 0x29, 0x87,
    0x3C, 0x74, 0x74, 0x180, 0x3D, 0x45, 0x3D, 0x115, 0x115, 0x2D, 0x59, 0x108,
    0x172, 0x87, 0x97, 0x105, 0x37, 0x29, 0x15B, 0x87, 0x3B, 0x166, 0x80, 0x158,
    0x93, 0xB0, 0x17A, 0xB5, 0xB8, 0x181, 0x62, 0x2D, 0x5E, 0x29, 0x10D, 0x45,
    0x12A, 0xD0, 0xB7, 0x18E, 0xF4, 0x11, 0x8C, 0x8C, 0x28F6, 0xB0, 0x12A, 0x11,
    0x20, 0x8E, 0x6B, 0x67, 0x3D, 0x2D, 0xA5, 0xA0, 0x4F, 0x54, 0x18D, 0x134,
    0x5A90E, 0x7928, 0x31, 0x9A, 0x8C, 0x6F, 0x31, 0x6F, 0x96, 0x4F, 0x87, 0x14A,
    0x8E, 0xBB, 0xBF, 0x181, 0x179, 0x38, 0x58D6B, 0x9B, 0xA8, 0x105, 0x128, 0x2D,
    0x6B, 0x89, 0x38, 0xB0, 0x14A, 0x58, 0x101, 0x20, 0x103, 0x2D, 0x198, 0x62,
    0x158, 0x14, 0x87, 0x4F, 0x10A, 0x12A, 0x4B, 0x89, 0x87, 0x2814, 0x16E, 0x91,
    0x86, 0x130, 0x89, 0x4F, 0x4C, 0x15E, 0x6B, 0x5E, 0x130, 0x89, 0x64, 0x39,
    0x96, 0x2D, 0x2C, 0x20, 0x152, 0xBC, 0xB0, 0xF9, 0x12A, 0xFC, 0x9F, 0x8B,
    0x6B, 0x107, 0x93, 0x80, 0x185, 0x197, 0xB2, 0x91, 0xFA, 0xB8, 0x6F, 0x8B,
    0x6F, 0x89, 0x89, 0x146, 0x86, 0x87, 0x89, 0x172, 0x89, 0x18D, 0x20, 0x89,
    0xD3, 0xB0, 0x190, 0xB0, 0x16D, 0x10E, 0x8, 0x68, 0x88, 0x15E, 0xC4, 0xB5,
    0x8D, 0x9D, 0x164, 0x18D, 0x49, 0x190, 0xEA, 0x8C, 0x10D, 0x12C, 0x172, 0x190,
    0xD3, 0xB0, 0x2388D, 0xAC, 0xAC, 0x92, 0x9F, 0x16F, 0x156, 0x163, 0xD4, 0xA4,
    0x8C, 0xB5, 0x77, 0x131, 0x9A, 0x8D, 0x63, 0x14, 0xD0, 0x26, 0xAB, 0x176,
    0x176, 0xCD, 0x9A, 0x16C, 0x92, 0x10A, 0xBC, 0x15, 0xCB, 0x26, 0x2B4AE, 0x96,
    0xCD, 0x49, 0x169, 0x169, 0x97, 0x15E, 0x172, 0x16C, 0x15C, 0x130, 0xAC, 0xD5,
    0xBC, 0xFC, 0x131, 0x87, 0x109, 0x8A, 0x22, 0x10E, 0x162, 0x172, 0x93, 0x56,
    0x92, 0x14F, 0x91, 0x3B, 0x164, 0xC4, 0x16C, 0x16C, 0xC0, 0xB0, 0x23, 0x112,
    0x10E, 0xA, 0x12C, 0x17B, 0x90, 0xA, 0x69, 0x15E, 0x17B, 0x15B, 0x167, 0x60,
    0x60, 0xA, 0x32, 0x172, 0x167, 0xF9, 0x91, 0x147, 0x64, 0x102, 0x50, 0xF6,
    0x5E, 0x68, 0x39, 0x90, 0x68, 0xE, 0x80, 0xB, 0xDA, 0x9931, 0x57, 0x90,
    0x172, 0x17C, 0x8A, 0x98, 0x8A, 0xA4, 0x7F, 0x160, 0x10D, 0x56, 0x6F, 0x108,
    0x17F, 0xA4, 0x58, 0x7F, 0x178, 0x6F, 0xA5, 0x84, 0x3B, 0x6F, 0xB2, 0xB2,
    0x13F, 0x4B, 0x90, 0x93, 0x15F, 0xFA, 0x3C50D, 0x172, 0x9A, 0x16E, 0xF, 0xE0,
    0x10D, 0x131, 0x16C, 0x105, 0xE1, 0x120, 0x19B, 0x130, 0x15E, 0x84, 0x8, 0x131,
    0x15F, 0x158, 0x80, 0x164, 0x158, 0xB, 0xD19B, 0x197, 0x164, 0x12A0803B, 0xC4, 0x358D8,
    0x3B, 0x87, 0x14, 0x135, 0x5414, 0xA4, 0xF, 0x15, 0x187, 0x41095, 0xBC, 0x177,
    0xBC, 0x15F, 0x6B, 0x15D, 0x164, 0x8C, 0x8C, 0x15A, 0x4, 0x10B, 0x18D, 0xC7,
    0x173, 0x15A, 0x12C, 0x87, 0x10F, 0xBD, 0x26, 0x92, 0x164, 0x169, 0x8D, 0x10F,
    0x15E, 0x87, 0x50, 0x10A, 0x15F, 0x122, 0x21, 0x15A, 0x50, 0x14E, 0xB0, 0x18A,
    0x74, 0xB0, 0x16D, 0x16D, 0x16E, 0x12D, 0x42, 0x185, 0xF5, 0x16D, 0x108, 0x16D,
    0x18D, 0x1B, 0xC6, 0x14A, 0xB0, 0x12D, 0x7E, 0x14E, 0x19D, 0x38, 0x58, 0x179,
    0x1B, 0x179, 0x162, 0x16E, 0xB0, 0x93, 0x58128, 0x44, 0x29, 0x90, 0x8D, 0x5,
    0x6F, 0x16E, 0x13B, 0xB0, 0x21, 0xAA, 0xB0, 0x16E, 0x16E, 0x179, 0x13B, 0x68,
    0xB6, 0x119, 0x10D, 0x10D, 0x54, 0xAE, 0x4B, 0x161, 0x193, 0x122, 0x12F07018, 0x18,
    0x18, 0x18, 0x2, 0x3A, 0x177, 0x1E, 0x87, 0x177, 0x137, 0x56, 0x132, 0x6C,
    0x6, 0x55, 0x11F, 0x131, 0x133, 0x197, 0x10D, 0x132, 0xF, 0x169, 0x160, 0xF4,
    0x13D, 0x87, 0x15A, 0x13D, 0x46, 0x11D, 0x32, 0x9F, 0x6A, 0x1A491, 0xB7, 0x6B,
    0x51C3D, 0x9F, 0x18D, 0x8B, 0x4B189, 0x6, 0x47, 0x9A, 0x144, 0x26, 0x131, 0x177,
    0x10C, 0x100, 0x59171, 0x76, 0x13B, 0x145, 0x26, 0xAD, 0x45, 0x87, 0xB4, 0x7D,
    0xCF, 0x5E169, 0xC6, 0x26, 0x64, 0x16A, 0x170, 0x198, 0x19077, 0x87, 0x45, 0x37,
    0x14F, 0xD1, 0x7E, 0xB0, 0x151, 0x162, 0x185, 0x1DD60, 0x171, 0xC0, 0x1, 0xC3,
    0xF1, 0x86, 0x172, 0x94, 0x28, 0xB6, 0x154, 0x173, 0x58, 0xE, 0x109, 0x109,
    0x8C, 0x15, 0x3E85D, 0x6, 0x4E, 0x59, 0x50, 0x74, 0x14E, 0x1D49D, 0x139, 0x103,
    0x7D, 0x6618D, 0x173, 0x15E, 0x15E, 0x22, 0xD6, 0x16B, 0x15F, 0x2E, 0x4A, 0x15B,
    0x7E, 0x7D, 0x15E, 0x63, 0x16D, 0x94, 0xC0, 0x50, 0x64, 0xC9, 0x3A, 0xCA,
    0x25, 0x15E, 0x63, 0x5E, 0x8B, 0x7D, 0x26, 0x130, 0xD6, 0x154, 0xC2, 0x172,
    0x3A, 0xF1, 0xB0, 0xB, 0x5ED79, 0x71, 0x15B, 0x106, 0x15E, 0x50, 0x131, 0x92,
    0xF8, 0x15B, 0x380DB, 0xC2, 0xB7, 0x111, 0x177, 0x42, 0x18F, 0x131, 0x18F, 0x14D,
    0x15F, 0x172, 0x103, 0xFF, 0x198, 0x1AC6A, 0x31, 0x15A, 0x169, 0x77, 0xDA, 0x160,
    0xF7, 0x172, 0x163, 0x12F, 0x7F, 0xD1, 0x39, 0x10D, 0x67491, 0x61, 0x17C, 0x155,
    0x4F, 0x101, 0xF6, 0xE, 0x5E, 0x16F, 0x77, 0x1856057C, 0x861FC77, 0x73, 0x90, 0x176,
    0x5E, 0x39, 0x18F, 0x156, 0x95, 0x6A, 0x17C95, 0x19F, 0x15, 0xBA, 0x49, 0xE6,
    0x143, 0x13B, 0x161, 0x86, 0x103, 0x54, 0x50, 0x6E, 0x185, 0x15F, 0x172, 0xB5,
    0x198, 0xCF, 0xCC, 0x18D, 0x170, 0x87, 0x18F, 0xB925464, 0x133, 0x17E, 0x163, 0x1CC9A,
    0x84, 0xA1, 0x81, 0x147, 0x161, 0x50, 0x16A, 0x168, 0x71, 0x5C56E, 0xAC, 0x172,
    0x2, 0xFE, 0x12F, 0x14F, 0x7D, 0x167, 0x4F, 0x156, 0x72, 0x17D, 0x177, 0x46,
    0xF3, 0x162, 0x2, 0x66, 0xA4, 0x16D, 0x39, 0x163, 0xE, 0x5E884, 0xE1, 0x80,
    0x166, 0xA2, 0x4F, 0x59, 0x87, 0xE8, 0xD4, 0x175, 0x76, 0x179, 0xBA, 0x101,
    0xC6, 0x64, 0x140F0, 0x26, 0x12C, 0xB0, 0x36CD6, 0x19B, 0x77, 0xA0, 0x163, 0x161,
    0xAC, 0x14, 0x18A, 0x185, 0xB3, 0x6, 0xCF, 0xB5, 0x140, 0x5E, 0x15, 0x74,
    0x1F07A, 0x67, 0x13A, 0x64, 0x177, 0x16E, 0x6A, 0x6A, 0xB, 0x74, 0x142, 0x2F,
    0x172, 0x2, 0x88, 0x151, 0x161, 0x158, 0xB0, 0x15F, 0x146, 0x19F, 0x10C, 0x23,
    0x15E, 0x180, 0x16D, 0x4A, 0x103, 0x42, 0x109, 0xC4, 0xD3, 0x7D, 0x4A, 0x10D,
    0xAC, 0xB3, 0x142, 0x180, 0x82, 0xAB, 0x128, 0x87, 0x19B, 0x15D, 0x5A, 0x8D,
    0x7F, 0x103, 0x132, 0x15A, 0x134, 0x21, 0x54, 0xB0, 0x106, 0x3, 0x181, 0x175,
    0xE1, 0x178, 0x14B, 0xA9, 0x128, 0x15F, 0x155, 0x7F, 0x2, 0x63D89, 0xE9, 0x9C,
    0x197, 0x197, 0x12B, 0x42, 0x7A, 0xB6, 0x1, 0x17, 0x162, 0x154, 0x15E, 0x15B,
    0x36, 0x128, 0x6A, 0x103, 0x103, 0x147, 0x3B, 0x3B, 0x171, 0x198, 0xE, 0x36,
    0xC02B, 0x77, 0x16D, 0x103, 0x18A, 0x58, 0xB3, 0x161, 0xFA, 0x128, 0xA8, 0x181,
    0x174, 0x6B, 0xF2, 0x18A, 0x125, 0x193, 0xE4, 0x71, 0xBF, 0x16E, 0x42, 0x10E,
    0x20, 0x14, 0x47, 0xAB, 0x163, 0x91, 0x146, 0x26, 0x14A, 0x3, 0x90, 0x3B,
    0x95, 0x5E176, 0x15A, 0xD8, 0x12A, 0x178, 0x18A, 0xA8, 0x8C, 0x7E, 0x74, 0x61446,
    0x18F, 0x1F, 0x157, 0xED, 0x178, 0x173, 0x17C, 0x170, 0x15D, 0xCD, 0x7F, 0x17B,
    0x2C, 0x84, 0x82, 0x82, 0x15F, 0x77, 0x87, 0xA5, 0x18E, 0x15A, 0x128, 0x169,
    0x83, 0x4F, 0xE4, 0x16A, 0xB3, 0x178, 0x123, 0x26, 0x107, 0x16E, 0x3B, 0xF8,
    0x18, 0xB0, 0x175, 0x7985, 0x15A, 0xCE, 0x174, 0xF8, 0x15, 0xA5, 0x15F, 0x178,
    0x8C, 0xBB, 0xA0, 0x180, 0x7F, 0x14A, 0x170, 0x77, 0x128, 0x168, 0x106, 0x125,
    0x176, 0x13E, 0x7D, 0x164, 0x5C802, 0x142, 0xC3, 0x1E, 0x73, 0x9A, 0x39, 0x123,
    0x24, 0x11A, 0x13D, 0x156, 0x87, 0xF5, 0x15E, 0x105, 0x131, 0x64, 0x198, 0x8C,
    0xAC, 0x15C, 0x156, 0x13B, 0x26, 0x76, 0x142, 0x0, 0x73, 0x142, 0x109, 0xE4,
    0x77, 0x18D, 0x121, 0xDF, 0x64, 0xD6, 0x43, 0x2, 0x106, 0x14F, 0xE, 0x5,
    0x5, 0xB2, 0x19D, 0x18A, 0xD3, 0x13D, 0x13D, 0x145, 0x42, 0x103, 0x8B, 0x27,
    0x8B, 0x96, 0x145, 0x12A, 0x1A, 0x88, 0x2, 0x163, 0xFC, 0xBB, 0x5F, 0x6A,
    0x163, 0x7F, 0x84, 0x71, 0xF1, 0x161, 0x181, 0x21, 0x4C569, 0x100, 0xFC3E, 0xC3,
    0xC3, 0x7F, 0xAE, 0x4B, 0x5F, 0x146, 0x171, 0xD, 0x174, 0x121, 0x8B, 0xCC,
    0x163, 0x80, 0xC4, 0x111, 0x19F, 0xF9, 0xAC, 0x163, 0x87, 0x190, 0x22, 0xA5,
    0x19D, 0x163, 0x13B, 0x76, 0x5E, 0xB4, 0x107, 0x15F, 0x29, 0x20, 0x3B, 0x78,
    0x16C, 0x50, 0x19E, 0x56, 0x26, 0x84, 0x17E, 0x2D, 0x34, 0x3B, 0x178, 0x154,
    0x1D, 0x8B, 0x171, 0x15F, 0x103, 0x76, 0xB2, 0x169, 0x41, 0x84, 0x173, 0x102,
    0x93, 0x109, 0x16C, 0xE4, 0xBC, 0x13B, 0x16E, 0x174, 0x39, 0x187, 0xF0, 0x18F,
    0x8D, 0xE8, 0x17A, 0x164, 0x103, 0x50, 0x180, 0x172, 0x131, 0x8B, 0x179, 0x2,
    0x176, 0x16B, 0xA2, 0x178, 0xF8, 0x3D, 0x5F, 0x7B, 0x4E, 0x3C, 0x165, 0x121,
    0xFA, 0xFA, 0x173, 0x19D, 0xE6, 0x42, 0xAA, 0x143, 0x86, 0x11A, 0x76, 0x160,
    0x171, 0x4F, 0xFA, 0x28, 0x87, 0x8D, 0x76, 0x14A, 0x21, 0x16C, 0xC8, 0x7816,
    0x14A, 0xBC, 0x84, 0x14, 0x177, 0xE4, 0x173, 0x7F, 0xC8, 0x7D, 0x18A, 0xB0,
    0xB8, 0x73, 0xD9, 0x163, 0xD3, 0x16E, 0xB0, 0xBC, 0xBA, 0xD3, 0x3B, 0x24,
    0xFE, 0xFA, 0x162, 0x86, 0xD3, 0x15F, 0x4F, 0xA0, 0x16E, 0x20, 0x174, 0x112,
    0x44, 0xA8, 0x143, 0x163, 0x22C93, 0x30, 0x82, 0x86, 0x193, 0xE4, 0x163, 0x16,
    0xB0, 0x20, 0x1F, 0xB0, 0x172, 0xBF, 0xD9, 0x17C, 0x13E, 0x15F, 0x183, 0x89,
    0x17C, 0x190, 0xAA, 0xE4, 0xD9, 0xAA, 0xB9, 0x15A, 0x84, 0x173, 0x10C, 0x13B,
    0xE5, 0x89, 0x84, 0x165, 0x173, 0xD8, 0x152, 0x152, 0x5504E, 0x98, 0x179, 0x8F,
    0xFB, 0x17B, 0x32, 0x7F, 0x84, 0x179, 0x50, 0x71, 0xA6, 0x32, 0x14F, 0x151,
    0x15A, 0xBE, 0x71, 0x110, 0x117, 0xB7, 0x6A, 0x71, 0x144, 0x71, 0x151, 0x177,
    0x71, 0x173, 0x85, 0x102, 0x178, 0x74, 0x179, 0xBE, 0x2490E, 0x178, 0x10A, 0x71,
    0x2E, 0x15A, 0x179, 0x10E, 0xA0, 0x102, 0x179, 0x179, 0x16D, 0x151, 0x151, 0x151,
    0x152, 0xC1, 0x84, 0x172, 0x5E482, 0xBD, 0xBD, 0x151, 0x16D, 0x151, 0x14E, 0x130,
    0x102, 0xBC, 0xA2, 0x16D, 0x17D, 0x5A55A, 0x64, 0x155, 0x15E, 0x6F, 0xFA, 0x172,
    0xF842, 0x105, 0x105, 0x18B, 0x197, 0x3C, 0x104, 0x160, 0x12A, 0xA4, 0x21, 0x103,
    0xE4, 0xD3, 0x87, 0x88, 0x18D, 0x18D, 0x8, 0x16C, 0x172, 0x109, 0xC9, 0x94,
    0x118, 0x154, 0x57, 0x59, 0xC, 0x145, 0x97, 0x81, 0x19F, 0x9D, 0xE, 0x8E,
    0x42, 0x8E, 0x87, 0xA2, 0x42, 0x8E, 0x89, 0x145, 0xB0, 0x6, 0x15E, 0x59,
    0x195, 0x100, 0x8, 0x146, 0xA6, 0x10D, 0x145, 0x18D, 0x155, 0x61, 0xFF, 0x44,
    0x5586B, 0xE0, 0x144, 0xFA, 0x8F, 0x16F, 0x5C, 0x5, 0xBC, 0x10C, 0xD5, 0x9A,
    0x69, 0x16B, 0x6, 0x42, 0x23, 0xB7, 0x190, 0x5E, 0x7F, 0x18D, 0x2E, 0xA8,
    0xBA, 0xBA, 0xBC, 0x5, 0x3A, 0xF6, 0xD0, 0x166, 0x53C49, 0x87, 0x77, 0xC0,
    0x31, 0x26, 0xAE, 0x60, 0x173, 0x7E, 0x4D, 0x189, 0x5E, 0x6E, 0x170, 0x4F,
    0x4F, 0x6F, 0x1E, 0x16F, 0x173, 0x55, 0x69, 0x179, 0x46, 0x164, 0x9C, 0x12B,
    0x132, 0x50, 0x13, 0x44, 0x7D, 0x16D, 0xA1, 0x39, 0x95, 0x3C, 0x96, 0x75,
    0xDA, 0x3, 0x166, 0x161, 0x179, 0x9, 0x5E, 0x6, 0x172, 0x173, 0x74, 0x169,
    0x2E, 0x109, 0x67, 0x2, 0xD, 0x57, 0x10F, 0x176, 0x94, 0x88, 0x42, 0x314C4,
    0xAB, 0x92, 0x25, 0x12A, 0x8D, 0x18A, 0xB5, 0xB5, 0x5502, 0x25, 0x80, 0x15,
    0x131, 0x16C, 0x71, 0x8F, 0x171, 0xE1, 0x42, 0x178, 0x15, 0x16D, 0x10E, 0x140,
    0xFA, 0x10A, 0x158, 0x91, 0xBE, 0x18C, 0x9E, 0x146, 0x49, 0x3A, 0x145, 0x3,
    0x17, 0x29, 0xD, 0x97, 0x18D, 0x4F, 0x172, 0x18D, 0x172, 0xF7, 0x87, 0x196,
    0x103, 0x124, 0x91, 0xE0, 0xA0, 0x9A, 0x146, 0xA6, 0xE0, 0x89, 0x4D, 0x8D,
    0x62, 0x178, 0x50, 0xF9, 0x6A, 0x151, 0xAF, 0x57, 0x16D, 0x105, 0xA6, 0x3,
    0x12F, 0x4F, 0xDA, 0x151, 0x25, 0x173, 0x85, 0xE, 0xB2, 0x71, 0x46, 0x193,
    0x7E, 0x1020540A, 0xA, 0x178, 0x42, 0xC7, 0x8C, 0x11C, 0x50, 0x67, 0x97, 0x199,
    0x178, 0x83, 0x50, 0x170, 0x16E, 0xA, 0x87, 0xC9, 0x21, 0x4B, 0x155, 0x173,
    0x5A, 0x18E, 0x8C, 0x8D, 0x7A, 0x62, 0x2F, 0x89, 0xFF, 0xAE, 0x162, 0x83,
    0xAF, 0x4C, 0x158, 0x16A, 0x87, 0x87, 0xA2, 0x174, 0x143, 0x25, 0x176, 0x96,
    0x13E, 0x13E, 0x131, 0xCC, 0x143, 0x15C, 0x25, 0x151, 0x146, 0x10F, 0x18E, 0xB0,
    0x18E, 0x9, 0x49521, 0x17F, 0x4D, 0x14B, 0x15E, 0x18C, 0x16C, 0x64, 0x18B, 0x2,
    0x68, 0x16E, 0x97, 0x14B, 0x179, 0x15B, 0x164, 0xB8, 0x73, 0xAB, 0x21, 0xF9,
    0xD, 0x24, 0xBC, 0xBC, 0xF1, 0x105, 0xC9, 0xD3, 0x193, 0x137, 0x133, 0xBB,
    0x26, 0xC5, 0x10, 0x8E, 0x1B, 0x133, 0x18D, 0x188, 0x97, 0x176, 0x44, 0x24,
    0x18D, 0x15F, 0x71, 0x106, 0x8D, 0x42, 0x12B, 0xD5, 0x36, 0x16E, 0x143, 0x184,
    0x105, 0x106, 0xB3, 0x15A, 0x195, 0x107, 0x184, 0x169, 0x12A, 0x12A, 0x6, 0x102,
    0xA2, 0x49, 0x56, 0x10F, 0xD3, 0x4E, 0x4E, 0x19E, 0x42, 0x130, 0x4F, 0x4F,
    0x145, 0x41, 0xD5, 0x59, 0x83, 0x145, 0x39, 0x171, 0x190, 0x89, 0x5, 0x106,
    0x87, 0x107, 0x9C, 0x172, 0xFA, 0xE, 0x44, 0x8A, 0x171, 0x176, 0x16B, 0x145,
    0xAA, 0x91, 0x81, 0x3C, 0x112, 0x105, 0x16C, 0x161, 0x15F, 0x77, 0x2, 0x16D,
    0x3D, 0x76, 0x11C, 0x8D, 0xAE, 0xA4, 0xBC, 0x16E, 0x145, 0x15A, 0x81, 0xBA,
    0xBA, 0x11D, 0xB0, 0xB6, 0x112, 0x20, 0x16C, 0x16E, 0xAE, 0x6, 0x158, 0x131,
    0x115, 0x122, 0x194, 0x194, 0x130, 0x172, 0xC4, 0x41C9A, 0x190, 0x194, 0x7F, 0x7F,
    0xA6, 0x172, 0x7F, 0x169, 0xA6, 0x132, 0xC6, 0x19E, 0x132, 0x172, 0x18D, 0x6A,
    0x29, 0x8A, 0x5A, 0xB, 0x186, 0xF, 0x140, 0x110, 0xB7, 0x5E, 0x38, 0x160,
    0x167, 0x164, 0xDA, 0x160, 0xA5, 0x15F, 0x157, 0x179, 0xC7, 0x13E, 0x4F, 0x4F,
    0x171, 0x10A, 0x157, 0x69, 0x69, 0x103, 0xCB, 0xCB, 0x173, 0x86, 0x24, 0xE839,
    0x181, 0x14B, 0x144, 0x5E, 0x6C, 0x170, 0x16F, 0x75, 0x63, 0x131, 0x147, 0x144,
    0x150, 0x16E, 0xE, 0x172, 0xA1, 0x17C88, 0x4F, 0x80, 0xA4, 0x17B, 0x88, 0x6,
    0x52, 0xB2, 0x82, 0x42, 0x16E, 0xF6, 0x92, 0x21D03, 0xD7, 0x5A, 0x164, 0x59,
    0x44, 0x10E, 0xA5, 0x19A, 0x82, 0x103, 0x96, 0x185, 0xC, 0x172, 0x8A, 0x147,
    0x6517F, 0xC, 0x15F, 0x83, 0x58, 0x45, 0x16C, 0xD, 0x44, 0x5, 0x12D, 0x15C,
    0x72, 0x5, 0x15E, 0x5, 0x8A, 0xB2, 0x4F, 0x17B, 0x8A, 0x131, 0x59, 0x86,
    0xE, 0xBD, 0x4F, 0xEE, 0xEA, 0x47, 0xD7, 0x105, 0x89, 0x143, 0x90, 0xEB,
    0x1E, 0x76, 0x161, 0x56, 0x87, 0x13A, 0x11A, 0x58, 0x159, 0x7D, 0x194, 0x5E,
    0xC3, 0x3B, 0x115, 0x5E, 0x8E, 0x16E, 0x73, 0x15B, 0x18E, 0xF2, 0x4B, 0x87,
    0x9D, 0x18E, 0x170, 0x8D, 0x17B, 0xCE, 0x5D, 0x26, 0x17A, 0x194, 0xE7, 0x16E,
    0xD6, 0x165, 0x59, 0xE, 0x178, 0x155, 0x5A, 0x179, 0x57, 0x15E, 0x178, 0x6F,
    0x4B, 0x6, 0xE0, 0x18F, 0x197, 0x189, 0x39, 0xE0, 0x179, 0x150, 0x161, 0x18D,
    0x50, 0xC9, 0xD3, 0x103, 0xE, 0x12F, 0x108, 0x50, 0x77, 0x169, 0x55, 0x18C,
    0xD0, 0x8, 0xD5, 0x5E, 0xB7, 0x198, 0x198, 0x131, 0x111, 0x12A, 0x16F, 0xC5,
    0x8C, 0x6A, 0x13B, 0x166, 0x15A, 0x198, 0x91, 0x12A, 0xFE, 0x115, 0x170, 0x49,
    0x8A, 0x133, 0x87, 0x60, 0x162, 0x80, 0x92, 0x8B, 0x69, 0xAC, 0x89, 0x89,
    0x172, 0xE1, 0x18D, 0x87, 0x87, 0x161, 0x7A, 0x6E, 0x94, 0xA1, 0x16E, 0xD1,
    0xB5, 0xF7, 0x50, 0x177, 0x16E, 0x1E, 0x12F, 0x173, 0x131, 0x6F, 0x10E, 0x198,
    0x13C, 0x15A, 0x7D, 0x156, 0xBB, 0x16D, 0x113, 0x8B, 0xBD, 0xFF, 0x161, 0x12C,
    0xB0, 0x25, 0x164, 0xC6, 0x5E, 0x142, 0xC9, 0x15A, 0x9A, 0x30, 0x30, 0x14E,
    0xE2, 0x166, 0xD8, 0x178, 0x3B4D6, 0x101, 0xDC, 0x92, 0x12F, 0x18D, 0x74, 0x42,
    0x194, 0x50, 0xFE, 0x153, 0x161, 0xCD, 0x15E, 0x16E, 0x15E, 0x2, 0x16E, 0x178,
    0x13B, 0x178, 0x156, 0xB0, 0x161, 0x91, 0x10D, 0x195, 0x103, 0x161, 0x197, 0x49,
    0x21, 0xBC, 0x2, 0x50, 0x50, 0xBB, 0xCD, 0x32, 0x101, 0x91, 0x100, 0x17,
    0xB7, 0x158, 0x10, 0x163, 0x133, 0x103, 0x84, 0x56, 0x15D, 0x11D, 0x145, 0x58,
    0x58, 0x8C, 0x14B, 0xE0, 0x10E, 0x8E, 0x85, 0x8E, 0x105, 0x44, 0x166, 0x7F,
    0x158, 0xA9, 0xE, 0x173, 0x18F, 0x30, 0x5E, 0x8E, 0xBE, 0x3, 0xAA, 0xA6,
    0x173, 0x16D, 0x91, 0xB0, 0x44, 0x161, 0x80, 0x80, 0x174, 0x20, 0x12F, 0x14E,
    0x3C, 0x170, 0x15E, 0xD8, 0x11F, 0x88, 0x150, 0x169, 0x178, 0x15A, 0x42, 0x119,
    0xC9, 0x3B, 0x11C, 0x109, 0x84, 0x15D, 0x105, 0x2F, 0xCE, 0x5E, 0x8C, 0x4C,
    0x172, 0x18E, 0xC9, 0x83, 0xCD, 0x3, 0x174, 0x16A, 0x8C, 0x15A, 0xC9, 0x179,
    0x18C, 0x10C, 0x131, 0x164, 0x155, 0xB2, 0xC7, 0x111, 0x13B, 0xFB, 0x15A, 0x156,
    0x34, 0x7F, 0x5, 0x8C, 0xA, 0x169, 0x150, 0x6F, 0x29, 0x170, 0xFA, 0x15F,
    0x179, 0x174, 0x118, 0x11A, 0x26, 0xB8, 0xC9, 0xF4, 0x5, 0xC3, 0x69, 0xA5,
    0x109, 0x88, 0x124, 0x18B, 0x179, 0x8C, 0x118, 0xD1, 0x174, 0x87, 0x13E, 0xE3,
    0x161, 0x147, 0xF5, 0xAB, 0xDA, 0xA, 0x2, 0xFA, 0xFE, 0x172, 0xFC, 0x178,
    0xAE, 0x16A, 0xC5, 0x172, 0x188, 0x98, 0x176, 0xE0, 0xB0, 0x42, 0x6F, 0x16E,
    0x8D, 0x193, 0x21, 0x181, 0x74, 0xDD, 0xAC, 0xD3, 0x18A, 0x7F, 0x7F, 0x5,
    0xDD, 0x106, 0xC3, 0xFD, 0x6A, 0x15E, 0x107, 0x155, 0x187, 0xCE, 0x161, 0x161,
    0xD3, 0xB4, 0xB2, 0x80, 0x6F, 0x41, 0x18D, 0x169, 0x172, 0x80, 0x15F, 0xA5,
    0x113, 0x15F, 0x16E, 0x20, 0x8B, 0xC9, 0x56, 0x56, 0x161, 0x172, 0x84, 0x8B,
    0x5E, 0x131, 0xE, 0x12A, 0x140, 0x106, 0xB2, 0x16A, 0x165, 0xE3, 0x49, 0x172,
    0x18, 0x2, 0xE2, 0xE6, 0xC3, 0x14C, 0x28, 0x8D, 0x31, 0x178, 0xFE, 0x118,
    0x11A, 0xD7, 0x16E, 0x144, 0x174, 0x105, 0xE3, 0x17A, 0x174, 0xCD, 0xE, 0xD3,
    0x12F, 0x166, 0xE0, 0x4B, 0xB8, 0x179, 0xAA, 0x16E, 0x137, 0xB7, 0x8B, 0xE2,
    0xAA, 0x161, 0x174, 0x137, 0x84, 0x10E, 0xCC, 0xB0, 0xBD, 0x16E, 0x190, 0xAA,
    0x198, 0x8C, 0x93, 0x93, 0x9E, 0x17B, 0x198, 0x198, 0x37, 0x141, 0x5E, 0xB,
    0x198, 0x163, 0x165, 0xCB, 0x13B, 0x144, 0xA, 0x87, 0x6A, 0xEA, 0x16B, 0x177,
    0x193, 0x73, 0xBD, 0x141, 0xDA, 0xCF, 0x32, 0x105, 0x133, 0x20, 0x16D, 0x198,
    0xE0, 0x5E, 0x198, 0xB0, 0x16B, 0x14, 0x11A, 0xD7, 0xE4, 0xE4, 0x174, 0xBD,
    0xCD, 0xE6, 0x118, 0x143, 0x6F, 0x186, 0x10B, 0x178, 0x132, 0x3, 0x151, 0x13C,
    0x158, 0x119, 0x170, 0x7D, 0x172, 0x8E, 0x196, 0x178CC, 0x190, 0x3C, 0x7D, 0x199,
    0x6D, 0x18F, 0x47, 0x158, 0x172, 0xA, 0x131, 0x131, 0x27, 0x12F, 0x9A, 0x16A,
    0x131, 0x177, 0x82, 0x172, 0x14C, 0x131, 0x161, 0x68, 0x25, 0x110, 0x68, 0x163,
    0x17D, 0x185, 0xA, 0x73, 0x16E, 0x163, 0x88, 0x12F, 0x24, 0x118, 0x83, 0xCC,
    0x9F, 0xA3, 0x12, 0x5A13E, 0x17, 0x17E, 0x87, 0x179, 0x87, 0x173, 0xCC, 0x9F,
    0x10A, 0x77, 0x18B, 0x89, 0x5E, 0xE6, 0x13, 0x82, 0xC9, 0x109, 0x74, 0x178,
    0x131, 0xE6, 0x8D, 0xE6, 0x18D, 0x178, 0xA, 0xA3, 0xE6, 0x109, 0xD3, 0x1E,
    0x91, 0x6B, 0x109, 0x7F, 0x15E, 0xB4, 0x131, 0xE6, 0x186, 0x12F, 0x15A, 0x164,
    0xA3, 0x84, 0xB4, 0x94, 0x82, 0x172, 0x172, 0xA, 0x109, 0x27, 0xA, 0x5A,
    0x37, 0x4D, 0x13B, 0x16C, 0x3D, 0xC0, 0x4D, 0x132, 0x100, 0x5A, 0x193, 0x5E,
    0x12D, 0x9A, 0x8A, 0x8A, 0x193, 0x5E15A, 0x19E, 0x16C, 0x133, 0x4D, 0x3D, 0x163,
    0x8C, 0x12C, 0x54, 0x54, 0x54, 0x5F, 0x89, 0x133, 0x24, 0x12B, 0x12B, 0xD3,
    0x5F, 0x21, 0xB4, 0x161, 0x161, 0xA6, 0x159, 0x159, 0x177, 0xB4, 0xB4, 0x170,
    0xC6, 0x159, 0x159, 0x159, 0x5F, 0x170, 0x4F, 0xA5, 0x18E, 0x90, 0x61, 0x6A,
    0x61, 0x153, 0x61, 0x61, 0x131, 0x173, 0x8C26, 0x99, 0xE0, 0x8D, 0x5C95A, 0x500E3,
    0x91, 0xFA, 0x1D, 0x15F, 0xE, 0x91, 0x8C, 0x14B, 0x10D, 0x14A, 0x8C, 0x15E,
    0x45, 0x131, 0x131, 0x4CFF, 0x87, 0x164, 0x18B, 0x164, 0xE0, 0x187, 0x15F, 0x15A,
    0xC5, 0x50, 0xBB, 0xFF, 0x14A, 0x58, 0x133, 0x164, 0x151, 0xC0, 0xC0, 0x15F,
    0x1D, 0xC0, 0x91, 0x164, 0x91, 0x93, 0xB4, 0x93, 0x133, 0x15F, 0x23, 0x154,
    0xE0, 0x12A, 0x156, 0x161, 0xB0, 0x50, 0x84, 0x84, 0xBA, 0x172, 0x103, 0x115,
    0x15E, 0x74, 0x12F, 0x178, 0x29, 0x140, 0x103, 0x115, 0x17A, 0x8, 0x170, 0x4,
    0x16D, 0x15E, 0x8C, 0x50, 0x87, 0x105, 0x59, 0x158, 0x103, 0x1C, 0x105, 0x103,
    0x1E, 0x8C, 0x10D, 0x62, 0x161, 0x5, 0xAA, 0x3D, 0x6, 0x19F, 0x19F, 0x16F,
    0x91, 0x62, 0x9A, 0x69, 0x16B, 0x100, 0xB0, 0x14C, 0x2450D, 0x16E, 0x5E, 0x168,
    0x88, 0xB7, 0x155, 0xFA, 0x5, 0x3A, 0xA4, 0x17A, 0x10D, 0x7F, 0x100, 0xD0,
    0x3, 0x14C, 0xB7, 0x26, 0xFF, 0x49, 0x74, 0xA5, 0x168, 0xC7, 0x14F, 0x16B,
    0x172, 0xF, 0x77, 0x6, 0xBF, 0x50, 0x5E, 0x16C, 0x46, 0xBC, 0x52, 0x54,
    0x60, 0x10E, 0x53C49, 0x172, 0xD5, 0x131, 0x3, 0x15A, 0x82, 0x4C58D, 0xCC, 0xB5,
    0x87, 0x14F, 0x15A, 0x177, 0x104, 0x160, 0xB0, 0x170, 0x41C8B, 0x18C, 0xBD, 0x8B,
    0x50, 0x50, 0x178, 0x164, 0x15, 0x107, 0x110, 0x5A, 0x5A, 0xDA, 0xB0, 0x177,
    0x161, 0x118, 0x3D, 0x12F, 0x25, 0x151, 0x67, 0x94, 0x63, 0x160, 0x173, 0x15E,
    0xAB, 0x97, 0xAC, 0xA9, 0x161, 0x10F, 0x9E, 0x27, 0x27, 0x143, 0xB6, 0x80,
    0x91, 0xA9, 0x103, 0xD0, 0xA6, 0xA6, 0x19B, 0x6A, 0x36, 0x16D, 0x16D, 0x62,
    0xBE, 0xBE, 0xAF, 0x93, 0x4F, 0x18C, 0x71, 0x173, 0x49, 0x74, 0x18C, 0x15A,
    0x163, 0xFA, 0x16E, 0x13C, 0x8C, 0xD, 0x19B, 0xA0, 0x49, 0x187, 0x6A, 0x173,
    0x198, 0x181, 0x83, 0x178, 0x157, 0x16F, 0x5A, 0x10C, 0x16F, 0x14A, 0x172, 0x18D,
    0x131, 0x17D, 0x170, 0x50, 0x190, 0x97, 0xC0, 0x16E, 0xC9, 0x74, 0x87, 0x87,
    0x82, 0x14E, 0x130, 0xC9, 0x105, 0x15E, 0x178, 0x199, 0xAA, 0x9A, 0x16E, 0x16E,
    0x15A, 0x199, 0x1E, 0x140, 0x118, 0x9A, 0x109, 0x178, 0x103, 0xBB, 0x151, 0x4D,
    0x15F, 0x15C, 0x19, 0x3C, 0x118, 0x8C, 0x96, 0xB8, 0x15E, 0x13C, 0x107, 0x198,
    0x15A, 0xD, 0x44, 0x38, 0x105, 0x176, 0xE4, 0x38, 0x87, 0x131, 0x11F, 0x13C,
    0x199, 0x8A, 0xB4, 0x98, 0x20, 0x46, 0x1C, 0x47, 0x151, 0xBB, 0x188, 0x187,
    0x187, 0x5, 0x1A, 0x10D, 0x106, 0x36, 0x19D, 0x3D, 0x3D, 0x15F, 0x178, 0xF7,
    0xBA, 0x162, 0x1D, 0x14, 0x109, 0x8B, 0x16E, 0xAC, 0x187, 0xB6, 0xB4, 0xB4,
    0x8D, 0x41, 0x4F, 0x19E, 0x8B, 0x6F, 0x170, 0x8B, 0x170, 0x93, 0x12A, 0x172,
    0x16B, 0xDA, 0x171, 0x171, 0x172, 0xE4, 0x161, 0x87, 0x164, 0x9A, 0x15F, 0x42,
    0x5, 0x19D, 0x15A, 0x172, 0x118, 0x3D, 0xB7, 0x8C, 0x178, 0x17A, 0x173, 0x11A,
    0x8C, 0xB0, 0x6F, 0xBA, 0xBA, 0x44, 0x118, 0x15F, 0x91, 0x20, 0x174, 0xA5,
    0x16E, 0x15A, 0xDA, 0x10E, 0x22, 0x35, 0xBD, 0x44, 0x44, 0xE4, 0x16E, 0x16E,
    0x16E, 0xA5, 0x16E, 0x2C, 0xA2, 0x2C, 0x18F, 0x83, 0x8E, 0x16C, 0x22, 0x22,
    0xB5, 0x68, 0x19F, 0x107, 0x91, 0x68, 0x91, 0x15E, 0x102, 0x102, 0x3107C1E, 0x10C,
    0x10C, 0x87, 0x172, 0x13B, 0x6, 0x18D, 0x189, 0x1D562, 0x172, 0x8D, 0x16C, 0x92,
    0x6, 0x16C, 0x8D, 0x5E, 0x17C, 0xE, 0x131, 0x15, 0x47, 0x135, 0x56, 0xE4,
    0x131, 0x59, 0xF2, 0x18D, 0x15F, 0x7F, 0x3B, 0x15A, 0x188, 0x146, 0x3A, 0xD3,
    0xF7, 0xF2, 0x14D, 0x14, 0xB2, 0x18D, 0x18F, 0x14, 0x18D, 0x42, 0xD3, 0x172,
    0x172, 0xFF, 0x104, 0x92, 0x11A, 0x135, 0x3A, 0x18B, 0x138, 0x107, 0x18B, 0x131,
    0x110, 0x15F, 0x9, 0x3A, 0x6F, 0xF428, 0xFF, 0x188, 0x122, 0x158, 0x3A, 0x15A,
    0x21, 0x128, 0x103, 0x181, 0x71, 0xC7, 0x4B, 0x7E, 0x18C, 0x169, 0xCC, 0x15A,
    0x15D, 0x5E, 0x172, 0x9, 0xFF, 0x46, 0x68, 0xF4, 0x83, 0x147, 0xCC, 0x88,
    0x149, 0x84, 0x18E, 0x12A, 0xC5, 0xD5, 0x10, 0x71, 0x181, 0xD5, 0x9, 0x188,
    0x8E, 0x20, 0x5E, 0x18D, 0x7F, 0x56, 0x6502D, 0xE, 0xE, 0x188, 0xCC, 0x107,
    0x20, 0x59, 0xCB, 0x9, 0x28, 0xCF, 0x29, 0x8C, 0x161, 0xAA, 0x61, 0xFF,
    0xE1, 0x89, 0x13, 0x13, 0x166, 0x61, 0x170, 0x82, 0x177, 0x177, 0x87, 0x6E,
    0xFA, 0x14E, 0x181, 0x6E, 0x194, 0xD3, 0x10A, 0xE, 0x109, 0x4E, 0x2D, 0x6F,
    0x16D, 0x7, 0x8C, 0x169, 0xBC, 0x15E, 0x194, 0xA0, 0x174, 0x42, 0xF6, 0x44,
    0x16D, 0xCE, 0x67, 0x31, 0x5E, 0x14F, 0xF5, 0x58, 0x162, 0x172, 0x18D, 0x14C,
    0x18D, 0x168, 0x13C4B, 0x19F, 0x163, 0x151, 0x6F, 0xA0, 0xC6, 0x14E, 0x177, 0x15,
    0x13, 0x25, 0xA9, 0xE, 0x87, 0x3, 0x133, 0x98, 0x176, 0x155, 0x13C, 0x133,
    0x10A, 0x178, 0x178, 0xCE, 0x13D, 0x1B, 0x162, 0x58, 0x90, 0x50, 0x15A, 0xB8,
    0x128, 0xB2, 0xAB, 0x13D, 0x18D, 0x15, 0x10A, 0x90, 0x90, 0x8D, 0x5, 0xA7,
    0xBB, 0x173, 0xB4, 0x3A, 0xBC, 0x172, 0x29, 0x20, 0x151, 0x13B, 0x165, 0xCE,
    0x21, 0x15E, 0x58, 0x6E, 0xA0, 0xA2, 0xE, 0x106, 0x164, 0xB6, 0xB6, 0xB4,
    0xBC, 0x87, 0x174, 0x161, 0x14E, 0x176, 0xB0, 0x14E, 0x173, 0x16C, 0x16E, 0x14E,
    0x42, 0xF3, 0x89, 0x84, 0xD7, 0x84, 0x68, 0xE1, 0x96, 0xF, 0x172, 0x103,
    0x2E8E8, 0x59, 0x91, 0x16E, 0x172, 0x17F, 0xE, 0x172, 0x172, 0x54, 0x122, 0x131,
    0x54, 0x131, 0x131, 0x68, 0x45, 0x173, 0x7F, 0x5E, 0x7D, 0x15E, 0x153, 0x26,
    0x8A, 0x6, 0x12F, 0x42, 0x188, 0x93, 0x147, 0x5E, 0x42, 0xCC, 0x161, 0x7F,
    0x22, 0xEA, 0x8E, 0x18B, 0x172, 0xCC, 0x10E, 0x158, 0x12C, 0x11F, 0x16A, 0x8E,
    0x45, 0x188, 0x8A, 0x106, 0xF9, 0x5143B, 0x22906, 0xE, 0xE, 0x12D, 0x3B, 0x89,
    0x69, 0x64, 0x55, 0xE, 0x9F, 0x89, 0x11, 0x163, 0x3B, 0x71, 0x8A, 0x7D,
    0xCC, 0x71, 0x158, 0x93, 0x87, 0x87, 0x6F, 0x3C, 0xBC, 0xBC, 0x152, 0x84,
    0x18D, 0x84, 0x84, 0x172, 0x172, 0x172, 0x172, 0x17A, 0x17A, 0x12A, 0x166, 0x15B,
    0x14F, 0x16E, 0x16E, 0x178, 0x26, 0x17, 0x10, 0x45, 0x12, 0xF9, 0x176, 0xFC,
    0x188, 0x174, 0x26, 0x26, 0x197, 0x155, 0x87, 0xF5, 0x18E, 0x172, 0x159, 0x23,
    0xE, 0x42, 0xB7, 0x5E, 0x159, 0x18C, 0x34, 0x159, 0x8E, 0x3A, 0x15F, 0x16C,
    0x79, 0x16F, 0x81, 0xC0, 0x7E, 0x159, 0x25, 0x18D, 0x169, 0x8E, 0x151, 0x32,
    0x18D, 0xA9, 0x32, 0xFC3E, 0xF3, 0x15F, 0x49, 0x87, 0x21, 0x18D, 0x32, 0x18F,
    0xA9, 0x178, 0x164, 0x8C, 0x89, 0x131, 0x88, 0xF, 0x83, 0x5E, 0x16C, 0x15A,
    0xF5, 0x170, 0x15A, 0x15F, 0x18C, 0xFC, 0x14A, 0x3E, 0x18C, 0x18D, 0x11, 0x3E,
    0x27, 0x23, 0x8B, 0x84, 0x8B, 0x84, 0xC9, 0xBA, 0x162, 0xA, 0x10D, 0x165,
    0x165, 0xE, 0x172, 0xAD, 0x115, 0x3D, 0x47, 0x60, 0x87, 0x115, 0x115, 0x20,
    0x145, 0x148, 0x153, 0x61, 0x103, 0x131, 0x37, 0x18D, 0x159, 0xC6, 0x15F, 0x56,
    0x174, 0x14B, 0xD0, 0x15B, 0x18E, 0x27, 0x15E, 0x87, 0x15E, 0x15F, 0x88, 0x177,
    0x158, 0x32, 0x13C, 0xA2, 0x178, 0xF, 0x18D, 0x103, 0x36, 0x24, 0x144, 0x154,
    0x105, 0xE1, 0x85, 0x167, 0xE7, 0xA4, 0x161, 0x165, 0x98, 0x7F, 0x96, 0x59,
    0x81, 0x144, 0x13C, 0x15E, 0xF1, 0x21, 0x2D, 0x91, 0x172, 0xA, 0x22, 0xD0,
    0xF7, 0x19F, 0x183, 0x16F, 0x91, 0x8, 0xEA, 0xDA, 0x18C, 0xF2, 0x15, 0x14D,
    0x7F, 0x7F, 0x91, 0x39, 0xB2, 0x13B, 0x28, 0x42, 0x3A, 0x172, 0x151, 0x177,
    0x5E, 0x87, 0xF9, 0x166, 0x179, 0xE0, 0x6C, 0x5E, 0x15F, 0xE, 0x177, 0x108,
    0x16A, 0x32, 0x13, 0x83, 0x169, 0x29, 0xE, 0x133, 0x15F, 0x145, 0x176, 0x199,
    0x4D, 0xD3, 0x18D, 0x172, 0x131, 0xDD, 0x16C, 0x131, 0x15F, 0xAC, 0x7A, 0xA4,
    0xD4, 0x18D, 0x164, 0xB2, 0x14C, 0x83, 0x46, 0x76, 0x9E, 0x6F, 0x7A, 0x15F,
    0x8B, 0x133, 0x13B, 0x7F, 0x10C, 0x16F, 0x84, 0x84, 0x26, 0x88, 0x172, 0x167,
    0x6C, 0xB6, 0x84, 0x198, 0x169, 0x26, 0x12B, 0xEE, 0x79, 0x52, 0x9A, 0x49,
    0x14B, 0x68, 0x10E, 0x15F, 0x104, 0x17A, 0xF9, 0x9C, 0x3E, 0x84, 0x57850, 0x163,
    0x14F, 0x16E, 0x96, 0x1B, 0xDA, 0x17B, 0xC6, 0x176, 0x176, 0x179, 0xFA, 0xA6,
    0x107, 0x17A, 0x178, 0x151, 0x8C, 0x15F, 0x18A, 0xB6, 0x14A, 0x74, 0x76, 0x108,
    0x14A, 0x15, 0x172, 0x105, 0x84, 0x15F, 0xB, 0xC5, 0x172, 0x7A, 0x13C, 0x10E,
    0x25, 0xA5, 0x15E, 0x15E, 0x177, 0xB0, 0xB3, 0x82, 0x32, 0x172, 0x17A, 0xB0,
    0xE5, 0xDA, 0x50, 0x10F, 0x16A, 0x105, 0x15E, 0xD0, 0x32, 0x58, 0xB, 0x3E,
    0x36, 0x21, 0xCA, 0xB0, 0x87, 0x6D, 0x6D, 0x166, 0x3D, 0x103, 0x9E, 0x14B,
    0xBE, 0x15F, 0x97, 0x70, 0xE0, 0x10A, 0x28, 0x4E, 0x71, 0x187, 0x8E, 0x158,
    0x179, 0x8D, 0x87, 0xAA, 0x178, 0x86, 0x77, 0x10E, 0x145, 0x14A, 0x14A, 0xE4,
    0x159, 0x30, 0x7F, 0x85, 0x15F, 0x21, 0x165, 0x15A, 0x84, 0x50, 0x142, 0x199,
    0x89, 0x176, 0x44, 0x91, 0x18, 0x25, 0x3E, 0xB, 0x108, 0x18, 0x3B, 0x6D,
    0x4F, 0xDA, 0x17B, 0x162, 0x195, 0x46, 0x83, 0x2F, 0x10B, 0x114, 0x166, 0x1B,
    0xF, 0xD0, 0x199, 0x14A, 0x107, 0x28, 0xB, 0x16A, 0x15A, 0x64, 0x105, 0x15A,
    0x178, 0x178, 0xE, 0x16A, 0x82, 0xD0, 0xE, 0x172, 0xCD, 0x176, 0x96, 0x3C,
    0x173, 0x50, 0x24, 0xC7, 0x104, 0x9A, 0x178, 0x2, 0x108, 0x16E, 0xED, 0x61,
    0x17B, 0x199, 0x121, 0xAF, 0x59, 0x174, 0xA5, 0xA5, 0x10F, 0x68, 0x17B, 0x13E,
    0x13E, 0x103, 0x170, 0x13C, 0x83, 0x87, 0x6A, 0x91, 0x2D, 0xE0, 0x164, 0x96,
    0x18C, 0x176, 0x1A, 0x16C, 0x12F, 0x14, 0x96, 0x179, 0x15F, 0x85, 0x176, 0x16F,
    0xB0, 0x124, 0x147, 0x173, 0x31, 0x169, 0x42105, 0x144, 0x83, 0x17B, 0x12F, 0xD1,
    0x68, 0x12D, 0x32, 0xFC, 0xD5, 0xD5, 0x71, 0x26, 0x18, 0x18, 0x18, 0x36,
    0xD0, 0x148, 0x188, 0x14F, 0x5, 0x137, 0xC5, 0x6D, 0x10F, 0x180, 0x90, 0x84,
    0x96, 0xB2, 0xF1, 0x13C, 0x109, 0x173, 0xC0, 0x12B, 0x15A, 0x152, 0xC5, 0x105,
    0x12D, 0x176, 0x10A, 0x98, 0x42, 0x18D, 0xBB, 0x92, 0x103, 0x103, 0x178, 0xFF,
    0xB4, 0x32, 0x177, 0x27, 0x18D, 0x14F, 0x25, 0x103, 0x10D, 0xF9, 0xB, 0x11,
    0x10B, 0x8B, 0x184, 0x26, 0xB2, 0xFF, 0xA5, 0x84, 0x107, 0x25, 0x173, 0x173,
    0x15F, 0x15F, 0x3B, 0x145, 0x4F, 0x4D, 0x4D, 0x13E, 0x93, 0x1B, 0x163, 0x56,
    0x59, 0xAC, 0xAC, 0x27, 0x74, 0x103, 0x161, 0xD0, 0x8E, 0xB4, 0x15E, 0x18,
    0x93, 0x34, 0x161, 0x145, 0x130, 0xFA, 0x172, 0x29, 0x161, 0xDA, 0x3B, 0x145,
    0x8E, 0x13C, 0x74, 0x8B, 0x15A, 0x16A, 0x49, 0x109, 0x109, 0x91, 0x1A, 0x9C,
    0x164, 0x174, 0x5, 0xC7, 0x172, 0xB6, 0x125, 0x94, 0x81, 0xCA, 0xAA, 0x2,
    0xB6, 0x16E, 0xA7, 0x160, 0x26, 0x178, 0x173, 0x3A, 0xCB, 0x2, 0xCB, 0x4D,
    0x103, 0xD3, 0xAA, 0xCA, 0x28, 0x18D, 0xED, 0xED, 0x16E, 0x16F, 0x14, 0x18D,
    0xA4, 0xA4, 0x177, 0x5E, 0xB8, 0xCF, 0x25, 0x84, 0x20, 0xCB, 0xAA, 0x81,
    0x16A, 0x112, 0x20, 0x87, 0x91, 0x82, 0x12D, 0x172, 0xB2, 0xD8, 0xCC, 0x146,
    0x93, 0x62, 0x65062, 0x194, 0x64, 0x17A, 0x15E, 0x89, 0x43569, 0x133, 0x118, 0x15F,
    0x25, 0x15D, 0x8C, 0x64, 0x89, 0x106, 0x86, 0x106, 0x187, 0x49, 0x103, 0x17C88,
    0x46, 0x182, 0x88, 0x87, 0x18D, 0x97, 0x87, 0xA5, 0x60, 0x41, 0x187, 0x106,
    0x64, 0x89, 0x8C, 0x178, 0x89, 0x16E, 0xBC, 0x7F, 0x187, 0x15F, 0x15F, 0x30,
    0x3A, 0x10D, 0x7F, 0x7F, 0x7F, 0x50, 0x131, 0x14A, 0xC7, 0x7F, 0xB0, 0x57,
    0x142, 0x3EC0F, 0x44, 0x8F, 0x12B, 0x172, 0x172, 0x12A, 0x7F, 0x58, 0x16E, 0x132,
    0x132, 0x17, 0x5F185, 0x10C, 0xAD, 0x102, 0x3C806, 0x39, 0x116, 0x56, 0x11A, 0x17D,
    0x155, 0x188, 0x45, 0x18898, 0x178, 0xA0, 0x74, 0x12F, 0x1E, 0x155, 0x6A, 0x9F,
    0x15E, 0x40, 0x105, 0x18D, 0x115, 0xA7, 0xCA, 0x124, 0x16F, 0xE7, 0x8, 0x23,
    0x113, 0x15F, 0x105, 0x8, 0x88, 0x178, 0x5E, 0x5, 0x15F, 0xFA, 0x18D, 0x18D,
    0x50, 0x40, 0x189, 0x25, 0x87, 0x16E, 0xA4, 0xF, 0x22, 0x91, 0x15B, 0x7F,
    0x17A, 0x93, 0x6, 0x109, 0x3B, 0x18C, 0x17B, 0x158, 0xDB, 0x172, 0x133, 0x191,
    0x101, 0x150, 0x4A, 0x98, 0x4B58A, 0x101, 0x5E, 0xF6, 0x6, 0x5, 0x181, 0x152,
    0x9F, 0xBE, 0x106, 0x17B, 0x7F, 0xA, 0x13, 0x18D, 0xF9, 0xD8, 0x15, 0xFA,
    0x144, 0x170, 0x18B, 0x185, 0x16F, 0xA, 0x77, 0xE0, 0x171, 0x42, 0x26, 0xFA,
    0x88, 0x30CD3, 0xC9, 0x24, 0x16D, 0x28, 0x10D, 0xD0, 0x29, 0x88, 0x5E, 0x185,
    0x190, 0x3B, 0x1F, 0xD5, 0xE1, 0xA8, 0x5E, 0xF6, 0x8, 0xF3, 0xB6, 0xD6,
    0x6C, 0x105, 0x91, 0x50D55, 0x6, 0x155, 0x155, 0x39C05, 0x91, 0x197, 0xF4, 0x189,
    0x7, 0x7, 0x42, 0xE0, 0x91, 0xA7, 0xBA, 0x89, 0x104, 0x176, 0xAA, 0xE6,
    0x14, 0x61981, 0x105, 0x79, 0xA7, 0x131, 0x8C, 0x18C, 0xE5, 0x68, 0x68, 0x10E,
    0x136, 0x37, 0x5F97C, 0x99, 0x172, 0x164, 0x1B, 0x84, 0xFE, 0x192, 0x4B531, 0xD6,
    0x7, 0x26, 0x6B, 0x18D, 0xA7, 0x4F, 0x4F, 0x18D, 0x108, 0x3, 0xE8, 0x18B,
    0x64, 0x8B, 0xA1, 0x49, 0xD6, 0x14C, 0xB5, 0x185, 0xC0, 0x46, 0x156, 0x93,
    0xB5, 0x91, 0x18D, 0xBD, 0x16D, 0x15D, 0x143, 0x164, 0xDA, 0x3C, 0x8B, 0x18C,
    0x87, 0x84, 0x161, 0x178, 0x2, 0x155, 0xED, 0x38, 0x14, 0x67, 0x14A, 0x18B,
    0x25, 0x120, 0x50920, 0x9D, 0xC9, 0xE8, 0x91, 0xF9, 0x89, 0x172, 0x14E, 0x12A,
    0x11B, 0x158, 0x164, 0x1E, 0x5A, 0x8B, 0x15E, 0x94, 0x90, 0x14F, 0xA6, 0x86,
    0x151, 0x197, 0x101, 0x2FCC0, 0x6, 0x74, 0x12C, 0xE4, 0x92, 0x181, 0x133, 0x171,
    0x93, 0x15, 0x158, 0x15, 0x19E, 0x171, 0x186, 0xC0, 0x13D, 0x155, 0xAC, 0x141,
    0x9, 0x89, 0x82, 0x3D, 0x15A, 0x158, 0x109, 0xF9, 0x12D, 0xB5, 0xD0, 0xCA,
    0x5E, 0x7, 0x91, 0x3D, 0x15D, 0x2, 0x92, 0x17A, 0x199, 0x24, 0x2E, 0x8C,
    0x151, 0xC, 0xD6, 0xE1, 0x11F, 0x19F, 0x15D, 0x103, 0x161, 0x25, 0x44, 0x124,
    0xBE, 0x10A, 0x62, 0x4F, 0x132, 0x45, 0x101, 0x42, 0x188, 0x85, 0x87, 0x147,
    0x104, 0x103, 0xF3, 0x133, 0x105, 0xB7, 0x171, 0x16D, 0x93, 0x18C, 0xB3, 0x6B,
    0x172, 0x86, 0x16E, 0x18C, 0xC1, 0x17, 0x145, 0x23, 0x13, 0x8C, 0x14A, 0x9E,
    0x153, 0x16E, 0x38, 0x18F, 0x91, 0x14B, 0x105, 0x9C, 0x7, 0xF2, 0x8C, 0xBC,
    0x6C, 0xD1, 0x8C, 0x18D, 0x3B, 0xCB, 0x20, 0x124, 0x6D, 0xF9, 0x179, 0xED,
    0x89, 0x18C, 0x90, 0x89, 0x178, 0x16E, 0xA5, 0xD8, 0x7D, 0x119, 0xFA, 0x15A,
    0x121, 0x19A, 0x16A, 0xCE, 0x1094A, 0xE4, 0x1E, 0x131, 0x199, 0x18B, 0x172, 0x16C,
    0x176, 0xF, 0x16F, 0x82, 0x16E, 0x17E, 0x3, 0x169, 0x16D, 0x15D, 0x9A, 0x2B,
    0x87, 0x14A, 0xA8, 0xA8, 0x24, 0x96, 0x90, 0x90, 0x151, 0x8C, 0x84, 0x66,
    0x27, 0x163, 0x46, 0x164, 0x179, 0x105, 0x171, 0x1E, 0x185, 0xB, 0x170, 0x15A,
    0xD, 0xAA, 0x15B, 0x109, 0x20, 0x64, 0xBB, 0x199, 0x66, 0x8B, 0x69, 0x109,
    0x118, 0x10F, 0x28, 0x2B, 0x187, 0x141, 0x141, 0x14, 0x29, 0x118, 0x3E409, 0x38,
    0x124, 0x9A, 0x170, 0x3D, 0x18D, 0xEA, 0xA8, 0x89, 0x13D, 0x10C, 0x63, 0x161,
    0x13A, 0x123, 0x8D, 0xCF, 0x50, 0x2E, 0xED, 0x12A, 0x143, 0x185, 0x146, 0xF4,
    0x8, 0x39, 0xB0, 0x147, 0x7F, 0x18D, 0x156, 0x80, 0x105, 0x15B, 0x106, 0x14B,
    0x18B, 0x50, 0x164, 0xED, 0x10E, 0x1E, 0x185, 0x64, 0x15E, 0x52, 0x12D, 0x98,
    0x12D, 0x133, 0x7, 0x170, 0x12, 0x13D, 0x145, 0x120, 0x20, 0x142, 0x90, 0x27,
    0x2D, 0x6C, 0x13, 0x5A, 0x135, 0x42, 0x103, 0x13D, 0x186, 0xB2, 0x25, 0x26,
    0x6D, 0xBC, 0xBF, 0xBB, 0x199, 0x60, 0x7F, 0x185, 0x2D, 0x146, 0x80, 0x36,
    0xD7, 0x30CD3, 0x8A, 0x6F, 0x174, 0x18D, 0x5, 0x18D, 0xE4, 0xC5, 0x20, 0x9F,
    0x29, 0x12D, 0x152, 0x8B, 0xD3, 0xD3, 0x18A, 0x18, 0x9D, 0x10, 0x8A, 0x170,
    0x69, 0x105, 0xB4, 0x87, 0x174, 0x93, 0xFD, 0xFD, 0xAC, 0x4E, 0x161, 0x11C,
    0x6F, 0x17E, 0x172, 0x161, 0x25, 0x25, 0x120, 0xDA, 0x7D, 0x13B, 0x74, 0x6E,
    0x39, 0x19E, 0xE1, 0xB6, 0x18C, 0x84, 0x194, 0x8B, 0x87, 0x1A, 0x3B, 0x3B,
    0x23, 0x14, 0x23, 0x93, 0x5E, 0xB4, 0xC, 0x5E, 0x107, 0x14, 0x67C38, 0x197,
    0x193, 0x15A, 0x102, 0x109, 0x4E, 0xE1, 0x80, 0x164, 0xBC, 0x8B, 0x35, 0x143,
    0x74, 0x107, 0x15D, 0x89, 0x61, 0x176, 0xAE, 0xD9, 0xBC, 0x12A, 0x197, 0x181,
    0x102, 0x30, 0x87, 0x3C, 0x125, 0x1A, 0x10A, 0x10A, 0x82, 0x8C, 0x109, 0xA2,
    0x3B, 0x164, 0x95, 0xFA, 0x14, 0x5, 0x91, 0x171, 0x50, 0xCB, 0x13D, 0xCC,
    0x87, 0x144, 0x197, 0x3D, 0x166, 0xAA, 0x16, 0x91, 0x171, 0x11A, 0x171, 0x171,
    0xE0, 0x15D, 0x8C, 0x12, 0xE6, 0x64, 0x18D, 0x18D, 0xA7, 0xD3, 0x89, 0x164,
    0xB5, 0x145, 0x7, 0x13D, 0xBC, 0xC1, 0x113, 0x14A, 0xF4, 0x16F, 0xAE, 0x16,
    0x133, 0x17E, 0xE1, 0x161, 0x94, 0x86, 0xB0, 0xA8, 0x82, 0x174, 0xBC, 0xBA,
    0x105, 0x105, 0xD57E, 0x105, 0xAA, 0x161, 0x174, 0xC9, 0x112, 0x20, 0x15C, 0x35,
    0x164, 0x12D, 0xBF, 0x94, 0xCC, 0x26, 0x17E, 0xBD, 0x145, 0x19C, 0xB0, 0x44,
    0x156, 0x3C, 0x8B, 0x93, 0xAA, 0xB0, 0xD9, 0x18D, 0x6F, 0x6F, 0x103, 0x16C,
    0x102, 0x102, 0x132, 0x99, 0x177, 0x60, 0x172, 0x68, 0x61, 0x8, 0x57, 0x18C,
    0x100, 0x44, 0x9F, 0xD0, 0x15E, 0x6A, 0x77, 0x1B, 0x163, 0xCC, 0x29, 0x64,
    0x42, 0x169, 0x8B, 0xD0, 0x24, 0x90, 0x12F, 0x4F, 0x178, 0x26, 0x5, 0x7,
    0x169, 0x8B, 0x4F, 0xB2, 0xE4, 0xE, 0x21, 0x44, 0x4F, 0x172, 0x61, 0x122,
    0x9A, 0x16E, 0x4E, 0x87, 0x150, 0x163, 0x4F, 0x8B, 0x8E, 0x16F, 0x160, 0xD0,
    0x4E933, 0x2, 0x107, 0x2, 0x18C, 0x42, 0x18B, 0x5E, 0x133, 0xB4, 0x10D, 0x167,
    0x172, 0x8B, 0x12A, 0x8B, 0x197, 0x172, 0xB2, 0xE, 0xB0, 0x163, 0x163, 0x15B,
    0x16B, 0x103, 0x103, 0x186, 0x12, 0x93, 0x186, 0xAB, 0x58, 0x8, 0x8, 0xAA,
    0x178, 0xAA, 0x15A, 0x4A, 0x130, 0xB4, 0x88, 0x7F, 0x164, 0x88, 0x178, 0x18B,
    0x8B, 0x15D, 0x14C, 0x4A, 0x8D, 0x26, 0x173, 0x5E, 0x106, 0x187, 0x10D, 0x197,
    0x187, 0x4C, 0x38, 0x13B, 0x165, 0x197, 0x197, 0x109, 0xB6, 0x197, 0x29, 0x4C,
    0x190, 0x57, 0x20, 0x75, 0x178, 0x131, 0xF7, 0x177, 0xC9, 0xF5, 0x103, 0x187,
    0xC7, 0xC0, 0xF7, 0xFA, 0xB8, 0x5E, 0x57, 0x16A, 0x8E, 0x8E, 0xE0, 0x19B,
    0x189, 0x172, 0xB8, 0x12C, 0x89, 0x178, 0x172, 0x103, 0x18D, 0x56, 0xFC, 0x56,
    0x187, 0xA2, 0x140, 0x178, 0x34D5E, 0x87, 0x87, 0x87, 0x86, 0x117, 0x3B, 0x90,
    0x18D, 0x180, 0x164, 0x14C, 0x16C, 0x169, 0x5F, 0xA8, 0x61, 0x74, 0x144, 0x42,
    0x169, 0x20, 0x131, 0xA4, 0x16F, 0x131, 0x159, 0xD0, 0xD0, 0x154, 0x2F, 0x15E,
    0x17B, 0xB, 0x4, 0x181, 0x8, 0x8C, 0xA6, 0x130, 0x7F, 0x57, 0x76, 0x6F,
    0x21, 0x16A, 0xD1, 0x85, 0x59, 0x109, 0x7F, 0x172, 0x15F, 0x165, 0x16E, 0x181,
    0x57, 0x145, 0x12F, 0x91, 0x16F, 0x17E, 0x13, 0x166, 0x174, 0x16A, 0x100, 0x18B,
    0xB7, 0x2F, 0x76, 0xC9, 0x19F, 0xD3, 0xF, 0x169, 0x85, 0x189, 0x199, 0x131,
    0x131, 0x178, 0x58, 0x46, 0xC7, 0xE0, 0x21, 0x15B, 0x49, 0x2, 0x13, 0x4,
    0x18F, 0xBA, 0x161, 0xA4, 0x14C, 0x22, 0x131, 0x83, 0x83, 0x16A, 0xA5, 0x169,
    0x8B, 0x8D, 0x18D, 0x8D, 0x12B, 0x14F, 0x7D, 0x16E, 0x60, 0x162, 0x129, 0x163,
    0x171, 0x17B, 0x84, 0x74, 0x74, 0x94, 0x158, 0x161, 0xA6, 0x18F, 0x15F, 0x25,
    0x130, 0x15, 0x18A, 0x18A, 0x15E, 0x158, 0x84, 0x76, 0x24, 0x158, 0x14B, 0x197,
    0x19D, 0x18F, 0x102, 0x8E, 0x15F, 0x12A, 0xE0, 0x15F, 0x10A, 0x103, 0x8E, 0x6F,
    0x18C, 0x172, 0x18D, 0x3, 0x158, 0xB6, 0xB3, 0x21, 0x159, 0x163, 0x17E, 0x58,
    0x16A, 0x67, 0x172, 0x160, 0x17B, 0x84, 0x169, 0xD0, 0xA5, 0x171, 0x174, 0x133,
    0x15A, 0x133, 0x10A, 0xC7, 0xD8, 0x89, 0xEB, 0x3, 0x16F, 0x2F, 0x170, 0x142,
    0x102, 0xD1, 0x8B, 0x96, 0x63, 0x15C, 0x21, 0x103, 0x76, 0x16E, 0xB0, 0x2,
    0x87, 0x87, 0xCA, 0x17E, 0x164, 0x76, 0xD5, 0xD3, 0x32, 0xE0, 0x188, 0x84,
    0xA, 0x74, 0x16A, 0x2C, 0xB4, 0x161, 0x145, 0x8E, 0xFD, 0xB6, 0x154, 0x15F,
    0x172, 0x87, 0x83, 0x3A, 0x171, 0x171, 0xB0, 0x145, 0x14F, 0x163, 0x58, 0x12F,
    0x189, 0x76, 0x172, 0x162, 0x166, 0x12F, 0x8B, 0xA, 0x8E, 0x16E, 0x2, 0x171,
    0x11A, 0x133, 0xCB, 0x16C, 0x170, 0x2902, 0xB0, 0x24, 0xA4, 0x46, 0xB4, 0x16E,
    0x86, 0xBC, 0x15F, 0x118, 0xBA, 0xD9, 0xBF, 0xBD, 0x129, 0x146, 0x16E, 0x190,
    0x17A, 0x17A, 0x10D, 0x171, 0x67, 0x171, 0x7F, 0x77, 0x133, 0x1A, 0x1A, 0x130,
    0xC5, 0x1D, 0x6101D, 0x14A, 0x19D, 0x18, 0x169, 0x84, 0x173, 0x108, 0x59, 0xFA,
    0x17A, 0x177, 0x11C, 0xF9, 0x59, 0x5E, 0xB7, 0x58, 0x10D, 0x14A, 0xEE, 0x14C,
    0x13A, 0x18B, 0xAB, 0xAB, 0x19D, 0xD1, 0x83, 0x159, 0x154, 0x62422, 0x87, 0x21D03,
    0x174, 0x199, 0x159, 0x14F, 0xAB, 0xAC, 0xCB, 0xBA, 0xD5, 0x41, 0x15A, 0xD3,
    0xC, 0x185, 0x133, 0x64133, 0xD5, 0x190, 0x115, 0x6, 0x1003F102, 0x4F, 0x4F, 0x3D,
    0xB0, 0x6F, 0x87, 0x90, 0xE, 0x168, 0x25, 0x31, 0x128, 0x11A, 0x17C, 0x10E,
    0x105, 0x178, 0x61, 0x15E, 0x1E, 0x4A12A, 0x16C, 0x56, 0x15E, 0x198, 0xB0, 0x166,
    0x17, 0x37, 0x115, 0x10, 0x155, 0x42, 0x188, 0xC6, 0x26, 0x172, 0x60, 0x68,
    0x4B, 0xB0, 0x103, 0x133, 0x62, 0x14C, 0x8C, 0xCD, 0x158, 0xA9, 0x90, 0xC6,
    0x16F, 0xC3, 0xCE, 0x13B, 0x179, 0x75, 0x58, 0xB, 0x8C, 0x49, 0x63, 0x170,
    0x161, 0x29, 0x2F, 0xF2, 0x133, 0x80, 0x165, 0x39C28, 0x190, 0x28, 0x13C, 0x8,
    0x13C, 0x87, 0x15D, 0x8D, 0x69, 0x87, 0xC7, 0xFA, 0xE, 0x159, 0x4, 0x57,
    0x59, 0x172, 0x5E, 0xD8, 0x15F, 0x7F, 0x16D, 0x4A, 0x165, 0x18B, 0x170, 0xB6,
    0x11D, 0x50, 0xC9, 0x189, 0x71, 0x18D, 0x66432, 0x17B, 0x80, 0x130, 0x133, 0x180,
    0x42, 0xB0, 0xBC, 0x89, 0x25, 0x13C, 0x106, 0x5A, 0x187, 0x163, 0x161, 0xA0,
    0xFF, 0x144, 0x15F, 0x18D, 0x6C, 0x163, 0x88, 0x88, 0x24469, 0xA, 0xD3, 0x172,
    0x171, 0x171, 0x131, 0xE4, 0xE, 0x155, 0x172, 0xB7, 0x13, 0xE0, 0xA8, 0x77,
    0x8, 0x56, 0x18E, 0x3A, 0x31, 0x16F, 0x5E, 0x5007, 0xD4, 0x61, 0x103, 0x111,
    0x119, 0xC7, 0x12C, 0x13C, 0x18A, 0x160, 0x177, 0x12F, 0x2446F, 0x155, 0x67D85, 0xD8,
    0xE6, 0x176, 0x42, 0x18D, 0x185, 0x6141E, 0x3B, 0x6A, 0x15, 0x90, 0x5, 0x5E,
    0x89, 0x6, 0x4F, 0x9A, 0xD7, 0x190, 0xE, 0xB8, 0x1F, 0x12A, 0x13B, 0x190,
    0xF7, 0x131, 0x6C, 0x185, 0x170, 0x25, 0x90, 0x131, 0x18D, 0xB8, 0xC9, 0xB0,
    0x118, 0x4A985, 0x180, 0x10, 0x187, 0x18D, 0xBA, 0x49, 0xBC, 0x130, 0x5E8B0, 0xAA,
    0x176, 0x133, 0x16C, 0x136, 0x103, 0x18B, 0x103, 0xB0, 0x172, 0x162, 0x18B, 0xB0,
    0x125, 0x6B, 0x97, 0xC, 0x115, 0x22D63, 0x7, 0x115, 0x13, 0x198, 0x28, 0x172,
    0x31, 0x169, 0x190, 0x89, 0x19D, 0x54, 0x54, 0x177, 0x55, 0x68, 0x99, 0xAC,
    0x187, 0xB5, 0x173, 0x16F, 0x1FC77, 0x66, 0x172, 0x131, 0x64, 0x17D, 0xBD, 0x5E,
    0x8C, 0x7A, 0x6F, 0x147, 0x6E, 0x15A, 0xA4, 0x11A, 0x3, 0x3, 0x92, 0x172,
    0x197, 0xA0, 0x18D, 0x10B, 0x14F, 0x123, 0x123, 0x82, 0x8C, 0x90, 0x16B, 0x4F,
    0x195, 0x178, 0x17E, 0x0, 0x174, 0x8C, 0xB8, 0x187, 0x16D, 0x113, 0x18B, 0x3C,
    0x103, 0x107, 0x80, 0x2106F, 0x8A, 0x194, 0x16C, 0x142, 0x128, 0x18B, 0xB, 0x14E,
    0xA7, 0x8E, 0x5100, 0xC, 0x5E, 0x11D, 0x14F, 0x93, 0x15F, 0xAB, 0xB8, 0x5A,
    0x103, 0x15B, 0x94, 0x61, 0x13E, 0xB3, 0x10C, 0x14E, 0x177, 0xC9, 0x9, 0xBA,
    0xF9, 0x194, 0x42, 0x16A, 0x151, 0x180, 0x5, 0x6A, 0xE, 0x42, 0x74, 0x198,
    0x18D, 0x115, 0xB, 0x67, 0x89, 0x82, 0x158, 0xED, 0x88, 0x14C, 0x87, 0x163,
    0xC0, 0x85, 0x12C, 0x42424, 0x59, 0x13C, 0xCB, 0x15E, 0xB0, 0xB0, 0x4A, 0x109,
    0x174, 0x142, 0x91, 0x14A, 0x164, 0xA6, 0x197, 0x133, 0x20, 0x56, 0x15A, 0x8E,
    0xB0, 0x12, 0x160, 0x5C, 0x147, 0x18D, 0xA9, 0xB2, 0x89, 0x197, 0xB7, 0xB0,
    0x103, 0x13, 0xBE, 0x32, 0x105, 0xCD, 0x103, 0x103, 0x17, 0x70, 0x20, 0x3E,
    0x58, 0xF3, 0x9, 0xB, 0x85, 0x199, 0x25, 0x180, 0x87, 0xB0, 0xF9, 0x178,
    0x178, 0x6A, 0x94, 0x49, 0x146, 0x62, 0x159, 0x42, 0x38, 0x56, 0x25, 0x187,
    0x103, 0x179, 0x16E, 0x178, 0x10E, 0x172, 0x126, 0x115, 0x2E, 0x2DCAF, 0x103, 0x197,
    0x5E, 0x9A, 0xA9, 0x19A, 0x19A, 0x189, 0x6D, 0x59, 0x59, 0x912F, 0x10A, 0xE0,
    0x158, 0x71, 0xBC, 0x76, 0x8C, 0x172, 0x28, 0x91, 0x91, 0x25, 0x19F, 0xB3,
    0x106, 0x18D, 0x195, 0x16D, 0x91, 0xB, 0x8B, 0x197, 0x198, 0x12, 0xF9, 0x47,
    0x29, 0x21, 0xCA, 0x80, 0x89, 0x6F, 0x15F, 0x4B, 0x105, 0x3D, 0x6F, 0x44,
    0xBF, 0x18D, 0x10E, 0xD1, 0x5E, 0x67, 0xF9, 0x12A, 0x172, 0x155, 0x126, 0x4F,
    0x171, 0x5E, 0x15A, 0x15A, 0x4C, 0x88, 0x199, 0x89, 0x172, 0x12F, 0x15F, 0x16E,
    0x16E, 0x2C, 0x89, 0x2F, 0x178, 0x77, 0x185, 0x15D, 0xFB, 0xE, 0x170, 0x86,
    0x169, 0x11F, 0x16F, 0xA8, 0x16E, 0xC, 0x84, 0xA5, 0x8C, 0xA5, 0x13B, 0x5A,
    0x164, 0x155, 0x18D, 0x89, 0xD5, 0xC7, 0x29, 0x7F, 0x7F, 0xB2, 0xAF, 0x14E,
    0xD8, 0x178, 0x177, 0xC9, 0x13C, 0x16A, 0x16A, 0x16F, 0x18B, 0xFB, 0x46, 0x87,
    0x8C, 0x171, 0x29, 0x139, 0x178, 0x19A, 0x15A, 0xC9, 0x14A, 0x87, 0x8C, 0x23096,
    0x10C, 0x174, 0x119, 0x83, 0xBB, 0xAD, 0x10E, 0x162, 0xFE, 0x131, 0x60, 0x145,
    0xAA, 0x15B, 0x178, 0x24, 0xC0, 0x91, 0x12F, 0x29, 0xE, 0x164, 0x88, 0x172,
    0x187, 0x5E, 0xED, 0xCC, 0xAB, 0x118, 0x6A, 0x89, 0x91, 0x143, 0x170, 0x18B,
    0x9, 0x128, 0x179, 0x198, 0xD1, 0x13E, 0x88, 0x170, 0x8C, 0x83, 0x61, 0x58,
    0x185, 0x105, 0xC3, 0x141, 0x179, 0x164, 0x118, 0x131, 0x18D, 0x36, 0x15B, 0x14E,
    0xB8, 0x118, 0x146, 0x10F, 0x186, 0x13B, 0x130, 0x143, 0x9A, 0x15F, 0x6A, 0x103,
    0x63, 0x63, 0x141, 0xF4, 0x147, 0x64, 0x2F, 0x44, 0xE9, 0x87, 0x13A, 0x69,
    0x2E, 0x106, 0x1E, 0x105, 0x81, 0xC9, 0x169, 0x62, 0x63, 0x197, 0x155, 0x107,
    0x16F, 0x44, 0x88, 0x22497, 0x19D, 0x3D, 0xBA, 0x4C12, 0x190, 0x123, 0x15F, 0x87,
    0xB2, 0x84, 0x176, 0x105, 0x71, 0x60, 0x60, 0x152, 0x80, 0x103, 0x126, 0x36,
    0xF9, 0x177, 0x7F, 0x8A, 0x7F, 0x82, 0x6F, 0xE4, 0x172, 0x63, 0x98, 0x6F,
    0x6F, 0x1A, 0xC5, 0x8D, 0x42, 0x194, 0xAD, 0xAB, 0x24, 0x32, 0xB0, 0x168,
    0x10A, 0x137, 0x56, 0x14F, 0x6D, 0x181, 0x13E, 0xAE, 0xBC, 0xB3, 0xCC, 0xBB,
    0x22, 0x13E, 0x9A, 0x29, 0x146, 0x10, 0xBC, 0x90, 0x18A, 0x185, 0x133, 0x188,
    0xC5, 0x354D3, 0xE3, 0x16F, 0x14C, 0xF9, 0x190, 0x128, 0x15F, 0x10E, 0x7A, 0x89,
    0x32, 0x87, 0x16E, 0x106, 0x16B, 0x174, 0x54, 0x16C, 0x18D, 0x107, 0x19D, 0x32,
    0x102, 0x133, 0x80, 0xA5, 0x18B, 0x19E, 0x17A, 0x12A, 0x15F, 0x2F, 0x44, 0x55,
    0x61, 0xD3, 0x15E, 0x107, 0x113, 0xB6, 0xB8, 0x107, 0x161, 0x11E, 0x56, 0x187,
    0x155, 0xB4, 0x17B, 0x139, 0x4E, 0x25, 0x146, 0xCB, 0x91, 0x25, 0x13E, 0x93,
    0x93, 0x44, 0x84, 0x87, 0xED, 0x162, 0x155, 0xE6, 0x11D, 0x190, 0x14F, 0x184,
    0x59, 0x10B, 0x111, 0x7A, 0x105, 0x6A, 0xB8, 0xAC, 0x63, 0x29, 0x15F, 0x130,
    0x198, 0x122, 0x87, 0x4A, 0x8E, 0xBC, 0x89, 0x29, 0x179, 0x143, 0x133, 0x8A,
    0x145, 0xB6, 0xE8, 0x173, 0x15F, 0x84, 0x12A, 0x19D, 0x16A, 0x25, 0x61, 0x91,
    0x19D, 0x172, 0x109, 0x102, 0x16E, 0xAE, 0x5A, 0x84, 0x3C, 0x87, 0x140, 0x14,
    0xFF, 0x25, 0x29, 0x191, 0x6F, 0x87, 0x8C, 0x88, 0x10A, 0x186, 0x89, 0x106,
    0x3D, 0x172, 0x10, 0x13C, 0x12D, 0xB6, 0xB0, 0x1E, 0xCB, 0x173, 0x147, 0x144,
    0xCD, 0x103, 0x152, 0x12, 0x86, 0x87, 0x105, 0xE0, 0xE6, 0x172, 0x63, 0x97,
    0x173, 0xE9, 0x10A, 0x16E, 0x103, 0xCC, 0x189, 0x6F, 0x2F, 0x87, 0xA5, 0x100,
    0x41, 0x29, 0x64, 0xCD, 0x177, 0x18D, 0x83, 0x105, 0xAE, 0xAE, 0x120, 0xBC,
    0xB0, 0x35, 0xC0, 0xCF, 0x84, 0xF1, 0xC0, 0x18D, 0x63, 0x4B, 0x179, 0xB0,
    0x58, 0x197, 0x13D, 0xB2, 0x8A, 0x29, 0x10A, 0x190, 0xBC, 0x16E, 0xB0, 0x190,
    0x24, 0x8C, 0x50, 0x13E, 0x81, 0xE4, 0x178, 0xBA, 0xA9, 0x8B, 0x161, 0x6F,
    0x91, 0x163, 0xB7, 0x174, 0x89, 0x173, 0x177, 0x174, 0x162, 0xE8, 0x14, 0x20,
    0xAA, 0x91, 0x137, 0x12D, 0x15A, 0x32, 0x10E, 0x10D, 0x19, 0x90, 0x178, 0xBF,
    0xB0, 0x35, 0xBD, 0x3C, 0x93, 0x16E, 0xAA, 0xAA, 0x190, 0xAE, 0xB0, 0x6,
    0xD9, 0x178, 0xB7, 0x6E, 0x105, 0x31, 0x82, 0x165, 0x178, 0x172, 0x105, 0xF1,
    0x169, 0x22, 0x29, 0x103, 0x96, 0x172, 0x93, 0x15F, 0x169, 0x77, 0x178, 0xA5,
    0xAB, 0xA3, 0x13A, 0x15F, 0x14002, 0x103, 0x103, 0x169, 0x26, 0x109, 0xA3, 0x97,
    0xA3, 0x97, 0x2C, 0x128, 0x6B, 0x173, 0x165, 0x164, 0x178, 0x105, 0x163, 0x171,
    0x64, 0x15E, 0x145, 0x8D, 0xF1, 0x7F, 0x14A, 0x82, 0x169, 0xF8, 0x15F, 0x163,
    0x2A, 0x12D, 0x12A, 0x74, 0x29, 0x172, 0x50, 0x178, 0x30, 0x82, 0x18D, 0x18C,
    0x31, 0x15, 0x15E, 0x103, 0x15, 0x15, 0x157, 0x91, 0x105, 0x26, 0x125, 0x26,
    0x125, 0x18E, 0x140, 0x140, 0xB0, 0x181, 0x178, 0xB0, 0x6F, 0x3A, 0x50, 0x13B,
    0x89, 0x18A, 0xD3, 0xD3, 0x170, 0xD3, 0x34, 0x16F, 0x14B, 0x130, 0x3A, 0x12B,
    0x169, 0x16C, 0x133, 0x18, 0x93, 0xFC, 0x104, 0x10C, 0x13E, 0x10A, 0x17B, 0xB2,
    0x172, 0x5D, 0x4C58D, 0x171, 0x18, 0x85, 0x3B, 0x87, 0x46, 0x18B, 0x17B, 0x15B,
    0x28, 0x12, 0x14A, 0x8D, 0x12B, 0x173, 0x45, 0x90, 0x84, 0x35, 0x172, 0x3B,
    0x4B, 0x8A, 0xB2, 0x12, 0x4B, 0x89, 0x89, 0x133, 0xF1, 0x4C, 0x190, 0x5B973,
    0x10A, 0x172, 0x128, 0x107, 0x9A, 0x163, 0x16C, 0x44, 0x84, 0x84, 0x6A, 0x107,
    0x87, 0x172, 0xF1, 0x84, 0x4C, 0x172, 0x163, 0x15E, 0x6D, 0xD5, 0xC9, 0xC9,
    0x2, 0x8C, 0x4B, 0x178, 0xE, 0xE, 0xE, 0xFA, 0xFA, 0xE, 0x20, 0xC7,
    0x76, 0x17, 0xFA, 0xB5, 0x88, 0x187, 0x121, 0xD5, 0x155, 0x16C, 0x54, 0x118,
    0x161, 0x91, 0xD5, 0x76, 0x10C, 0x4A, 0x128, 0x145, 0xF7, 0x91, 0x4F, 0x36,
    0xE, 0x122, 0x122, 0xC7, 0x121, 0x133, 0x133, 0x155, 0x77, 0x89, 0x143, 0x122,
    0xC0, 0xD5, 0xC7, 0x14F, 0x118, 0x21, 0x102, 0xBC, 0x187, 0x124, 0x187, 0xCB,
    0xBC, 0x10D, 0x46, 0x63531, 0x42, 0xD0, 0x93, 0xC6, 0x103, 0xFD, 0xD7, 0x103,
    0x3D, 0x161, 0x2C, 0x59, 0x16F, 0xDC, 0x12, 0x5E, 0x12F, 0x49, 0x10A, 0x103,
    0x173, 0x15F, 0x73, 0x16F, 0x3, 0x16D, 0x9A, 0x10A, 0x16D, 0x49, 0x3B, 0xC0,
    0x10A, 0x16F, 0x17B, 0x17B, 0x138, 0x138, 0x18C, 0x13, 0x176, 0x3C, 0x138, 0xAD,
    0xE0, 0x154, 0x56, 0x90, 0x14E, 0x18D, 0x10C, 0x12, 0x181, 0xCD, 0x35, 0x84,
    0x45, 0x74, 0x1E, 0x197, 0x2C, 0x158, 0x56, 0x39, 0x15F, 0x155, 0xC6, 0x10C,
    0x103, 0x12A, 0xFE, 0x74, 0x105, 0x15E, 0x15E, 0x16C, 0x13B, 0x11A, 0x68, 0x8A,
    0x26, 0x15E, 0x151, 0x90, 0x146, 0x18D, 0x18D, 0x105, 0xCC, 0x6A, 0x159, 0x8E,
    0x8E, 0x11D, 0x94, 0x7D, 0x144, 0x10E, 0x87, 0xF, 0xF, 0x61, 0x15B, 0x18E,
    0x57, 0x167, 0x93, 0x7F, 0xE7, 0x103, 0x59, 0x169, 0x169, 0x109, 0x172, 0x15D,
    0x17B, 0x179, 0x75, 0x16E, 0x12F, 0x24, 0x3B, 0x177, 0x64C4E, 0x7F, 0x86, 0x103,
    0xD5, 0xEE, 0xC9, 0x50C39, 0xCD, 0xCC, 0x27, 0xF5, 0xE, 0x128, 0x18D, 0xF7,
    0xF4, 0x195, 0x17C, 0x69, 0xB8, 0x34CC9, 0x181, 0x5A, 0xF1, 0xB0, 0xBE, 0x19,
    0x5A, 0x15A, 0x7F, 0xD3, 0xC9, 0x133, 0x91, 0x17C, 0x155, 0x155, 0x155, 0x77,
    0xB0, 0xCC, 0x172, 0x55, 0x58, 0x177, 0x14B, 0x18D, 0x189, 0x6A, 0x187, 0x16E,
    0x13B, 0xA4, 0x8F, 0x91, 0x164, 0x10C, 0x172, 0x88, 0x18E, 0x10E, 0x5100, 0x84,
    0x38CC, 0xC, 0x181, 0x190, 0xAD, 0x177, 0x6A, 0x7D, 0x61, 0x55, 0xC7, 0x13B,
    0x7F, 0xFF, 0x31, 0x56, 0x18D, 0x13E, 0xE6, 0x25, 0xB7, 0xF6, 0x14, 0x103,
    0x13B, 0xE0, 0x91, 0x120, 0x190, 0x130, 0xAE, 0x16A, 0x93, 0x5E, 0xF4, 0xD0,
    0x144, 0x16F, 0x87, 0x176, 0x6D, 0xD, 0x16B, 0x4DCBA, 0xBC, 0x3B, 0xBF, 0x164,
    0x100, 0x181, 0x8E, 0x173, 0xF4, 0x8C, 0x171, 0x84, 0x84, 0x17D, 0x25, 0x173,
    0x15A, 0x7E, 0x89, 0x16F, 0xB5, 0x13B, 0x87, 0x54, 0x166, 0x5E, 0x120, 0x103,
    0x18D, 0x173, 0x15E, 0x5855F, 0x99, 0x190, 0x8A, 0xBF, 0xBF, 0x3, 0x53C49, 0x14A,
    0xD4, 0xAE, 0x172, 0xCC, 0x10E, 0x8D, 0x100, 0x15A, 0x163, 0x164, 0x7D, 0x169,
    0x13E, 0xA4, 0x147, 0x108, 0x91, 0x54, 0x18F, 0x11A, 0xFF, 0x16C, 0x167, 0x18D,
    0x6E, 0x82, 0xD1, 0x86, 0x156, 0x104, 0xF3, 0x15E, 0x10D, 0xB8, 0x172, 0x88,
    0x8E, 0x105, 0x8A, 0x8B, 0x18B, 0x131, 0x197, 0x1B, 0x55, 0x84, 0x87, 0xB8,
    0x20, 0x85, 0x5A47F, 0xE8, 0x16C, 0x8D, 0xB5, 0x10C, 0x15A, 0x18A, 0x5B094, 0x74,
    0x9, 0xC6, 0x197, 0x177, 0x15F, 0x14, 0x4A, 0x82, 0x7D, 0x172, 0x102, 0x174,
    0xAA, 0x76, 0xAB, 0x74, 0xB0, 0x67, 0x5E, 0x15E, 0x2C0B2, 0x2F, 0x5A, 0x172,
    0x178, 0x14F, 0xAC, 0x73, 0x8D, 0x88, 0x27, 0x8F, 0xC9, 0x140, 0x25, 0xF7,
    0x161, 0x12F, 0x151, 0xA6, 0xFF, 0xE4, 0x74, 0x8E, 0x163, 0x12D, 0xE1, 0x151,
    0x9D76, 0x163, 0x161, 0x14E, 0x50, 0x13E, 0x154, 0x92, 0x1C, 0x14A, 0xB0, 0x138,
    0x13B, 0xAE, 0x138, 0x147, 0x4B, 0xAC, 0xA9, 0xB2, 0x15A, 0x1C55D, 0x17B, 0x82,
    0x42, 0x7A, 0x11E, 0x89, 0x188, 0x125, 0x5E, 0x6D, 0x166, 0x132, 0x136, 0x16D,
    0x30, 0x188, 0x171, 0x9E, 0x179, 0x74, 0x155, 0x49, 0x77, 0x15D, 0x91, 0x12D,
    0xB3, 0x85, 0x143, 0x197, 0x44, 0x108, 0x3E, 0x92, 0x198, 0x15F, 0x163, 0x103,
    0x6A, 0x71, 0x16E, 0xB6, 0x146, 0x18F, 0xF9, 0x76, 0x21, 0x133, 0x103, 0x57,
    0x18D, 0xBC, 0xDA, 0x91, 0x147, 0x32, 0xAE, 0x18A, 0xF9, 0x58, 0x13C, 0x14B,
    0xFA, 0x3B, 0x178, 0xE0, 0x178, 0xBC, 0x61, 0xCC, 0x8E, 0xB7, 0xBE, 0x173,
    0x36, 0x10D, 0x81, 0x178, 0xE1, 0x12F, 0x10, 0x2F, 0x7F, 0x179, 0xA9, 0x85,
    0x10A, 0x16E, 0x105, 0x14B, 0xCE, 0x18D, 0x173, 0x14, 0xC, 0x179, 0x15B, 0x11F,
    0x58, 0x10A, 0x179, 0x9A, 0x87, 0x12D, 0x179, 0x125, 0xBC, 0x198, 0x4B, 0x172,
    0x89, 0xCD, 0xF3, 0x15F, 0x178, 0x179, 0x12F, 0x12F, 0x119, 0x82, 0x190, 0x89,
    0xEB, 0x178, 0x10C, 0x14E, 0x10D, 0x4B, 0x56, 0x185, 0x14, 0x15D, 0x15D, 0x42,
    0x15A, 0x15B, 0x11A, 0x164, 0x1B, 0x15A, 0x77, 0x62, 0x16E, 0x7D, 0x16A, 0xCC,
    0x9A, 0xC7, 0x174, 0x16E, 0x177, 0x7D, 0xCE, 0x130, 0xC9, 0x17D, 0x85, 0xD7,
    0x6F, 0x26, 0x50, 0xF3, 0xC9, 0xB2, 0x103, 0x103, 0xC9, 0x14B, 0x33, 0x15A,
    0x18, 0x152, 0xCD, 0x84, 0xD3, 0x169, 0x87, 0xF8, 0x89, 0x89, 0x7F, 0x5A,
    0x162, 0x172, 0x173, 0x187, 0x131, 0x8C, 0x18B, 0x83, 0x145, 0x178, 0xE, 0xD0,
    0x131, 0x151, 0x130, 0x176, 0x91, 0x49, 0x152, 0x4308B, 0x8B, 0x10C, 0x16E, 0x146,
    0xBA, 0x86, 0x179, 0xD8, 0x8, 0x177, 0x10E, 0x194, 0xB3, 0x20, 0x161, 0x2F,
    0xE4, 0x198, 0x158, 0x131, 0xC5, 0x174, 0xA8, 0x210A5, 0x5A, 0x89, 0x169, 0xBB,
    0x15A, 0x60, 0x14, 0x174, 0x100, 0x8D, 0x16E, 0x146, 0x179, 0x142, 0x179, 0xB2,
    0x170, 0xCB, 0x196, 0x25, 0x9A, 0x144, 0x39, 0x156, 0xB8, 0x69, 0x124, 0xD1,
    0x185, 0x131, 0x172, 0xBE, 0xC3, 0x102, 0x15A, 0xB0, 0x17D, 0x15E, 0x15F, 0x15B,
    0x106, 0x181, 0x131, 0x13E, 0x2, 0x109, 0x13D, 0x17B, 0x168, 0x173, 0x118, 0x85,
    0x13E, 0x142, 0xE0, 0x143, 0x131, 0x11A, 0x2, 0xF4, 0x29, 0x29, 0xF5, 0x15C,
    0x19, 0xCF, 0x64, 0x44, 0x76, 0x83, 0x15F, 0x198, 0x42, 0x18D, 0x166, 0x5E,
    0x8C, 0x80, 0x64, 0x198, 0x147, 0x149, 0x140, 0xE, 0x8B, 0x84, 0x70, 0x173,
    0x63, 0xBA, 0x18D, 0x16E, 0x12D, 0xC5, 0x174, 0x2F, 0xC0, 0xAA, 0xBD, 0x163,
    0x12, 0x145, 0x178, 0x168, 0x7F, 0xE, 0x10, 0x18D, 0x8A, 0x9F, 0x12F, 0x12B,
    0x42, 0xCC, 0x5, 0xBC, 0x7F, 0x7F, 0x177, 0x20, 0x56, 0x176, 0x70, 0xC5,
    0x10A, 0x178, 0xFC, 0x87, 0x16D, 0x22, 0x103, 0x15F, 0x87, 0xBC, 0xBB, 0xBA,
    0x8D, 0x71, 0x32, 0xBB, 0x18D, 0x60, 0x106, 0xB0, 0x16E, 0x1A, 0x8B, 0x32,
    0x2F, 0x152, 0xF1, 0x149, 0x171, 0x15F, 0xCC, 0x146, 0xD3, 0x12B, 0x74, 0xB2,
    0xAA, 0x156, 0x26, 0x61, 0x5A, 0x16A, 0x172, 0xC5, 0x198, 0xC6, 0x98, 0xBF,
    0xF9, 0x133, 0x188, 0x188, 0x4DC27, 0x169, 0x82, 0x86, 0x89, 0x16E, 0x137, 0xB4,
    0x36, 0x14A, 0x16F, 0x8A, 0x32, 0x174, 0x7D, 0x168, 0x133, 0x6D, 0x174, 0x163,
    0x199, 0xA6, 0x169, 0xB2, 0x18D, 0x15A, 0xFA, 0x178, 0x8B, 0x100, 0x3C, 0x84,
    0x8C, 0x15E, 0xF2, 0x87, 0xF4, 0x15A, 0x13E, 0x105, 0x105, 0x15F, 0xBC, 0x15F,
    0x16C, 0x4E, 0x83, 0xD0, 0x11E, 0x13E, 0xB4, 0x18B, 0x32, 0x172, 0x18A, 0x158,
    0x12A, 0x145, 0x22, 0x16C, 0xA5, 0x171, 0x12C, 0x151, 0x190, 0x120, 0x78, 0xE,
    0x12A, 0x20, 0x20, 0x133, 0x14F, 0x102, 0xB6, 0x15A, 0x125, 0x125, 0x25, 0x8F,
    0x10425, 0x80, 0x8B, 0xAC, 0x23, 0x61, 0x37, 0x7D, 0x13B, 0x133, 0xF9, 0x74,
    0x17B, 0xB8, 0x7D, 0x5E, 0x76, 0x77, 0x161, 0x89, 0x12A, 0x15F, 0x178, 0xBC,
    0xAA, 0xE6, 0x178, 0xB6, 0xCD, 0x180, 0x3C, 0x82, 0x181, 0x164, 0x178, 0xB0,
    0x131, 0x16B, 0xB7, 0x158, 0x198, 0x176, 0x84, 0x18, 0xB2, 0x44, 0x171, 0x5,
    0x82, 0x18B, 0x20, 0xC5, 0x3B, 0x5143B, 0x172, 0x140, 0xFA, 0x91, 0x143, 0x109,
    0x87, 0x197, 0xB2, 0xE8, 0x71, 0x8D, 0x59, 0x125, 0x87, 0x140, 0x84, 0x29,
    0x143, 0x13C, 0x47, 0x125, 0x190, 0xA9, 0x12, 0xB2, 0xCC, 0x131, 0x133, 0xCC,
    0xE6, 0x174, 0x174, 0xCB, 0x8D, 0x103, 0xE, 0x87, 0x76, 0x11A, 0x36, 0x15D,
    0x147, 0x173, 0x173, 0x4D, 0x31, 0x86, 0x10A, 0xAA, 0x94, 0x2, 0x102, 0x197,
    0x15A, 0x12, 0x6A, 0x105, 0x174, 0x12, 0xA7, 0x58, 0x19, 0xC8, 0x89, 0x15A,
    0xBF, 0x17E, 0xC0, 0xB0, 0x177, 0x16F, 0xBC, 0x13B, 0x18D, 0x174, 0x4B, 0x159,
    0x84, 0x164, 0xF4, 0x12F, 0x10, 0x20, 0xD3, 0xB8, 0x89, 0x2902, 0x125, 0x25,
    0x6A, 0x12, 0x86, 0x161, 0xBC, 0x109, 0x74, 0x174, 0x118, 0xB0, 0x8E, 0x163,
    0x174, 0x140, 0x15A, 0x164, 0x81, 0x16B, 0x190, 0xBA, 0xA9, 0x4D, 0x56, 0x7F,
    0xA9, 0x133, 0xB7, 0x174, 0xCC, 0x87, 0xB2, 0x89, 0x174, 0x59, 0xB6, 0x172,
    0x89, 0x17A, 0x20, 0x3A, 0x112, 0x89, 0xAA, 0x56, 0x137, 0x179, 0x197, 0x5A,
    0x12D, 0xAE, 0xAA, 0x32, 0x10D, 0x176, 0x105, 0x55, 0x6D, 0x93, 0x16E, 0x76,
    0x174, 0x120, 0x17E, 0xBD, 0x16E, 0xB0, 0xCC, 0x12A, 0x145, 0x3C, 0x8B, 0x20,
    0x174, 0x76, 0x6, 0x190, 0xAA, 0xAA, 0xD9, 0x158, 0xBD, 0x16C, 0x161, 0x16E,
    0x61, 0x16E, 0x178, 0x86, 0x10, 0xCF, 0x6E, 0x41, 0x84, 0x163, 0x163, 0x84,
    0x7D, 0xB7, 0x180, 0x193, 0x90, 0x185, 0x164, 0x26, 0x197, 0x17D, 0x17D, 0x18,
    0x16F, 0x103, 0x18E, 0x59, 0xE7, 0x1BC8F, 0x15B, 0x102, 0x172, 0xBC, 0x2E, 0xFA,
    0x96, 0xF4, 0x16E, 0x96, 0xF5, 0xD5, 0x22, 0xB4, 0x10F, 0x98, 0x4E, 0x6E,
    0x165, 0x18D, 0x6E, 0x6E, 0x15A, 0x106, 0xF, 0x39, 0x160, 0x18C, 0x190, 0x9A,
    0x189, 0x5E, 0x6, 0x164, 0x164, 0xB7, 0x197, 0x16A, 0x91, 0x145, 0x28F6, 0x8F,
    0xF6, 0x144, 0x144, 0x13, 0x16F, 0x14F, 0x12A, 0x190, 0x185, 0x44, 0x15A, 0x131,
    0xB2, 0x26, 0x83, 0x18F, 0x7F, 0x13A, 0xAA, 0x14E, 0x8B, 0x169, 0x7A, 0x10E,
    0xB5, 0x82, 0x16F, 0x168, 0x168, 0x161, 0x173, 0x15E, 0x18F, 0x170, 0x131, 0x15A,
    0x14F, 0xCF, 0x17D, 0x96, 0x7D, 0x2FCAC, 0x160, 0x190, 0x16A, 0x18C, 0x100, 0x16E,
    0x84, 0x6E, 0x23, 0x84, 0x99, 0x91, 0x56, 0x12C, 0x171, 0x84, 0x0, 0x146,
    0x8D, 0x114, 0xB5, 0x15F, 0x5E, 0x8F, 0x164, 0x102, 0x14E, 0x197, 0x14E, 0x158,
    0x73, 0xF9, 0xAB, 0x12A, 0x169, 0x5A, 0x26, 0x118, 0x7F, 0x15F, 0x133, 0x77,
    0x16C, 0xA0, 0x92, 0x163, 0x15F, 0x16E, 0x74, 0x194, 0x43494, 0x42, 0x164, 0x87,
    0x15E, 0x16E, 0xC0, 0x74, 0x16E, 0x82, 0xCA, 0x91, 0x147, 0xB, 0x59, 0xB6,
    0xA6, 0x85, 0x154, 0x15F, 0x36, 0x15E, 0x7D, 0x22, 0x5E, 0x15D, 0x8B, 0x32,
    0x5A, 0xFF, 0x10B, 0x11F, 0x15F, 0x10B, 0x165, 0x22, 0x16E, 0x16E, 0x172, 0x93,
    0x178, 0x62, 0x111, 0xFA, 0x167, 0x62, 0x130, 0x21, 0x12C, 0x167, 0xE1, 0x67,
    0x15A, 0x24, 0x77, 0xA5, 0x18E, 0x4C, 0x160, 0x84, 0x5A, 0xB2, 0x16A, 0x166,
    0x83, 0x8B, 0x89, 0xE, 0x174, 0x190, 0x15A, 0x152, 0x12A, 0x15F, 0xEB, 0xEB,
    0x20, 0x16E, 0x8F, 0x8F, 0x178, 0xC9, 0x128, 0x15A, 0x185, 0x8D, 0x10B, 0x119,
    0xC9, 0x82, 0x169, 0x189, 0x15A, 0x56, 0x10C, 0x140, 0x16F, 0xB5, 0x190, 0x8C,
    0x180, 0x6B, 0xA, 0x7F, 0x17B, 0xD8, 0x131, 0xB3, 0xF, 0x69, 0x153, 0x146,
    0x22, 0x12A, 0x52, 0x14, 0x83, 0x164, 0x15F, 0x15E, 0x15F, 0x17B, 0x77, 0x77,
    0x15F, 0x17B, 0x167, 0xD7, 0x12A, 0x10B, 0x170, 0x16C, 0xCC, 0xB2, 0x174, 0x15E,
    0x118, 0x68, 0x16E, 0x106, 0xB8, 0x15F, 0xE, 0x10, 0x32, 0xBC, 0x89, 0x4C933,
    0x172, 0xBB, 0xF9, 0x140, 0x172, 0x149, 0x93, 0x199, 0x5E17B, 0x7F, 0x172, 0x18D,
    0x5, 0x15A, 0xB8, 0x74, 0xF1, 0x114, 0x8F, 0xC5, 0xA6, 0x12B, 0x35, 0x184,
    0x89, 0x15F, 0x15F, 0x15F, 0x172, 0x163, 0x26, 0x83, 0x20, 0x171, 0x145, 0x111,
    0x16E, 0x16C, 0x107, 0x94, 0x41, 0x4E, 0x12F, 0x8B, 0x59, 0x13B, 0xB4, 0x178,
    0xB6, 0x14F, 0x12C, 0x59, 0x56, 0x16E, 0x16C, 0xAA, 0xC9, 0x146, 0x172, 0x8F,
    0xCA, 0x8E, 0x8B, 0x174, 0x178, 0x172, 0x16B, 0xAA, 0x144, 0x180, 0x18, 0x140,
    0x15F, 0x10F, 0x199, 0xB2, 0x84, 0x190, 0x164, 0xB7, 0x15A, 0x172, 0x164, 0x189,
    0x84, 0x39, 0xE8, 0xAA, 0x11A, 0x161, 0x77, 0x16C, 0x8D, 0x28, 0x3D, 0x170,
    0x77, 0xAA, 0x10, 0x118, 0xB0, 0xD3, 0xA, 0x11F, 0xC0, 0xA8, 0x5, 0x16C,
    0xA4, 0x13A, 0xB4, 0xB0, 0xBC, 0x93, 0xB4, 0x16E, 0x15F, 0x164, 0xBA, 0x171,
    0x18, 0x112, 0x17A, 0xAA, 0x32, 0x93, 0x27, 0x6D, 0x91, 0x23, 0xCC, 0x146,
    0xAA, 0x190, 0xAA, 0xB7, 0x35, 0x178, 0x64589, 0x189, 0xF2, 0x18C, 0xF6, 0x25,
    0x179, 0x2, 0x15A, 0x74, 0x93, 0x93, 0x5E, 0x171, 0x6, 0x46, 0x171, 0x170,
    0x19B, 0x137, 0x54, 0xF4, 0x2D, 0x9A, 0x17F, 0x46, 0x106, 0x176, 0x106, 0xFB,
    0x8, 0xF4, 0x22, 0x89, 0xF3, 0x4B, 0x2D, 0x178, 0x185, 0xF, 0x46, 0x9,
    0x14, 0x2D, 0x177, 0x177, 0x4B, 0x16D, 0x25, 0xE7, 0xE7, 0xFE, 0x90, 0x354D4,
    0x143, 0xD5, 0xAC, 0x115, 0xC6, 0x57, 0xC7, 0xD5, 0x62, 0x15E, 0x16E, 0x64,
    0xB, 0x13B, 0x89, 0x6A, 0x177, 0x64, 0x130, 0xD5, 0x42, 0x105, 0x10E, 0x10E,
    0x198, 0x148, 0x15F, 0xC6, 0x9D, 0x105, 0x15E, 0x6A, 0x15F, 0xB0, 0xB0, 0x101,
    0x87, 0x62, 0x18D, 0xC, 0x10E, 0x2F, 0x4B, 0x91, 0x88, 0x41489, 0x5A, 0xFB,
    0x9A, 0x91, 0x99, 0x29, 0x15F, 0xB, 0xBF, 0x8C, 0xC3, 0x122, 0x15A, 0xC7,
    0x4E, 0x14F, 0x107, 0x8A, 0x15F, 0xB0, 0x4B, 0xB5, 0xF3, 0xFC, 0x14, 0x15F,
    0x28, 0x15A, 0xA5, 0x28, 0x10E, 0x10E, 0x6, 0x56, 0x10C, 0x87, 0x1F, 0x197,
    0x1D003, 0x64, 0x194, 0x6E, 0xC3, 0x177, 0x98, 0x14, 0x7E, 0x16D, 0x173, 0x82,
    0x194, 0x17B, 0xA4, 0xE7, 0x42, 0xA4, 0x18E, 0xD5, 0xB, 0xFA, 0x91, 0x172,
    0x130, 0xF6, 0x160, 0x155, 0x7F, 0xB7, 0x58, 0xFA, 0xE0, 0x170, 0x177, 0x69,
    0x16B, 0x91, 0x3B, 0x14, 0xA0, 0x161, 0xE6, 0x82, 0x79, 0x8B, 0x77, 0x189,
    0x87, 0x16C, 0x12A, 0x143, 0x118, 0x132, 0x14F, 0xAC, 0x4B, 0x160, 0x131, 0xA2,
    0x18C, 0x178, 0x141, 0x178, 0xE, 0xC6, 0x15F, 0x92, 0xB0, 0x160, 0x173, 0x13F,
    0xAB, 0xB, 0x18D, 0x16E, 0x128, 0xB0, 0x74, 0x161, 0x8E, 0xF3, 0x58, 0x163,
    0x7, 0x103, 0xE0, 0x10, 0x173, 0xA9, 0xB5, 0x89, 0x106, 0xA6, 0x16E, 0x71,
    0x199, 0xCC, 0x21, 0x172, 0x18D, 0x18C, 0x16D, 0xCB, 0x17, 0x34, 0x12D, 0xB5,
    0x44, 0xBF, 0x7F, 0x199, 0x6F, 0x15A, 0x5A, 0x15D, 0x179, 0x166, 0x190, 0xC7,
    0x15A, 0x2C, 0x161, 0x152, 0x16D, 0xDA, 0x164, 0x88, 0x7E, 0xF, 0x177, 0x177,
    0xC9, 0x1E, 0x170, 0x141, 0x14, 0xD1, 0x80, 0x179, 0x13D, 0xC3, 0x179, 0x3A,
    0x178, 0x131, 0x76, 0x106, 0x172, 0x18B, 0x19, 0x76, 0xC5, 0x8E, 0x8A, 0xD3,
    0x188, 0x20, 0x5, 0x5, 0x76, 0x36, 0xC, 0x93, 0xE, 0xE, 0x83, 0x102,
    0xB6, 0x169, 0x14F, 0x170, 0xB4, 0x13A, 0x163, 0x132, 0x4E, 0x8B, 0x64, 0x92,
    0x4B, 0x84, 0xA2, 0x161, 0x164, 0x143, 0x161, 0x16C, 0xE6, 0xF, 0x86, 0xE9,
    0xCB, 0xB5, 0xDA, 0x6E, 0x132, 0xBC, 0x143, 0x161, 0xCC, 0x112, 0x82, 0xDA,
    0xBF, 0x161, 0x103, 0x93, 0x16A, 0xCE, 0x198, 0x4D4C0, 0xBC, 0x178, 0x13E, 0x159,
    0x10C, 0x5F, 0x47, 0xAD, 0x6, 0x87, 0x7D, 0x42, 0x2C, 0x61, 0x90, 0x178,
    0x103, 0x178, 0x16F, 0xC3, 0x7D, 0x15E, 0x5E, 0x15B, 0x8C, 0x16D, 0x16412, 0xF,
    0x9, 0x17A, 0x93, 0xCA, 0x93, 0x158, 0x89, 0xC9, 0x3B, 0xFE, 0x15A, 0x82,
    0x161, 0x106, 0xB7, 0x3A, 0x172, 0x3, 0xFF, 0x44, 0x5E, 0x16A, 0x15F, 0x14,
    0x31, 0x69, 0x88, 0x12C, 0x100, 0x31, 0x9A, 0x111, 0x130, 0x12F, 0x172, 0x19B,
    0x88, 0xD0, 0x12A, 0xB8, 0xE, 0x18B, 0x18B, 0x93, 0x55, 0xBA, 0x8D, 0x8B,
    0x89, 0xB0, 0x6E, 0x161, 0x18F, 0x68, 0x16E, 0x168, 0x16F, 0x169, 0xBF, 0x13E,
    0x190, 0x109, 0x173, 0x16C, 0xA, 0x54, 0x162, 0x170, 0x160, 0x7A, 0x6F, 0x27,
    0x169, 0x8, 0xF7, 0xAC, 0x3C, 0x174, 0x85, 0x15B, 0x50, 0x25, 0x42, 0x15E,
    0x15E, 0x25, 0x94, 0xC9, 0xB, 0x14E, 0x161, 0x29, 0x74, 0x16A, 0x16E, 0x10C,
    0x16A, 0xAB, 0xB0, 0x168, 0x5E, 0xB8, 0x16D, 0x15F, 0xB7, 0xB0, 0x8D, 0xB2,
    0x142, 0x142, 0x5A, 0x158, 0x44, 0xFE, 0x187, 0x125, 0xD0, 0x178, 0x91, 0x24,
    0xA9, 0xD0, 0x130, 0x15A, 0x14B, 0x29, 0x65D9F, 0xD, 0x25, 0x7F, 0x103, 0x50,
    0xA6, 0x21, 0x103, 0xD, 0x158, 0xBC, 0x32, 0x6D, 0x16E, 0x45, 0xB, 0xB6,
    0x109, 0xFA, 0xF2, 0x10F, 0x197, 0x109, 0x55, 0x8D, 0x10B, 0x4B, 0x8C, 0x85,
    0x178, 0xC7, 0xC9, 0x2F, 0x16A, 0x14A, 0x166, 0x3A, 0x119, 0xD0, 0x89, 0x15A,
    0x11C, 0x82, 0x164, 0x2C, 0x89, 0x193, 0x21, 0xB2, 0x10E, 0x160, 0x4C, 0x179,
    0x16D, 0xDA, 0x7F, 0x174, 0x178, 0x83, 0x11D, 0x125, 0xB8, 0x131, 0x118, 0x142,
    0x170, 0x15B, 0x15E, 0x18B, 0x8D, 0x174, 0xC3, 0x147, 0xB8, 0x146, 0xB0, 0xAB,
    0x6F, 0x14B, 0x106, 0x38, 0x93, 0x189, 0x170, 0x2, 0x12, 0x133, 0x21, 0xA6,
    0x193, 0x32, 0x8D, 0x172, 0x36, 0x32, 0x103, 0xB0, 0x8E, 0x142, 0x10C, 0x16A,
    0x5, 0xB2, 0xCA, 0x188, 0x173, 0x171, 0x174, 0x15A, 0xBC, 0x15E, 0x41, 0x168,
    0x184, 0x16C, 0x10D, 0x3C, 0xB6, 0xB4, 0x10B, 0x13E, 0x83, 0x6F, 0x102, 0x8E,
    0x56, 0x8D, 0xB8, 0x87, 0x84, 0x8E, 0x2, 0xE, 0x18, 0x10D, 0x180, 0x3C,
    0x8B, 0x70, 0x145, 0x84, 0x82, 0x125, 0x140, 0x14B, 0x29, 0x178, 0x8D, 0xBC,
    0x12, 0x133, 0x15B, 0x19D, 0xAA, 0x15F, 0x198, 0x16A, 0x11C, 0x15D, 0x60, 0xAE,
    0x4B, 0xB0, 0x18D, 0x119, 0xB0, 0x17E, 0x10B, 0x14A, 0x6F, 0x140, 0xA8, 0xBA,
    0xBC, 0xB0, 0x17E, 0xAA, 0x174, 0xCC, 0x162, 0x10B, 0x6D, 0x3D, 0x17E, 0x82,
    0x6B, 0x14, 0x46, 0x14, 0x7F, 0x18D, 0xFC, 0x8, 0x112, 0xB0, 0x156, 0x0,
    0x162, 0x105, 0x8, 0xF8, 0x57, 0x3B, 0x15C, 0xF1, 0x0, 0x0, 0x156, 0x7F,
    0xB7, 0x172, 0xFF, 0x31, 0x7, 0x92, 0x21, 0x26, 0x0, 0x3C, 0xCB, 0x15,
    0x195, 0xFF, 0xF, 0x18F, 0x18B, 0x0, 0x31, 0x174, 0x103, 0x161, 0xBB, 0x42,
    0xF1, 0xCB, 0x193, 0xD, 0xB6, 0x184, 0x15E, 0xFA, 0x3B, 0x15C, 0x174, 0x16E,
    0x61, 0x3A, 0x12F, 0x14B, 0x14B, 0x74, 0x21, 0x130, 0x10A, 0x12F, 0x20, 0x20,
    0x11D, 0x130, 0x13E, 0x12F, 0x176, 0x135, 0xBC, 0x5E, 0x176, 0xD, 0x5A, 0xE6,
    0x14B, 0x177, 0x88, 0x12F, 0x185, 0x44, 0x5E, 0xD8, 0x44, 0xFF, 0x47, 0x80,
    0x14E, 0x18B, 0x17D, 0xCB, 0xE, 0xE, 0xB8, 0x16C, 0xB8, 0x21, 0xD5, 0x17B,
    0x56, 0x5E, 0x67, 0x14B, 0x8C, 0x8C, 0x10E, 0x15A, 0x5E, 0x14B, 0xD5, 0x4F,
    0xF4, 0x8A, 0x156, 0x39, 0xD8, 0xB8, 0xC, 0x18B, 0x5A429, 0xD5, 0xD5, 0x1B,
    0x14B, 0x60, 0xE, 0x39, 0x18D, 0xC1, 0x103, 0xC1, 0xF4, 0x172, 0x3D056, 0x80,
    0x178, 0x178, 0xD5, 0x94, 0x172, 0xB8, 0x12D, 0x46, 0x28, 0x80, 0x3C, 0x195,
    0x87, 0x158, 0x8A, 0x25, 0x21, 0x154, 0xAE, 0x87, 0x1E, 0xB8, 0x46, 0x152,
    0xB6, 0x8A, 0x8A, 0x28, 0xFA, 0x46, 0x46, 0xFA, 0x8C, 0x3B, 0x133, 0x133,
    0x18D, 0x172, 0xDB, 0xD7, 0x47, 0xE, 0x8C, 0xB4, 0x62, 0x64, 0x90, 0x18F,
    0x160, 0x12A, 0x169, 0x5C0EF, 0xB0, 0x16F, 0x24, 0x177, 0x6, 0x8C, 0x93, 0x103,
    0x160, 0x36, 0xE, 0x172, 0xB0, 0x199, 0x2D, 0x5A, 0x190, 0xF6, 0xFA, 0x61,
    0x9A, 0x31, 0x16B, 0x18D, 0x3B, 0x18B, 0x55, 0x18D, 0x149, 0x91, 0x87, 0x58,
    0x91, 0x12A, 0x88, 0x16A, 0x185, 0x13, 0xE4, 0x18C, 0x176, 0x8E, 0x10E, 0x149,
    0x14F, 0x172, 0x8C, 0x15A, 0x84, 0x145, 0x16F, 0x26, 0x18D, 0x79, 0x16D, 0xC9,
    0x4A, 0x8E, 0x163, 0x14F, 0x151, 0xC6, 0xFA, 0x163, 0x13F, 0x5E, 0xB0, 0x18D,
    0x38, 0x4F, 0x15E, 0x128, 0xAC, 0x132, 0x82, 0x161, 0x172, 0xD, 0x188, 0x6D,
    0x145, 0x58, 0xC3, 0xB6, 0x26, 0x87, 0x14B, 0x3, 0x26, 0xE, 0xE, 0xD0,
    0x6A, 0x4D, 0x50, 0x15A, 0x178, 0x36, 0x16D, 0x190, 0x34, 0x3B, 0x12F, 0x18E,
    0x26, 0x178, 0x7E, 0x5A, 0xA8, 0x16F, 0x24, 0x151, 0x178, 0x71, 0x15B, 0x82,
    0xA0, 0x88, 0x173, 0x172, 0xBB, 0x124, 0x93, 0x26, 0x15F, 0x6D, 0x172, 0x15B,
    0x87, 0x2D, 0x8, 0x84, 0xB8, 0x1F, 0x132, 0xEF, 0x44, 0x39, 0x11, 0x145,
    0x188, 0x10, 0x12F, 0x34, 0xBF, 0x172, 0x199, 0x28, 0x188, 0x186, 0x13D, 0x125,
    0x10F, 0x45, 0xBB, 0xBB, 0xD3, 0x109, 0x173, 0x174, 0x83, 0x5E, 0xB4, 0xBA,
    0x107, 0xB8, 0xAC, 0x161, 0x58, 0x3B, 0x173, 0x77, 0x2, 0x8, 0x161, 0x6D,
    0x6F, 0xE8, 0x178, 0x15A, 0x172, 0x176, 0xFA, 0xAE, 0xB0, 0x133, 0x3B, 0xB6,
    0x44, 0xB6, 0xA9, 0x11, 0x87, 0x26, 0x16F, 0x16A, 0x8C, 0x18C, 0xC8, 0xB0,
    0x86, 0xA9, 0x87, 0x44, 0x16A, 0x174, 0x173, 0x10D, 0x176, 0x145, 0x44, 0xBF,
    0xBD, 0xBD, 0x14, 0x14, 0x6F, 0x6, 0x55, 0x41, 0x55, 0x7, 0x7, 0x11,
    0x87, 0x180, 0x180, 0xC7, 0x1083E, 0xF2, 0x8C, 0x83, 0x6F, 0x31, 0xB7, 0x63,
    0xD3, 0x87, 0x8B, 0xF9, 0x63, 0x2, 0x50, 0x76, 0x74, 0xE, 0x158, 0x28,
    0x105, 0x15F, 0x2, 0x163, 0x76, 0x83, 0x76, 0x181, 0x36, 0x76, 0x163, 0x171,
    0x100, 0x76, 0x8B, 0x2, 0x166, 0x83, 0xB0, 0xFC, 0x77, 0x8B, 0xFA, 0x61,
    0xF6, 0x18F, 0x94, 0x10C, 0x37, 0x10F, 0x185, 0x6A, 0x94, 0x94, 0x18F, 0x185,
    0x6A, 0x189, 0x4B, 0xD0, 0x103, 0x174, 0x178, 0xB, 0x189, 0x18E, 0xF8, 0x77,
    0x174, 0x77, 0x172, 0x14, 0x158, 0x77, 0x4, 0x187, 0x16E, 0x89, 0x77, 0x178,
    0xA5, 0x56, 0x19060, 0x3D, 0xF4, 0x5E, 0x10C, 0x9530, 0x3D, 0xBC, 0x187, 0xCB,
    0xB0, 0x8D, 0x169, 0x89, 0xF4, 0x6D, 0x3, 0xBC, 0x169, 0x18F, 0x3C, 0x3,
    0x6A, 0xB0, 0xD5, 0x47, 0x61, 0x169, 0xC6, 0x159, 0x18D, 0x103, 0x179, 0x14B,
    0x162, 0x4E, 0x165, 0x15F, 0xF4, 0x5A, 0x4E, 0xD0, 0xD1, 0x59930, 0x131, 0x17B,
    0xCD, 0xF4, 0x57, 0xCE, 0x3B, 0xC9, 0xC7, 0x97, 0x161, 0x9F, 0x131, 0x16F,
    0x18C, 0x170, 0x12F, 0x86, 0x39, 0x18B, 0xA4, 0x91, 0x12F, 0x172, 0x130, 0xC9,
    0xD3, 0x190, 0x18B, 0x18B, 0xCD, 0x131, 0x179, 0x46, 0xE0, 0x198, 0x198, 0x22,
    0x185, 0x16A, 0x13, 0xCC, 0xBA, 0x140, 0x14F, 0xCC, 0x46, 0x42, 0xDB, 0xD1,
    0x16A, 0x26, 0xA4, 0x92, 0xD4, 0x18B, 0x14C, 0x16F, 0x16E, 0xD3, 0x18E, 0xD3,
    0x1976258A, 0x18C, 0xC9, 0x142, 0x12C, 0x74, 0x82, 0x42, 0x25, 0x38, 0x92, 0x50,
    0xC5, 0x161, 0x15F, 0xA6, 0xA9, 0x89, 0x12A, 0x14B, 0x70, 0x158, 0xAF, 0x131,
    0x10B, 0xB5, 0x16D, 0x8E, 0x18C, 0xB0, 0xA9, 0x140, 0x92, 0x138, 0x140, 0x4B,
    0xE, 0xFA, 0xD5, 0x85, 0xE0, 0xBC, 0x172, 0x8C, 0x17, 0x18F, 0x178, 0x85,
    0xC3, 0x160, 0x166, 0x84, 0x70, 0x17D, 0x2F, 0x89, 0xC9, 0x4B, 0x7E, 0x16A,
    0x14B, 0xA5, 0x63, 0x11D, 0xC7, 0x169, 0x55, 0x15D, 0xCE, 0x28, 0xA5, 0xCC,
    0x15C, 0x9F, 0x3C, 0x24, 0x9A, 0x13D, 0x160, 0x10B, 0xD3, 0xD1, 0xC5, 0x59,
    0x181, 0x188, 0x172, 0x45, 0x9F, 0xD3, 0x139, 0x32, 0xBB, 0x26, 0xC5, 0xFC,
    0x25, 0x6F, 0xCB, 0x158, 0x11E, 0xFD, 0x15F, 0x107, 0x102, 0x190, 0x41, 0x12F,
    0x139, 0xB4, 0x23, 0x161, 0x97, 0x171, 0x169, 0x14F, 0xD4, 0xB6, 0x6F, 0x89,
    0x171, 0x2, 0x84, 0x187, 0x89, 0x6A, 0x189, 0x10D, 0xC9, 0x28, 0x124, 0xE6,
    0x16C, 0x170, 0x86, 0xCB, 0xCD, 0xFE, 0xCD, 0xAE, 0xA4, 0x93, 0x16A, 0xCD,
    0x86, 0xBC, 0xCB, 0xBA, 0x6D, 0xC5, 0x15F, 0x29, 0x146, 0x97, 0x190, 0xC7,
    0x8D, 0x8D, 0x178, 0x13A, 0x181, 0x93, 0x131, 0x172, 0x12F, 0x18D, 0x7E, 0x12F,
    0x174, 0x91, 0x18F, 0x8B, 0x38, 0x4C, 0x2, 0x8B, 0x184, 0x17A, 0x6, 0xED31,
    0x47, 0x103, 0x87, 0x198, 0x61, 0x15E, 0x18A, 0xA0, 0x62, 0x15F, 0x56, 0xA4,
    0x3C, 0xC3, 0x128, 0x3B, 0x93, 0xB0, 0x5E, 0xD0, 0x50, 0x80, 0x98, 0x18D,
    0x103, 0x97, 0x8C, 0x12, 0x50, 0x16D, 0xFA, 0x18A, 0x16E, 0x140, 0x193, 0x23,
    0x4E, 0x156, 0x16E, 0x8D, 0x5A, 0x55, 0xD3, 0x185, 0x91, 0x178, 0x9A, 0x155,
    0x155, 0x42, 0x186, 0x18B, 0x50, 0x5E, 0xD5, 0x190, 0xA8, 0xF, 0xEA, 0xFF,
    0xF9, 0xB7, 0xF6, 0xAD, 0x100, 0x14, 0x100, 0x12F, 0x17C, 0x2, 0xB0, 0xBA,
    0x14F, 0x176, 0xB0, 0xA4, 0x29, 0x9D, 0x10E, 0x190, 0xA4, 0x6F, 0x50, 0xDA,
    0x104, 0xBC, 0x84, 0x2, 0x64, 0x173, 0x166, 0x16E, 0x49, 0xF9, 0x15F, 0xAC,
    0x68, 0x13A, 0x160, 0x107, 0x10A, 0x15A, 0x107, 0x172, 0x9D, 0x163, 0x10F, 0x20,
    0xAB, 0x7D, 0x178, 0x163, 0x160, 0xC6, 0xBF, 0x176, 0x23, 0x23, 0x15D, 0xB8,
    0x174, 0xC6, 0x10F, 0x16E, 0x128, 0xA6, 0x178, 0x26, 0x80, 0xBC, 0x24, 0x89,
    0xEF, 0x13C, 0x197, 0x9D, 0xF9, 0x16E, 0x195, 0x9E, 0x25, 0x103, 0x199, 0x10A,
    0xB6, 0x94, 0x14, 0x47, 0x85, 0x45, 0x89, 0x77, 0x2E0BC, 0x2, 0x140, 0x10F,
    0xAF, 0xB, 0x173, 0x4D, 0x15E, 0x103, 0xBE, 0x158, 0x44, 0xDA, 0xB, 0x103,
    0x24, 0x11C, 0x16E, 0x46, 0x47, 0x18F, 0x155, 0x8C, 0x174, 0xF, 0x9A, 0xE,
    0x15A, 0x13A, 0x18B, 0x4C, 0x160, 0x3C, 0x14A, 0xDA, 0xF9, 0x89, 0x42, 0x145,
    0x1E, 0x14B, 0x103, 0x4E, 0x5A, 0x16A, 0x10F, 0x10F, 0xC3, 0x68, 0xE1, 0x13E,
    0x50, 0x31, 0xB8, 0x13B, 0x146, 0x3D409, 0x80, 0xFA, 0x15A, 0x123, 0xAE, 0x38,
    0x14B, 0x160, 0x15F, 0x105, 0xF4, 0x15A, 0x17B, 0x4D, 0x18A, 0x9A, 0xA8, 0x193,
    0x170, 0x70, 0x193, 0x20, 0x103, 0x5, 0xF9, 0xB8, 0xBC, 0x97, 0x2D, 0x24,
    0x173, 0xAE, 0x10, 0x103, 0xD3, 0x103, 0x36, 0x199, 0x10A, 0x30, 0xBE, 0x87,
    0x12A, 0xAC, 0x10D, 0x184, 0x41, 0x89, 0x15F, 0xB6, 0x47, 0x145, 0x83, 0xF4,
    0x17C, 0x107, 0x42, 0xB0, 0x89, 0x8B, 0x15F, 0x188, 0x107, 0x4E, 0x89, 0x178,
    0x195, 0x77, 0x9A, 0x181, 0xAE, 0x8C, 0x29, 0x171, 0x10F, 0x3C, 0x172, 0x8A,
    0xFA, 0xFA, 0x178, 0xFE, 0x50, 0x2, 0x9A, 0x89, 0x178, 0x11C, 0xCB, 0xF6,
    0x31, 0x14, 0x16F, 0xC3, 0x16, 0x161, 0xA4, 0xAE, 0xAE, 0x18D, 0xB0, 0xB0,
    0x56, 0x10F, 0xF6, 0x174, 0xB0, 0xBA, 0xBA, 0xD3, 0x14, 0x137, 0x6D, 0xAA,
    0x16, 0x16E, 0x131, 0x131, 0xB0, 0x116, 0x12D, 0x17A, 0x13B, 0x103, 0x143, 0xC3,
    0x164, 0x170, 0x161, 0x103, 0x103, 0x18D, 0xD, 0x4D, 0x18E, 0x115, 0x172, 0x131,
    0x177, 0x18D, 0x14C, 0x5E, 0x5E, 0xCC, 0x19B, 0x18D, 0x13F, 0xC9, 0x19F, 0x10D,
    0x7F, 0x190, 0x12F, 0x140, 0x31, 0x1F, 0xCC, 0xC0, 0x178, 0x162, 0x15E, 0x14C,
    0xFC, 0x190, 0x6F, 0x160, 0x18D, 0x61887, 0x63, 0x18B, 0x63, 0x138, 0x8D, 0x12F,
    0x60, 0xA6, 0x42, 0x3D, 0x86, 0x147, 0x103, 0x6A, 0x6D, 0x19D, 0xB7, 0xBC,
    0x13, 0x8D, 0x3D, 0x18D, 0xBC, 0x4A820, 0xE, 0x18A, 0x84, 0x177, 0x15F, 0x173,
    0x198, 0x86, 0x18B, 0x5E, 0x179, 0x15E, 0x161, 0x16F, 0x18D, 0x172, 0xC9, 0x13B,
    0x42, 0xB, 0x197, 0x18B, 0x176, 0x87, 0x63, 0x146, 0x13B, 0xC3, 0x143, 0x5E,
    0x16A, 0x103, 0x178, 0x15F, 0x87, 0x13B, 0x20, 0x3B, 0x6F, 0x140, 0xB0, 0xE8,
    0xCC, 0x3D, 0xB0, 0x112, 0x17A, 0x14A, 0x17E, 0xAE, 0x119, 0x178, 0x178, 0xB0,
    0x164, 0x109, 0x77, 0x151, 0x168, 0x13B, 0x115, 0x151, 0x198, 0x1E, 0x61, 0x172,
    0x161, 0x13, 0xE1, 0x10C, 0x10C, 0x9D8E, 0x59, 0x76, 0x17B, 0x9A, 0xCE, 0x18D,
    0x8E, 0xE, 0x18D, 0x178, 0x38CC, 0xA0, 0x8, 0xFA, 0xE0, 0xB0, 0x177, 0x19B,
    0xFA, 0x14, 0xB7, 0xD3, 0x25, 0xE1, 0x109, 0x16F, 0x19F, 0x18D, 0x18D, 0x133,
    0x91, 0x198, 0x86, 0x87, 0x9025, 0x14F, 0x18D, 0x86, 0x77, 0x173, 0x198, 0x18D,
    0x8C, 0x115, 0x4B, 0x172, 0x190, 0x84, 0xE8, 0x5E, 0x15F, 0x63, 0xAB, 0x5E,
    0x16C, 0x138, 0xC0, 0xA6, 0x61, 0x8E, 0x14A, 0x25, 0x151, 0x12C, 0x138, 0x16D,
    0xBE, 0xBC, 0x6A, 0x19F, 0x115, 0x196, 0x9, 0x7, 0x87, 0x18D, 0x18D, 0xA6,
    0xAF, 0xF9, 0x9A, 0x13, 0x28, 0x19D, 0x178, 0x13E, 0xC1, 0x162, 0x172, 0x15F,
    0xF, 0x87, 0x5E, 0xFA, 0xED, 0x8C, 0x18E, 0x199, 0x169, 0x25, 0x3D, 0x15B,
    0x161, 0x198, 0x178, 0x87, 0x169, 0x18B, 0x18D, 0x3D, 0x88, 0x87, 0x63, 0x63,
    0x6A, 0x118, 0x140, 0x118, 0x87, 0x98, 0xD5, 0x18, 0xC9, 0x18D, 0x87, 0xBC,
    0x13E, 0x87, 0x174, 0x15B, 0x10C, 0x125, 0x77, 0x172, 0x83, 0x108, 0x87, 0x140,
    0x163, 0x102, 0x8B, 0x197, 0x14F, 0x19D, 0xC0, 0x140, 0xE8, 0x125, 0x84, 0x112,
    0xED, 0x178, 0xFE, 0x87, 0x153, 0x15B, 0x25, 0x86, 0xA4, 0xC0, 0x10, 0x125,
    0x112, 0x197, 0xB0, 0x35, 0x16B, 0x156, 0x90, 0x10B, 0x15F, 0x10B, 0x9E, 0x178,
    0x12F, 0x8E, 0x170, 0x2C, 0x196, 0x151, 0xAC, 0x108, 0x186, 0x170, 0xF, 0xA,
    0x170, 0x13, 0x156, 0x190, 0x8B, 0x107, 0x45, 0x15E, 0x6F, 0x170, 0x18D, 0x2D,
    0x170, 0x14C, 0x8B, 0x2D, 0x8F, 0x163, 0x25, 0x9F, 0x35, 0x15D, 0x3B, 0xA0,
    0x9A, 0x197, 0x169, 0x13E, 0x6D, 0xA5, 0x4A, 0x197, 0x173, 0x15D, 0x156, 0x16D,
    0x178, 0x91, 0x10B, 0x170, 0x170, 0x14C, 0x22, 0x178, 0x14B, 0x45, 0x91, 0xB4,
    0x15F, 0x15E, 0xA5, 0x2D, 0x189, 0xA3, 0xA3, 0xBA, 0x25, 0x36, 0xB4, 0x180,
    0x35, 0x107, 0x10B, 0x4A, 0x180, 0xBA, 0x108, 0xB0, 0x29, 0x131, 0x5E, 0x105,
    0x29, 0x7D, 0x103, 0x76, 0x130, 0x59, 0x133, 0xCE, 0x10D, 0x187, 0x190, 0xB7,
    0xBA, 0x13, 0x8E, 0x8E, 0x188, 0x7, 0x13B, 0x94, 0x7D, 0x14F, 0x13C, 0x8E,
    0x45, 0x172, 0x133, 0x8E, 0x10D, 0x8C, 0xFF, 0x4C, 0xB0, 0x193, 0x1D, 0x41,
    0x37, 0x157, 0x8E, 0x97, 0x8E, 0x190, 0x190, 0xAD, 0xF9, 0x178, 0x26, 0x61,
    0xC6, 0x190, 0x158, 0x4B, 0x87, 0x8B, 0x6, 0x13F, 0x87, 0x109, 0x189, 0x141,
    0x16D, 0x195, 0x179, 0x7F, 0x75, 0x163, 0x1C, 0xE, 0xE, 0x89, 0x172, 0x49,
    0x12A, 0x130, 0x39, 0x42, 0x190, 0xD6, 0x26, 0x6A, 0xB0, 0x108, 0xD0, 0xA,
    0x14C, 0x13B, 0x5E, 0x1B, 0xC, 0x55, 0x39, 0x198, 0x42, 0xB7, 0x67D81, 0xEA,
    0x5E, 0x69, 0x56, 0x88, 0x61, 0x56, 0x131, 0xC7, 0x100, 0x14A, 0x89, 0x10B,
    0xBA, 0xD0, 0xF, 0xBF, 0x6F, 0x10D, 0x26, 0x173, 0x170, 0x161, 0xE, 0x10B,
    0xA7, 0x41, 0x163, 0x8D, 0x10E, 0x141, 0x11A, 0x55, 0xA4, 0x190, 0x14F, 0x87,
    0x39, 0x75, 0x1B, 0x18E, 0x9F, 0xA9, 0xE, 0x129, 0x3C, 0x18C, 0x1B, 0x5E,
    0x2517B, 0x151, 0xF2, 0xB0, 0xAB, 0x91, 0x6D, 0x89, 0x74, 0x14F, 0x160, 0x18D,
    0x25, 0x13F, 0x131, 0x190, 0x19F, 0x163, 0x12C, 0x14E, 0x1B, 0x16E, 0x63, 0xA2,
    0x61, 0x28, 0xA4, 0x62, 0x17B, 0xF1, 0x105, 0x163, 0x89, 0x101, 0xA9, 0x19A,
    0xE, 0xE, 0xE, 0x64, 0x144, 0x6C, 0x178, 0x89, 0x3D, 0x6A, 0x26, 0x18C,
    0x10A, 0x128, 0x18F, 0xBC, 0x14, 0x87, 0xB6, 0x13F, 0x94, 0x5E, 0x185, 0x6A,
    0x9E, 0x105, 0x105, 0x94, 0x2E, 0x6D, 0x179, 0x1B, 0x19B, 0x14, 0x181, 0x108,
    0x155, 0xBF, 0x3B, 0x163, 0x11F, 0x89, 0x16A, 0xF, 0x141, 0x162, 0x161, 0xFF,
    0x18B, 0x166, 0x7F, 0x172, 0x190, 0x17A, 0x2F, 0xC0, 0x15E, 0x49, 0x13A, 0x87,
    0x8C, 0x83, 0x166, 0xC9, 0x56, 0x2C, 0x193, 0xFB, 0x5A, 0x190, 0x83, 0x108,
    0x7E, 0x10C, 0xCE, 0x105, 0x6A, 0xA5, 0x131, 0xBB, 0x17B, 0x77, 0x146, 0x17A,
    0x28, 0x63, 0x58, 0x11F, 0x18C, 0x69, 0xE4, 0x105, 0x163, 0x35, 0xBA, 0xF9,
    0x4B, 0xB0, 0xE, 0x197, 0x29, 0x129, 0x26, 0x190, 0x106, 0xBA, 0xAA, 0x89,
    0x15, 0xB0, 0x84, 0xE, 0x42, 0x32, 0x16E, 0xF9, 0x18, 0x193, 0xFA, 0xFC,
    0x4A, 0x178, 0xCF, 0x152, 0x181, 0x129, 0x6F, 0x172, 0x7F, 0x20, 0x9F, 0x34,
    0xFF, 0x180, 0x87, 0x6F, 0x13E, 0xBB, 0x1B, 0xBC, 0xE1, 0x142, 0x35, 0x45,
    0x142, 0xAD, 0x4C, 0x190, 0x163, 0x14, 0xCC, 0x129, 0x3C, 0xB4, 0x3B, 0x44,
    0x5E, 0x89, 0xD0, 0xA5, 0x3A, 0x8B, 0x41, 0x83, 0x141, 0xAC, 0x17E, 0x163,
    0xBC, 0x131, 0x17E, 0x103, 0xF3, 0x103, 0xF3, 0x61, 0x91, 0xBC, 0xBC, 0x16E,
    0x14, 0x3C, 0x121, 0x191, 0x69, 0x105, 0xB2, 0x15, 0x18F, 0xA9, 0x131, 0xAA,
    0xA5, 0x178, 0x17A, 0x76, 0x18B, 0x144, 0x14A, 0xE4, 0x28, 0x87, 0x172, 0x103,
    0x149, 0x193, 0x18F, 0x56, 0x13D, 0x18F, 0x105, 0x197, 0x149, 0xBC, 0xBC, 0x89,
    0x155, 0x174, 0x178, 0xA9, 0xBA, 0x108, 0xB2, 0xAA, 0x105, 0x17A, 0x18E, 0x10D,
    0xB2, 0xF, 0x4C, 0x19C, 0xB0, 0x13B, 0xBF, 0x174, 0x17A, 0x197, 0x178, 0xCC,
    0x42, 0x56, 0x12F, 0x18A, 0x12F, 0xEE, 0x77, 0xAE, 0x161, 0x198, 0xE0, 0x37,
    0x188, 0x105, 0x186, 0xE, 0x8, 0x15E, 0x128, 0x98, 0x119, 0x59, 0xE, 0x36,
    0x173, 0x18A, 0xCC, 0x144, 0x7F, 0x6, 0xB0, 0x61, 0x91, 0x100, 0xD3, 0x34,
    0x38587, 0x18F, 0x26, 0x13E, 0x14C, 0xB0, 0x15F, 0x13E, 0x7D, 0x14F, 0x198, 0x1B,
    0x17A, 0x18F, 0xB6, 0x194, 0x7, 0xAC, 0x59, 0x54, 0x10D, 0x77, 0xB3, 0x161,
    0x5E, 0xB3, 0x18, 0x8E, 0xB0, 0x17A, 0xBC, 0x91, 0x103, 0x36, 0x7, 0x188,
    0xB6, 0x199, 0x8E, 0x71, 0x80, 0x4BD22, 0x122, 0x146, 0xF, 0x119, 0xCD, 0x7E,
    0x169, 0x199, 0x7F, 0x89, 0x17E, 0x31, 0xB0, 0x164, 0x5E, 0xED, 0xB, 0x6A,
    0x168, 0x63, 0x146, 0x10C, 0x88, 0x1A, 0x194, 0x146, 0x324CC, 0x122, 0x59, 0x180,
    0x98, 0x8A, 0xD3, 0x122, 0x122, 0xED, 0x15F, 0xB3, 0x8A, 0xA2, 0x14, 0x82,
    0x133, 0x199, 0x161, 0xED, 0x152, 0xE4, 0xB0, 0x19F, 0x42, 0xE4, 0x14C, 0xAA,
    0xCC, 0x13B, 0x90, 0x21D5F, 0x68, 0x18C, 0x90, 0x177, 0x87, 0x1E, 0x18F, 0x16C,
    0x17A, 0x7D, 0x178, 0x77, 0x158, 0x115, 0x15B, 0x15B, 0x10C, 0xD6, 0x198, 0x150,
    0xE7, 0x5D, 0x87, 0x133, 0x2F, 0xFA, 0x18B, 0x128, 0x7D, 0x18D, 0x87, 0x59,
    0x17B, 0x115, 0x3B, 0x8D, 0x13E, 0x57, 0x142, 0x36, 0x90, 0x17C, 0x6, 0x8D,
    0x5E, 0x18D, 0x103, 0x198, 0x28, 0x7D, 0x17C, 0xAE, 0x15F, 0x5E, 0x164, 0x12F,
    0x14, 0x190, 0x10D, 0xB7, 0x190, 0x12C, 0x61, 0x16F, 0x5E, 0x155, 0x18B, 0x3A,
    0x29, 0x131, 0x18E, 0x161, 0x19B, 0x8F, 0x8, 0x10D, 0xD3, 0x133, 0x19D, 0xA4,
    0x8E, 0x115, 0x75, 0x164, 0x8C, 0x190, 0x28, 0x6B, 0x7, 0x93, 0xA4, 0x7F,
    0x31, 0x82, 0x67, 0x147, 0x5908C, 0xA0, 0x8B, 0x10E, 0x60, 0xBF, 0x16A, 0xD,
    0x161, 0x5E, 0x65, 0x49, 0x118, 0x14C, 0x173, 0xAE, 0x164, 0x92, 0x169, 0x60,
    0x46, 0x14F, 0x13B, 0x8A, 0x162, 0x84, 0x93, 0x18D, 0x89, 0x92, 0x26, 0xCD,
    0x18B, 0xC0, 0x25, 0x10C, 0x133, 0x9, 0x14F, 0x163, 0x82, 0x109, 0x67, 0x168,
    0x14A, 0x150, 0x164, 0x7D, 0x15F, 0x5E, 0x14E, 0x140, 0x4D, 0xA6, 0x5E, 0x8E,
    0x7F, 0x18D, 0x16E, 0x8F, 0x5A, 0x87, 0x169, 0x115, 0x199, 0x24, 0x4F, 0xB0,
    0xC0, 0xB3, 0x28, 0x10E, 0x12C, 0x103, 0x103, 0x196, 0x103, 0x158, 0x105, 0x161,
    0x132, 0x15A, 0x10A, 0x147, 0x158, 0x62, 0x159, 0xD, 0x195, 0x17, 0x71, 0x36,
    0xBE, 0xB8, 0x103, 0x187, 0xE, 0x30, 0xB7, 0xCD, 0x103, 0x108, 0x14B, 0x199,
    0x70, 0x19A, 0x15F, 0x198, 0x166, 0xB3, 0x8D, 0x58, 0x11D, 0xD0, 0x178, 0x199,
    0x56, 0xC0, 0x169, 0x174, 0x12B, 0x103, 0x169, 0x162, 0x89, 0x9A, 0x161, 0x11C,
    0xCD, 0x87, 0x4C, 0x27, 0x42, 0xD0, 0xCE, 0x179, 0x164, 0xA, 0x13B, 0x10C,
    0xF, 0x82, 0x67, 0x32, 0xCD, 0x15A, 0x5E, 0x15A, 0x150, 0x69, 0xCE, 0x164,
    0xB2, 0x199, 0xF, 0x17B, 0x173, 0x14A, 0x6B, 0x18D, 0x17B, 0x25, 0x20, 0x3A,
    0x160, 0x179, 0x199, 0x169, 0x130, 0x15A, 0x67, 0x16A, 0x174, 0x8D, 0x172, 0x195,
    0xE0, 0x9, 0x6A, 0xF4, 0x18F, 0x89, 0x31, 0x10E, 0x137, 0x17B, 0x160, 0x36,
    0x15F, 0x118, 0x147, 0x5E, 0x17B, 0x24, 0x63, 0x11A, 0x7F, 0x17D, 0x149, 0x161,
    0x13E, 0x18B, 0x199, 0x147, 0x83, 0x17, 0xE, 0x5A, 0x34, 0xB0, 0x142, 0x16E,
    0x15F, 0x199, 0xAE, 0x92, 0x105, 0xC5, 0x18D, 0xC0, 0xD5, 0xFC, 0xB2, 0xCC,
    0x16A, 0x199, 0x87, 0x12A, 0x140, 0x40056, 0xC0, 0xD, 0x172, 0x124, 0xD4, 0x177,
    0x106, 0x85, 0x161, 0x87, 0x128, 0x168, 0x111, 0x16A, 0x140, 0x107, 0x184, 0x19F,
    0x18D, 0x12A, 0x122, 0xB6, 0x178, 0x56, 0xB4, 0x30, 0x19E, 0x89, 0x113, 0x20,
    0x11D, 0x168, 0x84, 0x80, 0x19C, 0x15F, 0x106, 0x17B, 0x39, 0x130, 0x84, 0x15F,
    0x125, 0x89, 0x8A, 0x82, 0x180, 0x32, 0x164, 0x8B, 0xE, 0x3B, 0x172, 0xE8,
    0x140, 0x172, 0x129, 0x169, 0x87, 0x12, 0x105, 0xAA, 0x102, 0x16C, 0x19C, 0x103,
    0xF9, 0x170, 0xD3, 0xAE, 0x164, 0x19C, 0xA4, 0x177, 0x169, 0xAE, 0x161, 0x20,
    0x8B, 0xBC, 0x20, 0x174, 0x17, 0x112, 0x161, 0x19D, 0x19C, 0xBF, 0xB0, 0x3D,
    0xAA, 0xAE, 0xB2, 0x13B, 0x90, 0x178, 0x7D, 0x18F, 0x41561, 0x77, 0x5C17A, 0x87,
    0x158, 0xA4, 0x87, 0x115, 0x15A, 0x17B, 0x7D, 0x2F, 0xFA, 0x128, 0x62, 0xD6,
    0x115, 0x199, 0x1B4BE, 0x59, 0x18D, 0x15B, 0x57, 0x190, 0x18B, 0xE7, 0x133, 0x161,
    0x61, 0x164, 0x5E, 0xB2, 0x19B, 0x12F, 0x15F, 0x18D, 0x18E, 0x18F, 0x8, 0x5E,
    0x29, 0x12C, 0x172, 0x8E, 0x3A, 0x9, 0x118, 0x8C, 0xA0, 0x113, 0x46, 0x75,
    0x84, 0x21C65, 0x16A, 0x8A, 0x2B0BF, 0x93, 0x8B, 0x14F, 0x67, 0x163, 0x92, 0x168,
    0x15F, 0x140, 0x147, 0x87, 0x14A, 0x87, 0x169, 0xB7, 0x174, 0x169, 0x103, 0x58,
    0x8830, 0x12B, 0x70, 0x130, 0x15A, 0xCD, 0x132, 0xD, 0x28, 0x147, 0xB8, 0x10E,
    0x61199, 0x187, 0x158, 0x2F0C0, 0x195, 0x198, 0x9A, 0x162, 0x89, 0xCD, 0xAA, 0x14A,
    0xCE, 0x40C87, 0x17B, 0x84, 0x13B, 0x4F, 0x4C, 0xF, 0x161, 0x69, 0x195, 0x82,
    0x42, 0xC0, 0xF, 0xD0, 0x179, 0x8D, 0x5E, 0x11A, 0x18B, 0x5A, 0x36, 0x63,
    0x20, 0xB0, 0x172, 0x89, 0x12, 0xFC, 0xC5, 0xAE, 0x174, 0x4F942, 0xD2338D4, 0x124,
    0x164, 0xB4, 0x12A, 0x184, 0x8A, 0x105, 0x107, 0x82, 0x8B, 0x19C, 0x5D, 0x164,
    0x62, 0x5D, 0x10F, 0x5D, 0x103, 0x14, 0xFF, 0x162, 0x189, 0x62, 0x174, 0x174,
    0x10A, 0x160, 0x6D, 0x19E, 0x145, 0x25, 0x103, 0x15C, 0x174, 0xAE, 0x145, 0xBC,
    0x6D, 0x159, 0x159, 0x62, 0x159, 0x74, 0xBF, 0xBF, 0x5E, 0x12F, 0x55, 0x6A,
    0x190, 0x91, 0xC7, 0x6A, 0xD0, 0x62, 0x6, 0x6B, 0x14A, 0x92, 0x5E, 0x12F,
    0x16E, 0x189, 0x19D, 0x6B, 0x197, 0x178, 0x18D, 0x3, 0x55, 0xAA, 0x133, 0x13B,
    0xFA, 0xC3, 0xB8, 0x6, 0x55, 0xB0, 0x22, 0x15A, 0xE, 0x87, 0x184, 0x27,
    0xB8, 0x87, 0x92, 0xCC, 0x189, 0xBF, 0xFA, 0x87, 0x87, 0xBD, 0x16F, 0xCC,
    0x106, 0x39, 0xC9, 0x16F, 0x177, 0x177, 0x59, 0x6, 0x63, 0x16F, 0x6A, 0x106,
    0x17F, 0x63, 0xB7, 0x172, 0x190, 0x42, 0x168, 0x106, 0x172, 0x161, 0x118, 0x110,
    0x110, 0x106, 0x82, 0x142, 0x161, 0x172, 0x16F, 0x106, 0x105, 0x178, 0x67, 0x8C,
    0x146, 0x179, 0x15F, 0x56, 0x12A, 0x59, 0x12A, 0xB2, 0xAE, 0x67, 0xE9, 0x106,
    0x20, 0x178, 0x68, 0x172, 0x27, 0x15C, 0x59, 0x7D, 0x26, 0x26, 0x36, 0x5E,
    0x160, 0xC, 0x172, 0xA8, 0x172, 0xFA, 0xB7, 0xB8, 0x18D, 0x10D, 0x15F, 0x164,
    0x162, 0x15F, 0x15F, 0x9A, 0x107, 0x84, 0x84, 0x163, 0x128, 0x7D, 0x8A, 0x61842,
    0x36, 0x58, 0x3D, 0x128, 0x26, 0x190, 0x89, 0x16A, 0x26, 0xFB, 0x199, 0x158,
    0x84, 0x7E, 0x77, 0x77, 0x74, 0x5, 0xFC, 0x172, 0xB2, 0x7E, 0x5, 0xB6,
    0xF8, 0x107, 0x5, 0x56, 0x172, 0x84, 0x16A, 0x3D, 0x170, 0xAC, 0xAC, 0x99,
    0xC7, 0x18A, 0x103, 0x69, 0x69, 0x69, 0x46, 0x46, 0x54, 0x134, 0x11C, 0x150D7,
    0xD7, 0x4C, 0xAE, 0x14E, 0x198, 0x67, 0x22, 0x76, 0x17B, 0x3C806, 0xFA, 0x172,
    0x13B, 0x10D, 0x88, 0x91, 0x86, 0x29, 0xAC, 0xBE, 0x87, 0x146, 0xF1, 0xBB,
    0xE9, 0x8A, 0xF5, 0x185, 0xBB, 0x87, 0xAC, 0x86, 0x177, 0xD3, 0x81, 0x54,
    0x172, 0x47, 0x171, 0x39, 0x13C, 0x109, 0x17B, 0x26, 0x3B, 0x3B, 0x7D, 0x67,
    0x18D, 0xF4, 0xE4, 0x3B, 0x18B, 0x23, 0xB7, 0x18C, 0x177, 0x156, 0xB4, 0xBA,
    0x18D, 0xE6, 0x14C, 0x54, 0x16D, 0x14D, 0x71, 0x169, 0xB2, 0x76, 0x130, 0xB5,
    0xFE, 0x8E, 0x91, 0xE, 0x42, 0x71, 0x15B, 0x169, 0xFF, 0x32, 0x47, 0xE0,
    0x14E, 0x91, 0x32, 0xA5, 0xB2, 0xA5, 0x32, 0xB2, 0x15C, 0xA5, 0xB2, 0xB2,
    0x32, 0x5, 0x130, 0x13C, 0x14E, 0xA5, 0xE4, 0x18D, 0x3B, 0xE6, 0x108, 0xE0,
    0x14E, 0x14E, 0xBA, 0x178, 0x178, 0x189, 0x13B, 0x13E, 0x172, 0x13E, 0x13B, 0x189,
    0x189, 0x119, 0x172, 0xAE, 0x87, 0x10C, 0x9C, 0x1A, 0x64, 0x14, 0x82, 0x83,
    0x26, 0x115, 0x163, 0x11A, 0x18F, 0x179, 0x4B, 0x62, 0x118, 0x61, 0x1E, 0x15D,
    0x21, 0x6A, 0x18D, 0x74, 0x5E, 0x58, 0x59, 0xF7, 0xF5, 0x89, 0x57, 0x196,
    0x177, 0xD6, 0x4, 0x9C, 0x111, 0x68, 0x178, 0x15B, 0x170, 0x103, 0xFA, 0x105,
    0x15F, 0x15F, 0x58, 0x9C, 0x8E, 0x144, 0x12F, 0x18E, 0x188, 0x164, 0x12F, 0x15A,
    0x18F, 0x46, 0x3B, 0x58, 0x6, 0x14, 0x10D, 0x14B, 0xB, 0x6B, 0x144, 0x198,
    0x58, 0x18D, 0xE0, 0xFF, 0x198, 0x5E, 0x3D0F5, 0x18B, 0x161, 0x19F, 0xF7, 0x88,
    0x130, 0x18D, 0xA, 0xD5, 0x10D, 0x7F, 0x9A, 0x26, 0x173, 0x169, 0x16F, 0xBA,
    0x49, 0x95, 0xBC, 0x8E, 0xEA, 0x16E, 0xF5, 0xA1, 0x172, 0x6E, 0x73, 0x64,
    0x49, 0x26, 0x8B, 0x167, 0x167, 0x54, 0x3, 0x7A, 0xFB, 0xDE, 0x198, 0x6F,
    0x25, 0x14C, 0x18D, 0x36, 0xC9, 0x164, 0x36, 0x164, 0xC4, 0x34CC4, 0x87, 0x164,
    0xE5, 0xA2, 0x120, 0x17F, 0x103, 0xDA, 0xCC, 0xE8, 0xBD, 0x158, 0x14, 0x15B,
    0x158, 0x168, 0x8B, 0x8E, 0x177, 0x7A, 0x38, 0xB5, 0x12A, 0x14E, 0xC9, 0x2F,
    0x12F, 0x105, 0x3E, 0x92, 0x34, 0x168, 0x165, 0x155, 0xF6, 0x25, 0xDC, 0x17902,
    0x4A, 0x155, 0xE3, 0xDA, 0xFA, 0x6A, 0xBF, 0xB0, 0xB2, 0x188, 0x36, 0x8C,
    0xB3, 0x138, 0xFA, 0x10, 0xBE, 0xFB, 0xAE, 0xA5, 0x2E, 0x3B, 0x14B, 0xDC,
    0x8E, 0xD7, 0xA8, 0x171, 0x56E, 0x115, 0x12F, 0x30, 0x5E, 0x5E, 0x91, 0x58,
    0x106, 0x158, 0x49, 0xFA, 0x71, 0x199, 0x47, 0x15D, 0xC9, 0xE0, 0x193, 0x26,
    0x33, 0xBF, 0xF1, 0x42, 0x3, 0x166, 0xDA, 0x133, 0x136, 0xD8, 0x17B, 0x18E,
    0x119, 0x50, 0x121, 0x151, 0x170, 0x89, 0x15A, 0x8B, 0x178, 0x88, 0x4C, 0xE,
    0x21, 0x5E, 0x161, 0xE0, 0xCD, 0x156, 0x149, 0x153, 0x3D409, 0x105, 0xC0, 0x156,
    0x132, 0x146, 0x13E, 0x195, 0x64, 0x172, 0x14, 0xB4, 0x87, 0xFA, 0x164, 0x63,
    0xC0, 0x12, 0xF1, 0x21, 0xBC, 0x71, 0xF5, 0x2B, 0x10, 0x8A, 0x5E, 0x146,
    0xD3, 0x15F, 0x193, 0xC0, 0x8B, 0x174, 0xC0, 0x18D, 0x16B, 0x37, 0xB6, 0x14F,
    0xF9, 0xE0, 0x2B, 0xB4, 0x36, 0x6F, 0x163, 0x149, 0x56, 0x18D, 0x8B, 0x12A,
    0x7F, 0x36, 0x11E, 0x162, 0x140, 0x59, 0x174, 0xED2A, 0x191, 0x3B, 0xA2, 0xE8,
    0x154, 0xB2, 0x2C0E, 0x176, 0x93, 0x29, 0x172, 0x92, 0xA8, 0xB2, 0x124, 0x154,
    0x6A, 0x103, 0x36, 0x12, 0x16C, 0xDA, 0x15D, 0x17F, 0x161, 0x10, 0x166, 0xA3,
    0xA8, 0x16E, 0xBC, 0x86, 0x17C, 0xBF, 0x10D, 0x17F, 0xBD, 0xE0, 0x17C, 0x24,
    0x105, 0x15D, 0x6E, 0x17F, 0xB6, 0x6E, 0x198, 0x8B, 0xE4, 0x5A028, 0x87, 0x63,
    0x28, 0xCD, 0xE4, 0x18D, 0x18D, 0x64, 0x89, 0x46, 0x18D, 0x168, 0x144, 0x18B,
    0x90, 0x161, 0x178, 0x1E, 0x170, 0x178, 0x27, 0x15F, 0x15F, 0x90, 0x178, 0x178,
    0x166, 0x91, 0x90, 0x165, 0x12D, 0x12D, 0x12D, 0x90, 0x131, 0x145, 0x133, 0x131,
    0x14B, 0x145, 0x102, 0x102, 0x6D, 0x80, 0x14B, 0x2C, 0x139, 0x160, 0x15E, 0x18F,
    0x3D, 0x2C, 0x12A, 0x172, 0x56, 0xF2, 0x144, 0x56, 0x8, 0x2C, 0x75, 0x57,
    0x8, 0xE, 0xBC, 0x18E, 0x89, 0x19, 0xB7, 0x190, 0x181, 0x4F, 0x14, 0x161,
    0x64, 0x2C, 0x160, 0xBC, 0x10B, 0xF5, 0x15F, 0xA1, 0x5E, 0x180, 0x5A, 0xB0,
    0x12C, 0x178, 0xAB, 0x14E, 0x178, 0x15A, 0x14, 0xCB, 0xE1, 0x91, 0x83, 0x132,
    0x9A, 0xF, 0xD5, 0x46, 0x3D, 0x9, 0x1E, 0x172, 0x13D, 0x19, 0x1A, 0xBB,
    0x3A, 0x16B, 0x170, 0x27, 0x41, 0x3C, 0x106, 0xBC, 0x172, 0x87, 0x89, 0x86,
    0xCB, 0x103, 0xBC, 0xBC, 0x20, 0x137, 0x66, 0xB3, 0x89, 0x89, 0x4A525, 0x16E,
    0x14, 0xFF, 0x16E, 0x16E, 0x1A, 0x1A, 0x172, 0xAD, 0x14E, 0x8B, 0x5C802, 0xD7,
    0x14C, 0x8B, 0x8C, 0xF9, 0x158, 0x172, 0x1F, 0xCD, 0xCC, 0x61, 0x105, 0x178,
    0x178, 0x12C, 0x167, 0x4B, 0x7F, 0x103, 0xC6, 0x198, 0x84, 0x140, 0x18D, 0x162,
    0xE, 0x5E, 0x154, 0x15A, 0x15E, 0x18D, 0x103, 0x12A, 0x15B, 0x105, 0x115, 0x5E,
    0x9F, 0x1808C, 0xBC, 0x169, 0x87, 0x109, 0x103, 0x5E56E, 0x59, 0x6, 0x11D, 0x165,
    0x87, 0x80, 0x80, 0x57, 0x15E, 0x93, 0x69, 0x18D, 0x17B, 0x109, 0x5, 0x29,
    0xC7, 0x16D, 0x17858, 0x116, 0x75, 0x32, 0x173, 0x177, 0xF, 0x172, 0x108, 0x15A,
    0xB0, 0xFA, 0x50, 0x161, 0x21, 0x19, 0x190, 0x13E, 0x14A, 0x179, 0x111, 0xB7,
    0x144, 0x12C, 0x42, 0xCE, 0x10A, 0xB0, 0x176, 0x9A, 0xD5, 0xB, 0xA, 0x69,
    0xD0, 0x172, 0x172, 0x43491, 0xFD, 0x11F, 0xA0, 0xE6, 0xE0, 0x14, 0x13, 0x12A,
    0x168, 0x170, 0x161, 0xC, 0x7D, 0x174, 0x185, 0x49, 0x91, 0x46, 0xE4, 0x61,
    0x7F, 0xFF, 0xC9, 0x5E, 0x130, 0x6A, 0xE, 0x15A, 0x5E, 0x197, 0xC7, 0x56,
    0x42088, 0xC7, 0xC7, 0x6, 0x66031, 0xD3, 0x198, 0x42, 0x26, 0x87, 0x8E, 0xBA,
    0x32, 0xE3, 0x179, 0x16B, 0x174, 0x10B, 0x64, 0xD1, 0xB0, 0x118, 0x173, 0x66,
    0x57D05, 0x1F, 0x24, 0x178, 0x76, 0x198, 0xB5, 0x15E, 0x87, 0x6F, 0x31, 0x89,
    0x31, 0x69, 0x6E, 0xC6, 0x1E, 0x8B, 0x8B, 0x5E, 0x178, 0x190, 0x198, 0x8A,
    0x84, 0x173, 0x1E, 0x55, 0x118, 0x11A, 0x27, 0xC6, 0x14F, 0x18E, 0x105, 0x190,
    0x16C, 0x82, 0x5E, 0x10E, 0x60, 0x39, 0x8E, 0x166, 0x2C, 0x1A, 0x8E, 0x54,
    0x3, 0x107, 0x26, 0x115, 0x89, 0x5C94A, 0x83, 0xFF, 0xB0, 0x8D, 0xAC, 0x133,
    0x194, 0x39, 0x88, 0x113, 0xE, 0x1B, 0x107, 0x84, 0x40C87, 0x3C, 0x198, 0x118,
    0x85, 0x5D166, 0xBF, 0x174, 0x4156C, 0x8D, 0x141, 0x173, 0xC4, 0x7D, 0x18F, 0x170,
    0x4B, 0x15A, 0xB0, 0x4A, 0x5E, 0x115, 0x173, 0x77, 0xE, 0x15, 0x17B, 0x42,
    0x151, 0x140, 0x140, 0x25, 0x24, 0x15E, 0x11, 0x15F, 0x67, 0xB0, 0x102, 0x190,
    0xD3, 0xB0, 0x194, 0x19F, 0x155, 0x10C, 0x50928, 0x142, 0x24, 0xF9, 0x91, 0xC9,
    0xCB, 0x166, 0x8E, 0x23, 0x5952F, 0x94, 0x16E, 0x14E, 0x177, 0x38, 0x5606D, 0x74,
    0x177, 0x38, 0x88, 0x159, 0x13E, 0xE7, 0x12C, 0x161, 0x2CCAB, 0x5E, 0x50, 0xD3,
    0x15B, 0x8C, 0xD8, 0xD5, 0x97, 0xA9, 0xB2, 0x131, 0x15D, 0x151, 0x161, 0x86,
    0x177, 0x174, 0x174, 0x68, 0x2F, 0xC6, 0xC6, 0x31, 0x158, 0x8E, 0x42, 0x10D,
    0x49, 0x89, 0x19A, 0x6A, 0xA8, 0xBC, 0x91, 0x15A, 0x94, 0xE4, 0xA6, 0x77,
    0x102, 0x17D, 0x63, 0x71, 0x5E, 0xBE, 0x21, 0x28, 0x13C, 0x2E, 0x187, 0xCA,
    0x17, 0x6, 0xB0, 0x151, 0x14, 0x74, 0xA, 0x109, 0x92, 0x15F, 0x109, 0x42,
    0x8C, 0x102, 0x3C, 0x8D, 0x107, 0x144, 0x67, 0x80, 0x6A, 0xB7, 0x58, 0x109,
    0x3, 0x159, 0xD, 0x18F, 0x16E, 0x19B, 0x89, 0xB6, 0x145, 0x133, 0x14B, 0x3D,
    0x7F, 0x103, 0x77, 0x36, 0x147, 0x2F, 0xE, 0x21, 0x82, 0x58, 0xA9, 0x103,
    0xCB, 0xFF, 0x15A, 0x3B, 0x128, 0x82, 0x16E, 0x172, 0x14C, 0x103, 0x158, 0x1B,
    0xD7, 0x18B, 0x155, 0x90, 0x14D, 0xBF, 0xE, 0x172, 0xF4, 0x14, 0xF6, 0x47,
    0x174, 0x174, 0x174, 0x163, 0x120, 0x10C, 0x9A, 0x162, 0x158, 0x178, 0x178, 0x5E,
    0xB2, 0x16A, 0x16A, 0xD8, 0x1B, 0x15D, 0x2F, 0x163, 0x178, 0xF, 0xC7, 0x3,
    0x50, 0xAC2A0BF, 0x174, 0xA7, 0xA7, 0x8A, 0xCD, 0x19F, 0x19F, 0x19B, 0xA, 0x119,
    0x15F, 0x171, 0x3, 0x10D, 0x89, 0x5E, 0xC0, 0x8E, 0xF8, 0x5A, 0x7D, 0x7D,
    0x7E, 0x16E, 0x151, 0x65D90, 0x198, 0x162, 0x4BD15, 0x64, 0x104, 0x10A, 0xCC, 0x83,
    0x12F, 0x102, 0x60, 0x49, 0x18F, 0x89, 0x15A, 0x14, 0x15A, 0xF2, 0x87, 0x7F,
    0x17F, 0x88, 0x4C, 0x170, 0x50894, 0x32, 0x10E, 0x15A, 0x18B, 0xA5, 0x14E, 0x85,
    0x15F, 0x131, 0x103, 0xAA, 0x199, 0x170, 0x179, 0xC9, 0x17B, 0x133, 0x42, 0x193,
    0x6D, 0x111, 0x16B, 0x20, 0x96, 0xA5, 0x80, 0x8A, 0xBB, 0x15A, 0xF3, 0x177,
    0x13D, 0x173, 0x131, 0x2F, 0x131, 0x17B, 0x18B, 0xAB, 0x11A, 0xCB, 0xB0, 0x10F,
    0x13F, 0x179, 0xB0, 0x91, 0x15F, 0x9, 0x29, 0x169, 0x151, 0xB8, 0x86, 0x44,
    0x105, 0x19B, 0x100, 0x38, 0x179, 0x29, 0x178, 0xA2, 0xF4, 0x102, 0x102, 0xD6,
    0x13A, 0x15F, 0x59, 0x17B, 0x18C, 0x89, 0x87, 0x11F, 0x19, 0x52, 0xCC, 0x76,
    0x141, 0x18B, 0xCC, 0x13D, 0x169, 0xB8, 0x15F, 0x6A, 0xAB, 0x118, 0x15C, 0x60,
    0x38, 0x131, 0x146, 0xBF, 0x11A, 0x142, 0x16A, 0xB, 0x170, 0x6F, 0xE, 0x199,
    0x70, 0x19F, 0x14C, 0x1B, 0xF7, 0xAA, 0x3B, 0x87, 0xB0, 0x12F, 0xAB, 0x178,
    0xB7, 0x174, 0xD3, 0x45, 0x14C, 0xC7, 0x14F, 0x29, 0xF9, 0x3, 0xB2, 0x32,
    0x15F, 0xFF, 0x10C, 0x8D, 0x2F, 0x8C, 0x15A, 0x153, 0x1A, 0x178, 0x172, 0x198,
    0xB4, 0xE, 0xBC, 0x169, 0x15, 0x188, 0xAE, 0x106, 0xC5, 0x16E, 0xB7, 0x87,
    0xFC, 0x70, 0x74, 0x42, 0x13E, 0xBC, 0x12D, 0x12B, 0x42, 0xCF, 0x16C, 0x560C5,
    0x14, 0x42, 0x38, 0x18A, 0x12F, 0x16A, 0x5E15A, 0x7F, 0x5, 0xCC, 0xBB, 0x34,
    0x18E, 0x17, 0x100, 0x8A, 0xCC, 0x32, 0xE3, 0x84, 0x92, 0x173, 0x89, 0xE1,
    0x133, 0x173, 0x71, 0x24, 0x7F, 0x128, 0x9F, 0x105, 0xC3, 0x17F, 0x181, 0x106,
    0x4A, 0xB2, 0xB6, 0x9F, 0x2, 0xE, 0xB0, 0x15A, 0x87, 0x105, 0x130, 0x14,
    0xCB, 0xF1, 0x20, 0x44, 0x16C, 0x8B, 0x11D, 0x11D, 0xAE, 0x178, 0x107, 0x29,
    0x80, 0x89, 0xC4, 0x17B, 0xA, 0x177, 0x10D, 0xBC, 0x113, 0x84, 0x50, 0x14A,
    0x58, 0x93, 0x19D, 0x55, 0x11A, 0x59, 0xA5, 0x139, 0x11D, 0x16D, 0x169, 0x5E,
    0x93, 0x3C, 0x15E, 0x49, 0x13B, 0x163, 0x15F, 0xBA, 0x15B, 0x12C, 0x103, 0x89,
    0x17B, 0x141, 0xB7, 0x178, 0x160, 0x15C, 0x87, 0x7D, 0x13B, 0xE8, 0xAE, 0x16A,
    0x17B, 0x5, 0x15F, 0x76, 0x500A, 0x76, 0x2, 0x15A, 0x84, 0x84, 0x87, 0x31,
    0x162, 0x158, 0xCF, 0x172, 0xAF, 0x8A, 0x18, 0x12F, 0x106, 0xB2, 0x9A, 0x179,
    0x39, 0x14A, 0x146, 0x16B, 0xE, 0x187, 0x141, 0x161, 0x56, 0x47, 0x164, 0x6A,
    0x164, 0x133, 0x89, 0x76, 0x7D, 0x120, 0x165, 0x16C, 0x170, 0x7, 0x13D, 0x133,
    0x16C, 0x4D, 0xFE, 0x15A, 0xE6, 0x28, 0xC4, 0x11A, 0xFC, 0x144, 0x87, 0x180,
    0x24, 0x18B, 0x54, 0xE0, 0x174, 0x63, 0x32, 0x163, 0x103, 0x55, 0x89, 0x169,
    0xA5, 0x23087, 0xF, 0x45, 0xCC, 0xAA, 0x8D, 0x5FC19, 0xCE, 0x10B, 0x108, 0x161,
    0xB4, 0xF1, 0x161, 0x13E, 0xC0, 0x172, 0x169, 0x164, 0xB0, 0x172, 0xA8, 0xAE,
    0x8B, 0x42, 0x18D, 0xB, 0x149, 0x170, 0xD3, 0x82, 0x10, 0x56, 0x13D, 0x145,
    0x153, 0x10B, 0x107, 0x15A, 0xB8, 0x84, 0xF1, 0x63, 0x17B, 0xA, 0xB0, 0x133,
    0x29, 0x2, 0xB6, 0x180, 0x16A, 0x109, 0xA9, 0x86, 0x155, 0x15E, 0x11D, 0x11D,
    0x103, 0x7A, 0xBC, 0x13E, 0x153, 0xCB, 0x17B, 0xFF, 0x178, 0x16C, 0x87, 0x8F,
    0x16A, 0xD3, 0x10C, 0x13E, 0x8F, 0xF9, 0xE4, 0x14, 0x112, 0x172, 0x161, 0x178,
    0x91, 0xB2, 0xB2, 0x173, 0x106, 0x174, 0xBA, 0x150, 0x80, 0x17A, 0xB7, 0x10D,
    0x170, 0x56, 0xC9, 0x74, 0xA5, 0xAA, 0x87, 0x3C, 0xC5, 0xAE, 0xAE, 0x84,
    0x5A, 0x18D, 0x15A, 0xA5, 0x187, 0x81, 0xB0, 0x87, 0xCC, 0xAE, 0x81, 0xBF,
    0x87, 0xA5, 0xBC, 0x89, 0x120, 0x149, 0xAE, 0x10E, 0x163, 0x172, 0xBD, 0xCA,
    0x11, 0x7F, 0x7F, 0xBC, 0xEF, 0xC0, 0x13B, 0x163, 0x105, 0x29, 0x7F, 0x169,
    0x38, 0x5E, 0x169, 0x169, 0xBC, 0x7F, 0x178, 0x76, 0x8B, 0x91, 0x71, 0xA,
    0x16E, 0x187, 0x187, 0xA5, 0x12, 0x15F, 0x133, 0x27, 0x10C, 0x45, 0x87, 0x10C,
    0x47, 0x131, 0x160, 0x93, 0x18A, 0x12D, 0x178, 0x18474, 0x198, 0x2287D, 0x84, 0xCB,
    0x64, 0x140, 0x160, 0x1F, 0x131, 0x172, 0xC3, 0x162, 0x57, 0x50, 0x6, 0x26,
    0x105, 0x15B, 0x15B, 0x11D, 0x3409, 0xFA, 0x17A, 0x17A, 0x94, 0x103, 0x14F, 0x173,
    0x103, 0x18, 0x179, 0x93, 0x84, 0x109, 0x103, 0x18E, 0x16D, 0x76, 0xD5, 0x159,
    0x59, 0x59, 0x75, 0x68, 0x180, 0x5E, 0x111, 0x8C, 0x5E, 0x26, 0x4A, 0xA,
    0x161, 0xE0, 0x3A, 0x10C, 0x177, 0x185, 0xFF, 0x26, 0x177, 0x77, 0x74, 0x91,
    0xB0, 0x5E, 0x111, 0x185, 0x69, 0xFA, 0xFA, 0x161, 0x190, 0x45, 0x11, 0x13,
    0x6A, 0x187, 0x10D, 0x12D, 0x14D, 0xB7, 0x6A, 0x3B, 0x6A, 0x174, 0xB0, 0x25,
    0x10D, 0xD4, 0x64, 0x31, 0x84, 0x84, 0xC6, 0x5E, 0x16F, 0x156, 0xB5, 0x190,
    0x172, 0x161, 0xA7, 0x8B, 0xB0, 0x172, 0xFF, 0x103, 0x19072, 0x12D, 0x172, 0x159,
    0xD3, 0x10B, 0x108, 0x6F, 0x10B, 0x18D, 0xC5, 0xAC, 0x18A, 0x88, 0xDA, 0x13B,
    0x103, 0x166, 0x8C, 0x10C, 0x58D2C, 0x176, 0x88, 0x153, 0x23, 0xB, 0x50, 0x74,
    0x133, 0x16A, 0x5A, 0x12F, 0x12F, 0x5E, 0x161, 0x18A, 0x15E, 0x5E, 0xB0, 0xAB,
    0xE, 0x29, 0x179, 0x177, 0x8C, 0x3B, 0x16E, 0x14E, 0x44, 0x153, 0x84, 0x15D,
    0x18D, 0x13C, 0x58, 0x91, 0xCC, 0x103, 0x103, 0x178, 0x94, 0xA8, 0xCB, 0x106,
    0x13B, 0x15F, 0xBE, 0xB0, 0x46, 0x14C, 0x147, 0xA6, 0x74, 0x74, 0x178, 0x9,
    0x58, 0xFA, 0x15A, 0x4E, 0x172, 0x179, 0x142, 0x10E, 0x105, 0x11D, 0xE0, 0x10A,
    0x15A, 0xB3, 0x71, 0x158, 0x49, 0x50, 0x8, 0x42, 0x159, 0x18, 0x16F, 0x174,
    0x71, 0x20, 0x47, 0xA8, 0x9A, 0x8C, 0x164, 0x14E, 0xC7, 0x169, 0xCD, 0x178,
    0x8C, 0x131, 0x16A, 0x83, 0x16E, 0xF, 0x119, 0x15A, 0x5E, 0x179, 0xC9, 0x15A,
    0x5E, 0x11A, 0x164, 0x177, 0x5DD0C, 0xC7, 0x160, 0x174, 0x131, 0x27, 0x146, 0x190,
    0x199, 0x14A, 0x5E, 0x179, 0xA5, 0xCB, 0xA8, 0x4B, 0x7F, 0x10C, 0x46, 0xB0,
    0x15D, 0x17B, 0x10D, 0xD8, 0xBB, 0x2F, 0x118, 0x174, 0x8A, 0x8, 0xAB, 0xF5,
    0x13B, 0x15F, 0x31, 0x15F, 0x179, 0x15C, 0xB2, 0x13D, 0x8, 0x118, 0x118, 0x87,
    0x15E, 0x168, 0x74, 0x109, 0x172, 0xE, 0x80, 0x146, 0x172, 0x4B, 0xD7, 0x77,
    0x7F, 0x6F, 0xC3, 0xD1, 0x172, 0x15B, 0x174, 0x149, 0x18E, 0x19, 0x124, 0x103,
    0xC5, 0x14C, 0x12B, 0x131, 0x1A, 0x26, 0x42, 0x5, 0xBC, 0x15A, 0x18D, 0x146,
    0x24, 0xFC, 0x10D, 0xFA, 0x178, 0x89, 0xBF, 0xBB, 0x109, 0x18E, 0x173, 0x8A,
    0x135, 0x15B, 0x163, 0x158, 0x18A, 0x18A, 0xC3, 0xC3, 0x71, 0xB8, 0xC7, 0x15F,
    0x32, 0xB0, 0xC5, 0x163, 0x21, 0x188, 0xC6, 0x162, 0xD3, 0x19D, 0x13B, 0x10C,
    0x148, 0x18D, 0xF9, 0xF9, 0x8B, 0x10D, 0x11, 0xB4, 0xF4, 0x6F, 0x15F, 0x87,
    0x193, 0x83, 0x58, 0xAC, 0x93, 0x93, 0x84, 0x173, 0x20, 0x8B, 0x12A, 0xDA,
    0x163, 0x15E, 0x27, 0x16C, 0x13B, 0x29, 0x25, 0x3C, 0xB0, 0x164, 0x12A, 0x172,
    0x8E, 0x39, 0x20, 0x103, 0x31, 0x162, 0x12D, 0xBF, 0x109, 0x174, 0x1F, 0xB0,
    0x182, 0x16A, 0xB2, 0x190, 0x181, 0x164, 0xC6, 0x164, 0x103, 0x118, 0x89, 0xCB,
    0x76, 0x11A, 0x86, 0x197, 0x8C, 0xFE, 0x77, 0xCF, 0x56, 0xAE, 0x8C, 0xA8,
    0xD0, 0xB0, 0x2F, 0xB0, 0x10C, 0xE4, 0xBC, 0x4B, 0x163, 0x190, 0xBA, 0xB0,
    0xBA, 0x5A, 0x171, 0xFA, 0xD9, 0x6A, 0x92, 0x174, 0x133, 0x15F, 0x18, 0x10D,
    0x10E, 0x4B, 0x18, 0xC5, 0x10D, 0x8C, 0x190, 0x197, 0x5916B, 0x83, 0xEE, 0xF7,
    0xEE, 0x165, 0x18E, 0xC4, 0x54, 0x95, 0xCF, 0x15F, 0x7A1D566, 0x16E, 0x97, 0x179,
    0x10D, 0xB7, 0x16A, 0x133, 0x161, 0x14F, 0x162, 0x8C, 0x161, 0x16D, 0x7F, 0x15A,
    0x3D, 0x27, 0x15A, 0x3D, 0x196, 0x7A, 0x10D, 0x172, 0x172, 0x15, 0x61, 0x178,
    0x10, 0x1E, 0x172, 0x12A, 0x24, 0x5E, 0x70, 0x59, 0x135, 0x8C, 0xD6, 0x18E,
    0x3B, 0x172, 0x18E, 0x18E, 0x8C, 0x18D, 0x164, 0x111, 0x18D, 0x115, 0x109, 0x8D,
    0x94, 0x179, 0xC9, 0x1F, 0x5, 0xE3, 0x84, 0x111, 0x88, 0x155, 0xB7, 0x3A,
    0xA, 0xF6, 0x170, 0x19F, 0xE, 0x12C, 0x145, 0x91, 0x77, 0x16B, 0x168, 0x18B,
    0x172, 0xF2, 0x14, 0x42, 0x156, 0x5E, 0x70, 0x18D, 0x18D, 0x111, 0xF4, 0x172,
    0xC7, 0x155, 0xD6, 0x69, 0x16A, 0x18A, 0x10D, 0xB, 0x178, 0x15F, 0xCC, 0x14,
    0x14, 0x5E, 0x26, 0x26, 0xA0, 0x115, 0x8A, 0x104, 0x89, 0x14, 0x8C, 0x54,
    0x64, 0x11A, 0x190, 0x6F, 0x173, 0x17, 0xB5, 0x95, 0x166, 0x194, 0x3C, 0x169,
    0xA6, 0x9C, 0xE3, 0x133, 0x88, 0xA6, 0x25, 0xB0, 0x92, 0x12F, 0x101, 0x64,
    0x172, 0x178, 0x18B, 0xB8, 0x10C, 0x110, 0x87, 0x172, 0x15, 0x194, 0x138, 0x128,
    0x110, 0xB0, 0xB2, 0xB2, 0xA0, 0x89, 0x5D, 0x20, 0xE, 0xA6, 0x147, 0x179,
    0xB7, 0x26, 0x21, 0x28, 0x4F, 0x10, 0xB3, 0x12B, 0xF7, 0xF7, 0x58, 0x179,
    0xBF, 0x71, 0x16E, 0x4B, 0x57D4A, 0x18D, 0x91, 0x172, 0x103, 0x71, 0x6B, 0x9C,
    0x103, 0x14A, 0x14A, 0x5E, 0x27, 0x164, 0xF, 0x46, 0xA6, 0x4C, 0x168, 0x168,
    0x77, 0x179, 0xA, 0xA, 0x5E, 0x178, 0x152, 0x16E, 0x84, 0xB, 0x29, 0xC0,
    0xF6, 0x3B, 0x17B, 0x143, 0x69, 0x39, 0x81, 0x118, 0x179, 0x11A, 0xD7, 0x8F,
    0x142, 0x8, 0x55153, 0x26, 0x123, 0xE3, 0x174, 0x8C, 0x105, 0x81, 0xA0, 0xB2,
    0xAA, 0xB0, 0x18A, 0x131, 0xC0, 0x172, 0x46, 0x164, 0x161, 0x15A, 0x10, 0x1A,
    0x87, 0x106, 0x126, 0xA, 0x162, 0xE, 0x5E, 0x89, 0x193, 0x89, 0x36, 0x87,
    0x3B, 0x17C, 0x56, 0x14, 0x162, 0x165, 0x11, 0x113, 0xC5, 0xAA, 0x5, 0x181,
    0x6F, 0x1A, 0x140, 0xE8, 0x20, 0xB2, 0xE, 0x8D, 0x3C, 0x133, 0x145, 0xE,
    0xAA, 0x5E, 0x11A, 0x18D, 0x4D, 0x133, 0x156, 0x131, 0x7, 0x164, 0x14, 0x24,
    0xA9, 0xBA, 0x15F, 0x161, 0xAA, 0x18A, 0x3A, 0x91, 0x17E, 0x131, 0x89, 0xF4,
    0x172, 0xAA, 0x16D, 0x15F, 0x15F, 0x170, 0x5A, 0x42545, 0x5E, 0x5B, 0x5E, 0x6,
    0x77, 0x87, 0x87, 0x89, 0x6D, 0xF, 0x16E, 0x6F, 0x93, 0xFB, 0xC7, 0xCC,
    0xCC, 0xCF, 0x131, 0x13B, 0x20, 0xBF, 0x93, 0xCC, 0x14C, 0xB2, 0x170, 0x18D,
    0x94, 0x15F, 0x12A, 0x15A, 0x15F, 0x14B, 0x178, 0xAA, 0x50, 0x4B, 0x109, 0xF5,
    0x87, 0xD1, 0x174, 0x69, 0x10D, 0x187, 0x8D, 0x6D, 0x41, 0x89, 0xBF, 0x10D,
    0x89, 0x15A, 0x93, 0x10D, 0xBF, 0xAA, 0x12F, 0x42, 0x6D, 0x58489, 0x6D, 0x16E,
    0x6F, 0xCC, 0x131, 0x20, 0xAA, 0x22C93, 0x87, 0x15F, 0x42, 0x14B, 0x178, 0x69,
    0x8D, 0x10D, 0x24C8B, 0x10C, 0x8D, 0x34, 0x93, 0x18D, 0x22, 0x87, 0x6A, 0x3B,
    0x198, 0x42, 0x12B, 0x80, 0x10E, 0x64, 0x131, 0x5908C, 0x6F, 0x68, 0x29, 0x8C,
    0x85, 0x10C, 0x166, 0x13E, 0xE0, 0x87, 0xBC, 0x18D, 0x185, 0xE, 0x166, 0x7F,
    0x12B, 0x68, 0x18D, 0x16B, 0x29, 0x15F, 0x172, 0xB0, 0x93, 0x15F, 0x16E, 0x15F,
    0x16E, 0x16E, 0x47, 0x5E, 0x10C, 0x10C, 0x8B, 0x7D, 0x87, 0x56, 0x16C, 0x45,
    0x7D, 0x1F, 0x147, 0x169, 0x8C, 0x172, 0x115, 0x16C, 0x173, 0x12A, 0x103, 0x155,
    0x87, 0x16C, 0x173, 0x50, 0x59, 0x16D, 0x170, 0x13C, 0x12F, 0x173, 0x165, 0x93,
    0x163, 0xDB, 0x24, 0x177, 0x18D, 0x167, 0x57, 0x165, 0x22, 0x12D, 0x16E, 0x120,
    0x196, 0x169, 0x172, 0x172, 0x13E, 0x26, 0x77, 0x12F, 0x77, 0x169, 0x18B, 0x190,
    0x18C, 0x69, 0x198, 0x198, 0x187, 0x6A, 0x5E, 0x89, 0x46, 0xB7, 0x42, 0x16F,
    0xB0, 0xDA, 0xF4, 0x18F, 0x61, 0x172, 0x91, 0x170, 0x185, 0x172, 0x172, 0x10D,
    0x189, 0xFF, 0xE, 0x167, 0x10D, 0x6, 0x39, 0x19B, 0x147, 0x190, 0x31, 0x18A,
    0x176, 0x169, 0x16C, 0x172, 0x83, 0x77, 0x131, 0x1E, 0x163, 0x131, 0x79, 0x1E,
    0x69, 0x6F, 0x10E, 0x84, 0x8C, 0x80, 0x60, 0x162, 0x15A, 0x12F, 0x18F, 0x14F,
    0xCC, 0x187, 0xD1, 0x50, 0x84, 0x16E, 0x167, 0x6B, 0x54, 0x13, 0x14C, 0x172,
    0xAE, 0x190, 0xA4, 0xA1, 0x15E, 0x178, 0x149, 0x87, 0x18D, 0x115, 0x34, 0xAB,
    0x50, 0xA4, 0x51, 0x131, 0x14E, 0x3B, 0xB, 0x20, 0x177, 0x9D, 0x107, 0x109,
    0x134, 0x3, 0x178, 0x163, 0x25, 0x8C, 0x161, 0x15E, 0x15E, 0x63, 0x13C, 0x15,
    0x84, 0x8E, 0x13A, 0x18B, 0x13A, 0x4B, 0x80, 0x21, 0x138, 0x8C, 0x9A, 0x10D,
    0x32, 0x163, 0x140, 0x159, 0x161, 0x58, 0x26, 0x143, 0x172, 0xE0, 0x173, 0x45,
    0xFA, 0x197, 0x20, 0x24, 0x196, 0x87, 0x103, 0x145, 0x195, 0x15A, 0x91, 0x10A,
    0x49, 0x18C, 0x181, 0x19A, 0x105, 0x197, 0xB3, 0x89, 0x29, 0x76, 0xBE, 0x12F,
    0x10, 0x80, 0xFB, 0x178, 0x46, 0x169, 0xFB, 0x131, 0x16A, 0x131, 0x85, 0x80,
    0x50, 0x18E, 0x42, 0x164, 0x5E, 0x102, 0x14E, 0x89, 0x103, 0x178, 0x198, 0x193,
    0x15F, 0x84, 0x173, 0x3, 0x161, 0xD8, 0x24, 0x5A, 0x190, 0x16F, 0x16E, 0x83,
    0x16A, 0x64, 0xED, 0x103, 0xD4, 0x171, 0x15A, 0x166, 0x149, 0x18F, 0x12A, 0x89,
    0x100, 0xA5, 0x83, 0x86, 0x64, 0x174, 0xCC, 0x163, 0xCC, 0x15F, 0x106, 0x24,
    0x16B, 0x14A, 0x13E, 0x9, 0x26, 0x105, 0x131, 0x8A, 0x179, 0x164, 0x77, 0x147,
    0x170, 0x170, 0xBC, 0x178, 0x10, 0x32, 0x10A, 0xB0, 0xD3, 0xD3, 0x12B, 0x18A,
    0xD2, 0x89, 0x181, 0x8C, 0xB2, 0xBB, 0x18, 0xF1, 0x70, 0x15F, 0x197, 0x5,
    0x5, 0x8D, 0x18A, 0x172, 0x7F, 0x8A, 0xC5, 0x22, 0x74, 0x80, 0x20, 0x169,
    0x184, 0x125, 0x15F, 0x185, 0x4D, 0x18C, 0xDA, 0xAA, 0x50, 0x174, 0x93, 0x87,
    0x19E, 0x8B, 0x14, 0x84, 0x193, 0x15E, 0x183, 0x185, 0x131, 0x107, 0x145, 0x183,
    0x102, 0x130, 0x16A, 0x180, 0x145, 0x3C, 0x140, 0x161, 0x87, 0x8B, 0x8E, 0x187,
    0xD9, 0x172, 0x2, 0x187, 0xFA, 0x84, 0x80, 0x172, 0x172, 0x12A, 0x112, 0xE9,
    0x105, 0x4D, 0x143, 0x7F, 0x18F, 0x76, 0x2, 0x174, 0x89, 0x178, 0x89, 0x84,
    0x4B, 0x18A, 0x16A, 0x17E, 0xAE, 0x12F, 0x15A, 0x20, 0xB0, 0x172, 0xF, 0x18A,
    0x16E, 0x50, 0x28, 0x15A, 0x28, 0x170, 0x20, 0x112, 0x173, 0xAA, 0x24, 0x164,
    0xE4, 0x82, 0x17E, 0x172, 0x3C, 0x187, 0x16E, 0x4B, 0x16E, 0x87, 0x47, 0x5E,
    0x115, 0x87, 0x8C, 0x7D, 0x147, 0x112, 0x12A, 0x103, 0x155, 0x16C, 0x172, 0x16C,
    0x87, 0x115, 0x8A, 0x84, 0xF1, 0x91, 0x16D, 0xDB, 0x169, 0x50, 0xBE, 0x167,
    0x13C, 0x5A, 0x12D, 0x57, 0x93, 0x18C, 0x6A, 0x77, 0xFF, 0x19B, 0x63531, 0x167,
    0x185, 0x13E, 0x18B, 0x42, 0x18F, 0x31, 0x10D, 0x189, 0xE, 0x172, 0x172, 0xA4,
    0xAE, 0x131, 0x6B, 0x131, 0x8C, 0x84, 0x25, 0x190, 0x12F, 0x80, 0x3B, 0x69,
    0x10E, 0x6F, 0x16C, 0x172, 0x18C, 0x60, 0x162, 0x1E, 0x85, 0x169, 0x18F, 0x8C,
    0x15E, 0x178, 0x107, 0x15E, 0x63, 0x177, 0x84, 0xA4, 0x4E13A, 0x13C, 0x51, 0x10A,
    0x190, 0x19A, 0xED, 0x1284B, 0x197, 0x58, 0x9A, 0x15A, 0x178, 0x4B938, 0x12F, 0x53045,
    0x20, 0xB3, 0x196, 0x140, 0x145, 0x12F, 0x172, 0xD4, 0x24, 0x46, 0x83, 0x89,
    0x164, 0x16B, 0x171, 0x15A, 0x50, 0x178, 0x16A, 0x20, 0x198, 0x3, 0x16E, 0x42,
    0xCC, 0xFB, 0x169, 0xD3, 0x3C, 0x13E, 0x164, 0x170, 0x9, 0x131, 0x105, 0xCC,
    0x8D, 0xC5, 0x18A, 0x89, 0xD2, 0x145, 0x183, 0x107, 0xAA, 0x102, 0x93, 0x16E,
    0x105, 0x187, 0x24, 0x6A, 0x105, 0x7D, 0x160, 0x87, 0x7D, 0x74, 0x7D, 0x15F,
    0x15F, 0x86, 0xB4, 0x74, 0x4B, 0xBA, 0x4A, 0x8A, 0x103, 0x26, 0xB0, 0x41,
    0x158, 0xE, 0x133, 0x161, 0x5A, 0x18D, 0x18D, 0x16E, 0x16E, 0x131, 0x29, 0x84,
    0x154, 0x172, 0x154, 0x172, 0x89, 0x6, 0x7E, 0x50, 0x29, 0x162, 0x82, 0x89,
    0x9C, 0x60, 0x91, 0x5E, 0x15F, 0x12, 0x76, 0x178, 0x190, 0x88, 0x59, 0x15F,
    0x14, 0x15B, 0x82, 0x12, 0x42, 0x199, 0x59, 0x172, 0x6198D, 0xA, 0x1F, 0x3,
    0xFA, 0xD6, 0xFA, 0x69, 0xD6, 0x177, 0x45, 0xD3, 0x13B, 0x168, 0x82, 0xA6,
    0x77, 0x1DC76, 0xD3, 0x3, 0xC7, 0xB0, 0xE0, 0xE, 0x178, 0x88, 0x152, 0xC7,
    0xFA, 0x15F, 0x172, 0x91, 0xD3, 0x29, 0x145, 0x82, 0x93, 0xB, 0x18B, 0x179,
    0x5E, 0x17, 0x68, 0x148, 0x172, 0x75, 0x158, 0xFE, 0x86, 0x56, 0x145, 0x6D,
    0x181, 0x18D, 0x54, 0x190, 0x131, 0xE, 0x198, 0x54, 0x6F, 0xFB, 0xF, 0xC4,
    0x3A, 0x130, 0xA4, 0x58, 0x14D, 0x172, 0x26, 0xC7, 0x77, 0xE, 0xBC, 0xB6,
    0x84, 0x60, 0xFB, 0x198, 0x88, 0x169, 0x182, 0x8B, 0x60, 0x17F, 0x89, 0x174,
    0x16C, 0x18B, 0x12D, 0x12, 0x12, 0x10C, 0x12D, 0x2C, 0x17F, 0x18F, 0xA9, 0x17E,
    0x31, 0x24, 0x12B, 0x14B, 0xF7, 0x67, 0x161, 0xC4, 0x89, 0x140, 0x5E, 0x145,
    0x32, 0x32, 0x18D, 0x87, 0x188, 0x4B, 0x8D, 0x167, 0x2F, 0x17B, 0xA, 0x17D,
    0xA9, 0x5A, 0x19, 0x87, 0x130, 0x172, 0x193, 0x5E, 0x69, 0x121, 0x181, 0xB4,
    0x172, 0x7, 0x24, 0x158, 0x18D, 0x195, 0x10, 0x17B, 0x184, 0x3B, 0x17E, 0x16E,
    0x102, 0x12A, 0x158, 0x174, 0x8D, 0x61, 0x161, 0x17F, 0xE, 0x4B, 0x133, 0x16E,
    0x12B, 0x16A, 0xBA, 0x61, 0x17F, 0xB, 0x18B, 0x5E, 0x179, 0x68, 0x17, 0x181,
    0x161, 0x7, 0x188, 0x86, 0x18D, 0x56, 0x145, 0xFE, 0xF, 0x69, 0x190, 0x6D,
    0x54, 0x89, 0xC, 0x131, 0x14D, 0x6F, 0xA4, 0x3A, 0xC7, 0x58, 0x77, 0x172,
    0x182, 0x18D, 0x1A888, 0x84, 0x198, 0xB6, 0xBC, 0x17F, 0x198, 0x60, 0x8D, 0x10C,
    0x18B, 0xA9, 0x12D, 0x5E, 0x4B, 0x87, 0x133, 0x12B, 0x31, 0xE, 0x18F, 0x67,
    0xF7, 0x3B, 0xA9, 0x5A, 0x195, 0x5E, 0x193, 0x121, 0x181, 0x16E, 0x17E, 0x17B,
    0x184, 0x12A, 0x174, 0x61, 0x26, 0x15F, 0x12D, 0xD8, 0x14F, 0x15F, 0x25, 0x77,
    0x25, 0x18A, 0x160, 0x146, 0x19A, 0x19A, 0xB0, 0x90, 0x5E, 0x189, 0x61, 0x103,
    0x12A, 0x10B, 0x173, 0x161, 0x198, 0x93, 0x109, 0x26, 0x31, 0x24, 0x24, 0x46,
    0x42091, 0x22, 0x42, 0x15F, 0x187, 0x93, 0x17A, 0x10D, 0x87, 0x26, 0x29, 0x6B,
    0x16B, 0x198, 0x14C, 0x4F, 0xB5, 0x61, 0x142, 0x34, 0x15F, 0x189, 0x13E, 0x173,
    0x91, 0x89, 0x10F, 0x146, 0x30, 0x36, 0xBC, 0x10D, 0x3C, 0x10C, 0x198, 0x14A,
    0x10D, 0x26, 0x83, 0x107, 0x107, 0x8B, 0x180, 0x14A, 0x54, 0x17E, 0x17E, 0x19B,
    0xF2, 0xA, 0xA0, 0x9A, 0x4E, 0x93, 0x5E, 0x24, 0x89, 0x57, 0x18D, 0x143,
    0x17A, 0x6, 0x103, 0x17A, 0x106, 0x155, 0x144, 0x172, 0xE1, 0xB7, 0xC9, 0x6,
    0x46, 0xA0, 0x155, 0x88, 0x31, 0xF6, 0x104, 0x190, 0x91, 0x44, 0x18D, 0x5E,
    0xF4, 0x91, 0x12A, 0x14, 0xE0, 0x91, 0xB0, 0x66, 0x172, 0x87, 0x4F, 0x161,
    0x8B, 0x4F, 0x190, 0x10E, 0xA1, 0x192, 0x6F, 0x10B, 0xA5, 0x162, 0x26, 0xBC,
    0xFB, 0x18D, 0x88, 0x14C, 0x17, 0x89, 0x39, 0x107, 0xE, 0x161, 0x4F, 0x87,
    0x91, 0x87, 0x133, 0x151, 0x29, 0x8E, 0xE4, 0x163, 0x15, 0x16B, 0x37, 0xD5,
    0x133, 0xB3, 0x176, 0x8B, 0x28, 0x107, 0xD4, 0x143, 0x89, 0x103, 0x15D, 0x15A,
    0x30, 0x8C, 0x87, 0xE4, 0x91, 0xE4, 0xBE, 0xBC, 0xAF, 0x81, 0x91, 0x26,
    0x158, 0x10E, 0x14A, 0x14, 0x19B, 0x108, 0x172, 0x34, 0x199, 0x17, 0x199, 0xF9,
    0x18D, 0x18C, 0x44, 0x18D, 0x178, 0x4F, 0x4E, 0x2C, 0x176, 0x18E, 0x42, 0x185,
    0x24, 0x2B, 0x89, 0x6B, 0x146, 0x91, 0x5E, 0x19B, 0x46, 0xFB, 0x119, 0xED,
    0x14A, 0x1E, 0x153, 0x89, 0x3D, 0x38, 0x57D03, 0x143, 0x106, 0xE1, 0x44, 0x14A,
    0x87, 0xE4, 0xF4, 0xB8, 0x17E, 0xE, 0x27, 0xBC, 0xB4, 0x34, 0x146, 0x3A,
    0x13E, 0x15F, 0xA5, 0x87, 0x18D, 0x106, 0x42, 0xF4, 0x199, 0xB2, 0xD, 0x180,
    0xE1, 0x11, 0x153, 0x91, 0x41, 0x1D, 0x161, 0x56, 0x29, 0x18E, 0x4E, 0x14,
    0x34, 0x34, 0x93, 0x93, 0xB6, 0x143, 0x107, 0x93, 0x102, 0xB4, 0x4E, 0x35,
    0x6D, 0x180, 0x39, 0xE, 0xE, 0x190, 0x91, 0x29, 0x107, 0x4E, 0x28, 0x87,
    0x15E, 0x17A, 0xE1, 0xB6, 0xB5, 0x18D, 0xB0, 0x18D, 0x20, 0x29, 0x4C, 0x15A,
    0xBA, 0xB6, 0x161, 0x15A, 0x19C, 0xAA, 0x164, 0x112, 0x120, 0xE4, 0x143, 0x10D,
    0x87, 0x35, 0x38, 0x15F, 0xA5, 0x93, 0xB6, 0x12F, 0x68, 0x3B, 0x59, 0x10D,
    0x14A, 0x4F, 0x4F, 0x68, 0xAB, 0x115, 0xBF, 0x2, 0x87, 0x91, 0x146, 0x9E,
    0xAC, 0x16E, 0xC9, 0x98, 0x10D, 0xBB, 0xAC, 0x4F, 0x18D, 0x16E, 0x14A, 0x3D,
    0x174, 0x178, 0x23, 0x16D, 0x6F, 0x94, 0x15A, 0x17A, 0x165, 0x3A, 0x16A, 0x56,
    0x115, 0x12A, 0xA4, 0x133, 0x154, 0x24, 0x3A, 0x50, 0xD6, 0x103, 0xC7, 0x11C,
    0xA4, 0x105, 0x193, 0x7D, 0x7F, 0x10D, 0xA4, 0x42, 0xB7, 0x3A, 0x5, 0x18B,
    0x56, 0xA4, 0x16F, 0xF9, 0xB, 0x6A, 0x6A, 0xF6, 0x190, 0x118, 0x50, 0x6,
    0x18F, 0x18D, 0x170, 0x9A, 0x172, 0x18D, 0x131, 0xFF, 0x54, 0x68, 0x91, 0x8B,
    0x6E, 0xBC, 0x96, 0x10E, 0x18F, 0x17D, 0x18D, 0x12D, 0xB3, 0x178, 0x12C, 0x177,
    0x158, 0x173, 0x18A, 0x158, 0x5E, 0x10A, 0x18F, 0xE0, 0xAF, 0x18A, 0x187, 0xB3,
    0x198, 0x84, 0x159, 0x30, 0x71, 0x97, 0x172, 0xF9, 0x105, 0x70, 0xE1, 0xFF,
    0x6D, 0xB, 0xBE, 0xF3, 0xB3, 0x11C, 0x119, 0x87, 0x16F, 0x161, 0x2C, 0x33,
    0x2F, 0x64, 0x177, 0x7D, 0x133, 0x5E, 0x198, 0x5E, 0x15B, 0xC, 0x187, 0x178,
    0x15B, 0x147, 0x6A, 0x18B, 0x160, 0x179, 0xBC, 0x8B, 0x22, 0x193, 0x15A, 0x85,
    0x16B, 0x18A, 0x8B, 0x187, 0x15, 0xAC, 0x59, 0x56, 0xB6, 0x64, 0x125, 0x97,
    0x82, 0x172, 0x87, 0x195, 0x54, 0x178, 0x89, 0x7D, 0xAE, 0xF7, 0xB0, 0xB0,
    0xBC, 0xB6, 0x24423, 0x6156D, 0x6F, 0x16A, 0x3A, 0x115, 0x193, 0x50, 0xBE, 0x11C,
    0x7D, 0x6A, 0x9A, 0xBC, 0x18F, 0x18D, 0x172, 0x7F, 0x18B, 0xB0, 0x170, 0x10A,
    0x131, 0x17D, 0x18D, 0x8B, 0x18F, 0x10E, 0xBC, 0x8B, 0x18A, 0x5E, 0xB3, 0xE1,
    0xB, 0x84, 0x70, 0x159, 0xB3, 0x30, 0x198, 0x33, 0x5E, 0x87, 0x15B, 0x133,
    0xF7, 0x179, 0x160, 0x187, 0xBC, 0x18A, 0xB6, 0x165, 0x6A, 0x31, 0x31, 0x38FA,
    0x19D, 0xF, 0xA8, 0xA8, 0x31, 0x16B, 0x8, 0xF, 0xF, 0xF, 0x16B, 0xF,
    0x8, 0x31, 0xF, 0xF, 0x24, 0x11A, 0xE8, 0xE8, 0x20, 0x30, 0x30, 0x172,
    0x116, 0xF, 0xF, 0x131, 0x178, 0xB4, 0x39, 0x20, 0x61, 0x105, 0x178, 0x178,
    0x103, 0x16C, 0x172, 0x71, 0xC4, 0x103, 0x17C, 0x159, 0x151, 0x196, 0x174, 0x39,
    0x17B, 0x8D, 0x75, 0x16D, 0x56, 0x15E, 0x39, 0x50, 0x20873, 0x18A, 0x39, 0x8D,
    0x179, 0x15A, 0xB2, 0x26, 0x23, 0xE0, 0x14C, 0x18D, 0x172, 0x8F, 0x88, 0x24,
    0x3A, 0x54, 0x42, 0x3CD00, 0x190, 0x46, 0x181, 0x147, 0x133, 0x155, 0x10D, 0x8E,
    0x84, 0x49, 0x177, 0xCC, 0xD, 0x87, 0xD7, 0x172, 0x8C, 0x195, 0xB5, 0x16C,
    0x153, 0x13C, 0x131, 0x147, 0xF5, 0x7E, 0xE0, 0x4E, 0x8F, 0x16A, 0x16C, 0x15,
    0x177, 0x163, 0x10C, 0x150, 0x190, 0x10C, 0x42, 0x42, 0x151, 0x8E, 0x14A, 0x4A,
    0x172, 0x18A, 0x14F, 0x6E, 0x15E, 0x131, 0x25, 0x13E, 0x180, 0x110, 0x5A, 0xB2,
    0x142, 0x84, 0xB0, 0x6A, 0xA9, 0xC, 0x38, 0x93, 0xD, 0x82, 0x3A, 0xBC,
    0x177, 0x18F, 0x8D, 0x178, 0x30, 0xA5, 0x15A, 0x14A, 0x172, 0x39, 0x179, 0xBF,
    0xE, 0xED, 0x178, 0x3C, 0x140, 0x4E, 0x140, 0x16E, 0x2C, 0x26, 0x14A, 0x178,
    0x131, 0x18B, 0x177, 0x17B, 0x50, 0xF, 0x71, 0x50, 0x160, 0x83, 0x10C, 0x3D,
    0x39, 0x15A, 0xD8, 0x172, 0x69, 0x170, 0x28, 0xB8, 0x16C, 0x143, 0x42, 0x26,
    0x179, 0x13E, 0x143, 0x105, 0xC3, 0x170, 0x6D, 0x188, 0x5, 0x131, 0x16, 0x26,
    0x13E, 0x180, 0x18A, 0x4E, 0x42, 0xBB, 0x26, 0x38, 0xB6, 0x19E, 0x113, 0x105,
    0x16A, 0x178, 0x172, 0x50, 0xB4, 0x91, 0x131, 0xE, 0x170, 0xC4, 0x164, 0x140,
    0x73, 0x187, 0x149, 0x54, 0xCE, 0xF, 0xF, 0xA8, 0xB0, 0x179, 0x170, 0xBF,
    0xB0, 0x172, 0x14E, 0x41, 0x103, 0x176, 0x12A, 0x74, 0x178, 0xC6, 0x11A, 0x10B,
    0x15F, 0xA4, 0x5E, 0x98, 0x12, 0x57, 0x166, 0xD6, 0x165, 0x12F, 0x9, 0x179,
    0x37, 0x86, 0x164, 0x9, 0x15E, 0x91, 0x177, 0x74, 0x144, 0x10C, 0xE, 0xFA,
    0x13, 0x12C, 0xB, 0x156, 0x42, 0x19A, 0x171, 0xB6, 0xA4, 0x6F, 0x190, 0x131,
    0xA0, 0x178, 0x60, 0x77, 0x108, 0x18D, 0x87, 0x5B082, 0x7E, 0x166, 0x8B, 0x15F,
    0x6F, 0xED, 0xAB, 0x88, 0xA2, 0x18C, 0xAB, 0x17B, 0x16E, 0x25, 0x4A, 0x15F,
    0xC0, 0x5E, 0x15E, 0x5E, 0x63, 0x76, 0xAB, 0x88, 0x67, 0x94, 0x174, 0x14,
    0x15F, 0xB, 0xB0, 0x17B, 0x15, 0x163, 0x103, 0xFA, 0x10A, 0x71, 0x18F, 0x145,
    0x19A, 0xFF, 0xA9, 0xE0, 0x24, 0x177, 0x15, 0x162, 0x3B, 0x91, 0x176, 0x107,
    0x172, 0x12C4A, 0x16E, 0xC9, 0x11F, 0xB, 0x50, 0x133, 0x92, 0x178, 0x17B, 0x7E,
    0xA5, 0x162, 0x162, 0x13D, 0x146, 0xD1, 0x15F, 0x11A, 0x29, 0x198, 0x19A, 0x171,
    0x15E, 0x162, 0x17B, 0x76, 0x176, 0xE, 0xC7, 0x22, 0x5E, 0xB4, 0x173, 0x193,
    0x7F, 0x107, 0x16E, 0x188, 0xC5, 0x107, 0x169, 0x41, 0xE, 0x16C, 0xE, 0x184,
    0x15A, 0x18C, 0xC7, 0x12A, 0xB6, 0x100, 0x3B, 0xCB, 0x171, 0x1A, 0xA2, 0x5A,
    0xCB, 0x19A, 0xA4, 0xB2, 0x17E, 0x20, 0x177, 0x87, 0x16E, 0x20, 0x17E, 0xB7,
    0x82, 0x15F, 0x5A, 0x17E, 0xB0, 0x177, 0x47, 0x10C, 0x197, 0xF7, 0x18F, 0x172,
    0x61, 0x178, 0x90, 0x16E, 0x19D, 0xC7, 0x18B, 0x169, 0x4A, 0x18B, 0x59, 0x179,
    0x5E, 0x17B, 0x144, 0x14B, 0x104, 0x155, 0x19F, 0x74, 0x6A, 0x13E, 0x100, 0x28,
    0x17D, 0xD1, 0xAC, 0x30, 0x28, 0x177, 0x14F, 0x18D, 0x161, 0x8A, 0x25, 0x173,
    0x151, 0x8B, 0xC9, 0xA0, 0x13F, 0xAE, 0x102, 0x19D, 0x73, 0x16E, 0x131, 0xE2,
    0x15A, 0xBC, 0xAA, 0x16E, 0x147, 0xF7, 0x187, 0x2F, 0x145, 0x19D, 0x195, 0x34,
    0xA6, 0x14A, 0x161, 0x4B, 0x7F, 0x169, 0x166, 0x145, 0x10C, 0x2F, 0x17B, 0x100,
    0x9A, 0x13D, 0xCC, 0x10E, 0x28, 0x38, 0x17B, 0x176, 0x4, 0x185, 0x73, 0x146,
    0x8A, 0xFC, 0x24, 0x178, 0xB0, 0x180, 0xAC, 0x172, 0x8A, 0x15, 0x8B, 0x15F,
    0x145, 0x55, 0xE8, 0x172, 0xB0, 0x91, 0x16E, 0x172, 0xE2, 0x11A, 0x16C, 0x28,
    0x16E, 0xB7, 0xCC, 0xCC, 0xE2, 0x165, 0x8B, 0x129, 0xCC, 0x16E, 0xF, 0x17,
    0x131, 0x177, 0x131, 0x131, 0xB0, 0x9D8E, 0x171, 0xB3, 0x15F, 0x8D, 0x8D, 0x5F,
    0x172, 0xB4, 0x3D, 0x189, 0x47, 0x100, 0x10C, 0x6, 0x5E, 0x18B, 0x18D, 0x6,
    0xBD, 0x5E, 0xD7, 0x45, 0x12A, 0x107, 0x9F, 0x2C, 0x198, 0x56, 0x80, 0x80,
    0x74, 0x62, 0x103, 0xC6, 0x117, 0x42, 0x13B, 0x15F, 0x172, 0x1F, 0x131, 0x151,
    0x15F, 0xEE, 0x105, 0x10C, 0x89, 0xFA, 0x171, 0x8D, 0x6, 0x57, 0x24, 0x166,
    0x4A, 0x17A, 0x105, 0x5E, 0x15, 0xD6, 0x165, 0x50, 0x93, 0x4E, 0x69, 0x173,
    0x105, 0x8, 0x120, 0x115, 0x22, 0xE7, 0x59, 0x17B, 0x172, 0x109, 0xFA, 0x71,
    0x7D, 0x173, 0x94, 0x45, 0x172, 0x18E, 0x15F, 0x60, 0x117, 0x86, 0x144, 0x98,
    0x179, 0xBC, 0x50, 0x109, 0x4F, 0x198, 0xE0, 0x151, 0x131, 0xD0, 0x6A, 0x9A,
    0xB7, 0x13, 0x13B, 0x6A, 0x14, 0xFA, 0x178, 0x13B, 0x19F, 0x15, 0x177, 0x14B,
    0x88, 0x18B, 0x131, 0x131, 0x18D, 0x91, 0x20, 0x131, 0x131, 0x16A, 0x189, 0xA,
    0x77, 0xE, 0x130, 0x29, 0x131, 0x14, 0x190, 0x26, 0x17C, 0x100, 0x14F, 0x105,
    0x5E, 0x186, 0xC7, 0x105, 0x5E, 0xB0, 0x17A, 0xFA, 0x16F, 0x8, 0x14, 0x8C,
    0x69, 0x133, 0x18C, 0xD5, 0x15F, 0x15F, 0x42, 0x88, 0xD5, 0x145, 0x82, 0x172,
    0x13B, 0xA4, 0x95, 0xB, 0x89, 0x14F, 0x166, 0x7D, 0x8B, 0x26, 0x54, 0x64,
    0x13, 0x131, 0xD4, 0x88, 0x173, 0x94, 0x18F, 0x27, 0x162, 0x14F, 0xD3, 0xAE,
    0x87, 0x178, 0x169, 0x115, 0x19E, 0x18D, 0x10B, 0x12A, 0x26, 0x161, 0x166, 0x10E,
    0xFA, 0x14D, 0x190, 0x162, 0xD1, 0xA1, 0x170, 0x161, 0x161, 0x168, 0x94, 0x1E,
    0xAC, 0x87, 0xFA, 0x11A, 0xCC, 0x172, 0x173, 0x6E, 0x3, 0x48, 0x177, 0x125,
    0x99, 0x105, 0xBD, 0x13B, 0x2, 0x45, 0x74, 0x11D, 0x131, 0x9D, 0x10C, 0x163,
    0x18A, 0x168, 0x17F, 0x14A, 0x38, 0x6B, 0x7D, 0x18E, 0x150, 0xC0, 0xC9, 0xAB,
    0x158, 0x165, 0x17B, 0xB, 0x15E, 0x13E, 0x178, 0x20, 0x47, 0x14, 0x74, 0x88,
    0x7D, 0x35, 0x5A, 0x20, 0x158, 0x18D, 0x13B, 0x16A, 0x80, 0x178, 0x14C, 0xA4,
    0x197, 0xC1, 0x166, 0x109, 0x12F, 0x74, 0xC1, 0x171, 0x29, 0x184, 0x91, 0x161,
    0x50, 0xC6, 0x102, 0xB0, 0xF4, 0x11D, 0x25, 0x63, 0xB0, 0x148, 0x13, 0x190,
    0x18B, 0x151, 0xB8, 0x19D, 0x91, 0x21, 0x179, 0x89, 0x62, 0x45, 0x147, 0x21,
    0xBE, 0x71, 0xB7, 0xFA, 0xBC, 0xB0, 0x106, 0x101, 0x92, 0xD0, 0x19D, 0xF9,
    0x3, 0xFA, 0x161, 0x16D, 0x195, 0xAE, 0x1, 0x9E, 0x143, 0xA6, 0x4B, 0xDC,
    0x2E, 0x198, 0x18C, 0xC, 0xE4, 0x199, 0x2F, 0x145, 0x47, 0x103, 0x105, 0x195,
    0x87, 0x178, 0x8D, 0x6D, 0xC7, 0x21, 0x14B, 0x15F, 0xB2, 0x147, 0x6A, 0x38,
    0x133, 0x18B, 0xBC, 0xCB, 0xBC, 0x80, 0x10, 0x5F, 0xA9, 0x9C, 0x57, 0x15E,
    0xD7, 0x158, 0x17E, 0x7F, 0x3E, 0x161, 0xFB, 0x86, 0xB3, 0x55, 0xCA, 0x96,
    0x174, 0x42, 0xB2, 0x71, 0x161, 0x4B, 0x151, 0x15A, 0x199, 0x5E, 0x119, 0x87,
    0x50, 0x94, 0x24, 0x14A, 0x185, 0x7F, 0x16F, 0x4C, 0x160, 0x178, 0x9D, 0x130,
    0x83, 0x15A, 0x5E, 0x189, 0x1E, 0x108, 0x131, 0x7D, 0xA5, 0x14B, 0xD4, 0x107,
    0x107, 0x7E, 0x150, 0x32, 0x82, 0x171, 0xD0, 0x89, 0x4C, 0x89, 0x13C, 0xA5,
    0x7F, 0x16A, 0x18A, 0x8C, 0x18B, 0xF, 0x18E, 0x198, 0x168, 0x171, 0xC9, 0xF3,
    0x2, 0x8C, 0x105, 0xC9, 0x142, 0x39, 0x9, 0x160, 0xB2, 0x142, 0x96, 0xB8,
    0x170, 0x171, 0xE9, 0x15C, 0x118, 0x146, 0x142, 0x106, 0xB0, 0x13A, 0x2E, 0x14,
    0xF4, 0x39, 0xE, 0x123, 0x62, 0x198, 0x15E, 0x174, 0x83, 0x14C, 0xB8, 0x96,
    0x141, 0x128, 0x13D, 0x158, 0x76, 0x18B, 0x18B, 0xAB, 0x172, 0x179, 0x146, 0xE4,
    0x15F, 0x88, 0x64, 0xC3, 0x92, 0x13C, 0x19B, 0x142, 0x160, 0x5A, 0x15B, 0xD6,
    0xBC, 0x142, 0xF1, 0x19B, 0x152, 0x168, 0x6D, 0x16A, 0xB2, 0x132, 0x5, 0xC5,
    0xD3, 0xBF, 0xE, 0x15A, 0xB8, 0x42, 0x122, 0x199, 0x172, 0xBC, 0x5, 0x9D,
    0x106, 0x36, 0x103, 0x21, 0x146, 0xC5, 0x176, 0x20, 0x5A, 0x8E, 0x10, 0x133,
    0xBB, 0x168, 0x32, 0xBA, 0x17E, 0x89, 0x1A, 0xB0, 0x160, 0x15F, 0x98, 0x137,
    0xD, 0x188, 0x105, 0x25, 0xBC, 0x80, 0x87, 0x102, 0x84, 0x106, 0x100, 0xB6,
    0x125, 0x168, 0x122, 0x25, 0xA5, 0x13B, 0xB8, 0xDA, 0x83, 0xFD, 0x140, 0x56,
    0x107, 0x10E, 0x16F, 0x146, 0x162, 0x93, 0x8B, 0x19E, 0xB4, 0x108, 0xAC, 0x4D,
    0x165, 0x17E, 0x87, 0x89, 0x18E, 0x41, 0x16D, 0x174, 0x4D, 0x93, 0xE9, 0x17E,
    0x102, 0x14D, 0x56, 0x25, 0x47, 0x12A, 0x96, 0x89, 0x58, 0x140, 0xBC, 0x92,
    0x84, 0x178, 0xB2, 0x197, 0x107, 0x89, 0x197, 0xAE, 0xE, 0x14D, 0x82, 0x171,
    0x4F, 0x71, 0x3C, 0x91, 0x59, 0x39, 0xB, 0x172, 0x2, 0x199, 0x16C, 0x45,
    0x190, 0x7A, 0x195, 0x87, 0xE4, 0x77, 0x86, 0x10A, 0x12, 0x174, 0xA5, 0xE6,
    0x169, 0x89, 0x89, 0x105, 0x1E, 0x18D, 0xCF, 0xB0, 0xAE, 0x87, 0x19C, 0xA4,
    0x12B, 0xF9, 0xA8, 0x4B, 0x13A, 0x30, 0xC0, 0x10, 0xA, 0xBC, 0x161, 0xA3,
    0xBA, 0x50, 0xBC, 0x165, 0x89, 0xAA, 0x14, 0x89, 0x170, 0x20, 0x162, 0x89,
    0x15F, 0x6D, 0x19, 0xE4, 0xAE, 0x35, 0x10D, 0xF4, 0xBF, 0x19C, 0xBD, 0x180,
    0xE4, 0x93, 0x146, 0x190, 0xAA, 0x8D, 0x5F, 0x172, 0x18B, 0x47, 0x189, 0x100,
    0xB4, 0x151, 0x105, 0x2C, 0x12A, 0x120, 0x56, 0x45, 0xCA, 0xEE, 0x16F, 0x1F,
    0x166, 0x60, 0x15, 0x144, 0x91, 0x4E, 0x22, 0x18E, 0xD6, 0xB, 0x62, 0x8,
    0x105, 0x5E970, 0x109, 0x94, 0x15E, 0x69, 0x98, 0x57, 0x86, 0x4A, 0xE7, 0x6,
    0x178, 0x105, 0x18C, 0x105, 0x6A, 0x14, 0x9A, 0x100, 0x15, 0x14, 0x17A, 0x19C,
    0xD5, 0x145, 0x88, 0x44, 0x177, 0x14D, 0x14, 0xB7, 0x13A, 0x5B905, 0xC7, 0xA,
    0x131, 0x16A, 0x55543, 0xE, 0xE0, 0xFA, 0x4F, 0x166, 0x99, 0xAC, 0x54, 0xC6,
    0x16D, 0x177, 0x25, 0x88, 0x171, 0xDA, 0x18D, 0x943C, 0x14F, 0xC0, 0x45, 0x173,
    0x96, 0x185, 0x190, 0x15F, 0x14E, 0x48, 0x161, 0x80, 0x10E, 0x128, 0x72, 0x5C045,
    0x64, 0xD1, 0x18C, 0x125, 0x8B, 0x172, 0x20, 0x27, 0x146, 0x3, 0x173, 0x11A,
    0x190, 0xAC, 0x102, 0x15E, 0xA9, 0x148, 0xB2, 0x9D, 0x163, 0x142, 0xB0, 0x184,
    0x29, 0x71, 0x63, 0x50, 0x168, 0x38, 0xC1, 0x5A, 0x165, 0xB8, 0x96, 0x89,
    0x11D, 0x14A, 0xAB, 0x109, 0x91, 0x1, 0x106, 0x18A, 0xED, 0x38, 0xC7, 0xC,
    0x103, 0x3E, 0x9A, 0xA6, 0x21, 0x15F, 0x6A, 0xBF, 0x2E, 0x195, 0x8D, 0x18D,
    0x161, 0x92, 0x86, 0xF7, 0x145, 0x47, 0x89, 0x91, 0xCB, 0x198, 0x108, 0x174,
    0x96, 0x106, 0x13B, 0x50, 0x1E, 0x107, 0x18E, 0x4C, 0x13D, 0x83, 0x82, 0x2,
    0x4B, 0xC9, 0xBB, 0x198, 0x58, 0xC9, 0xD3, 0x18B, 0x14, 0x64, 0xE4, 0x146,
    0x92, 0xE4, 0xD6, 0xB8, 0x63, 0x9, 0x172, 0x88, 0x12, 0x118, 0x10, 0x146,
    0xC5, 0xBF, 0xD, 0x176, 0x8E, 0x42, 0x19B, 0x16A, 0xB8, 0x51420, 0x93, 0xB4,
    0x102, 0xBC, 0x4E, 0xAA, 0x102, 0x35, 0x106, 0x41, 0x86, 0xAE, 0x82, 0x197,
    0xB2, 0x172, 0x1E, 0x10, 0xA8, 0x20, 0x162, 0x188, 0x21, 0x90, 0x5, 0x46,
    0x10D, 0xB4, 0xCC, 0x8588, 0xCA, 0xC3, 0x136, 0x12A, 0x86, 0xCA, 0x16E, 0xE,
    0x74, 0xE, 0x12A, 0x96, 0x98, 0xD, 0x7D, 0x11E, 0x122, 0x161, 0x161, 0x89,
    0xD0, 0x160, 0x138, 0x4A, 0x185, 0xDA, 0x187, 0xF9, 0x160, 0xB7, 0xF, 0xE,
    0x11E, 0x2, 0x6D, 0x64, 0x64, 0x55, 0x29, 0x7D, 0x6F, 0xD0, 0x125, 0xA6,
    0xAB, 0xC0, 0x14E, 0x128, 0x91, 0x17A, 0x17A, 0x20, 0x10D, 0xB6, 0x21, 0x129,
    0xA6, 0x16E, 0x15B, 0x16E, 0x50, 0x85, 0x178, 0x15B, 0x7D, 0xA, 0x7D, 0x10D,
    0x170, 0x15B, 0x8, 0x3, 0x15A, 0x173, 0xA7, 0x10F, 0xAA, 0x4B, 0x10E, 0x5A,
    0x14B, 0xE4, 0x143, 0x96, 0x77, 0x10F, 0x2D, 0x6D, 0x4A, 0x103, 0xA5, 0x146,
    0x6D, 0xFC, 0x97, 0x15F, 0x84, 0x20, 0xFA, 0x3C, 0x82, 0x143, 0x15B, 0x143,
    0xCA, 0x136, 0x12A, 0x16E, 0x74, 0xE, 0x15B, 0x2D, 0x11E, 0x15A, 0x161, 0x7D,
    0x89, 0xD0, 0x98, 0xCA, 0x185, 0xDA, 0x6F, 0x15B, 0x143, 0xD0, 0xC0, 0x96,
    0x55, 0x64, 0x77, 0xA6, 0x90, 0x17A, 0xAB, 0x4B44B, 0x178, 0x16E, 0x21, 0x15F,
    0x15B, 0x85, 0x16E, 0x16E, 0x20, 0xAA, 0x10D, 0x84, 0xA7, 0x10F, 0x77, 0x14B,
    0x143, 0x10F, 0x97, 0x82, 0x5E, 0x5E, 0xAD, 0x4D, 0x165, 0x105, 0x15E, 0x60,
    0x18D, 0x173, 0x16F, 0x4A, 0x50, 0x130, 0x8, 0xF7, 0x9D, 0x17B, 0x11C, 0x18D,
    0xFA, 0x8E, 0x57, 0x16F, 0x173, 0x18B, 0x8C, 0x25, 0x50, 0x10D, 0x42, 0x19B,
    0x19F, 0x44, 0xB7, 0x14001, 0x155, 0x155, 0xFA, 0x13, 0x5E, 0x87, 0x2E0BC, 0xBA,
    0x24, 0x166, 0x4F, 0xBB, 0xD3, 0x5888A, 0x133, 0x4F, 0x161, 0x54, 0x6F, 0x178,
    0x60, 0x12A, 0x94, 0x107, 0x166, 0x2F, 0x5E, 0xE, 0x160, 0x12A, 0x130, 0x18D,
    0x102, 0x4A, 0x179, 0x18B, 0x29, 0x161, 0x3D, 0xE4, 0x17B, 0x161, 0xF7, 0x58,
    0x19A, 0x172, 0x4D, 0xBE, 0x173, 0x91, 0x2E, 0x24, 0xFA, 0xB7, 0x147, 0x161,
    0xBC, 0x130, 0x161, 0x173, 0x190, 0x16F, 0x116, 0x160, 0x27, 0x16E, 0x173, 0x133,
    0x42, 0x178, 0xBA, 0x15A, 0x15A, 0xE4, 0x4D, 0x140, 0x3, 0x83, 0x8C, 0x140,
    0x173, 0x60, 0x16E, 0x84, 0x64, 0x17B, 0x15E, 0x15A, 0x2, 0x15F, 0x146, 0x87,
    0x188, 0x3D, 0x5, 0x15F, 0x173, 0x120, 0x113, 0xB6, 0x153, 0x41, 0x8B, 0x140,
    0x140, 0x5, 0x161, 0x59, 0xE0, 0x54, 0x87, 0x3D, 0x15F, 0x173, 0x18D, 0x84,
    0xBA, 0x15F, 0xB0, 0xB0, 0xB0, 0x195, 0x77, 0x18D, 0x141, 0x92, 0xD8, 0x172,
    0x41D0F, 0x16E, 0x109, 0x105, 0x167, 0x16D, 0x87, 0x6A, 0x82, 0x18D, 0x69, 0x92,
    0x31, 0x176, 0x91, 0x29, 0x7F, 0x17C, 0xBF, 0x178, 0x28, 0x45, 0x140, 0x74,
    0x15D, 0x137, 0x6D, 0x29, 0x17C, 0x176, 0x87, 0x15F, 0x28, 0xB8, 0xB0, 0xD8,
    0x16B, 0x17C, 0x87, 0x87, 0x178, 0x178, 0x16B, 0xD6, 0x5D, 0x125, 0xD5, 0x15B,
    0x59, 0xF5, 0x17B, 0xB0, 0x26, 0x16F, 0xB7, 0xAE, 0x3, 0xA, 0x15E, 0x44,
    0x3C, 0x7F, 0x15E, 0x45, 0x169, 0x87, 0xD5, 0x24, 0x163, 0x185, 0x14E, 0x18B,
    0xF7, 0xC9, 0xB7, 0x103, 0x18F, 0x86, 0x128, 0x58, 0x7D, 0x187, 0x173, 0xE0,
    0x190, 0x154, 0xB6, 0xB7, 0x49, 0x174, 0x15E, 0xB7, 0x137, 0xB7, 0x160, 0x7D,
    0x173, 0xC4, 0xC4, 0x17B, 0xB8, 0xCB, 0x12, 0x15E, 0x15A, 0xA7, 0x173, 0x15F,
    0x172, 0x2, 0x3B, 0x149, 0x161, 0x178, 0x2ECBC, 0xBA, 0x3A, 0x87, 0xF5, 0x16F,
    0x6, 0xFA, 0x15A, 0x5A, 0x15F, 0x87, 0xC4, 0xCB, 0xCB, 0xAE, 0xB0, 0x86,
    0x2, 0x58, 0x3A, 0xBA, 0xB7, 0x2, 0x5A, 0xB0, 0xA, 0x77, 0x77, 0x77,
    0x13, 0x10A, 0x10A, 0x2CC8E, 0x14B, 0x18B, 0x8E, 0x25, 0x10A, 0x8E, 0x8E, 0x44,
    0x8E, 0x14B, 0x58, 0x58, 0x99, 0xCC, 0xCD, 0xCD, 0xA, 0x171, 0x14B, 0x84,
    0x171, 0x64, 0x47, 0x1E, 0x105, 0x115, 0x42, 0x4B, 0x15E, 0x115, 0x109, 0x8D,
    0x16B, 0xE7, 0x6, 0x173, 0x120, 0xD6, 0xD3, 0x19B, 0x39, 0x8, 0x172, 0x170,
    0x147, 0xB, 0x8C, 0x7D, 0xF6, 0x16F, 0x13, 0x173, 0x64, 0x147, 0x8C, 0x164,
    0x3, 0x3, 0x79, 0x68, 0x104, 0x39, 0x107, 0x14E, 0xC5, 0x174, 0x140, 0x14C,
    0x4B107, 0x16A, 0x9E, 0xD, 0x143, 0x12B, 0x13, 0xA7, 0x91, 0xA8, 0x164, 0x119,
    0x9, 0x53, 0x10C, 0x10C, 0x77, 0x107, 0xD5, 0x91, 0x89, 0xF, 0x42, 0x89,
    0x15B, 0x147, 0x69, 0x143, 0xB, 0x164, 0xF4, 0x64, 0xE, 0xA7, 0x146, 0xBB,
    0x6F, 0x107, 0x16B, 0x87, 0x89, 0x8A, 0x20, 0x39, 0x7F, 0x161, 0x105, 0x4B,
    0x156, 0x89, 0xAA, 0x15A, 0x115, 0x5E, 0xC9, 0x10E, 0x64, 0x15A, 0x107, 0x74,
    0x21, 0xA7, 0x119, 0x17B, 0x12D, 0x15A, 0x64, 0x7, 0x147, 0x69, 0x17B, 0x63,
    0xE, 0x15A, 0x140, 0x4B, 0x156, 0x4B, 0x15A, 0x115, 0x5E, 0x74, 0x15A, 0x17B,
    0x147, 0x90, 0x90, 0x161, 0x164, 0x161, 0x87, 0x173, 0x17C, 0x17B, 0x12C, 0xAD,
    0xF9, 0x83, 0x174, 0x17B, 0xF9, 0x3, 0x173, 0x162, 0x7F, 0x171, 0x47, 0x10A,
    0xA5, 0x162, 0x139, 0x74, 0x169, 0x172, 0x169, 0x50, 0x13C, 0xA5, 0x103, 0x75,
    0x178, 0x158, 0x8, 0x4E, 0x42, 0x3B, 0xF4, 0x100, 0xB7, 0x23, 0x8E, 0xAE,
    0x77, 0x107, 0x50, 0x50, 0x15A, 0x164, 0xA7, 0x12F, 0x172, 0x172, 0x73, 0x4D,
    0x178, 0xFF, 0xAE, 0x5E, 0x88, 0x150, 0x84, 0xA5, 0x88, 0xBF, 0x14E, 0x25,
    0x174, 0x17B, 0x7F, 0x74, 0x8E, 0x153, 0x153, 0xFE, 0xA9, 0x153, 0x198, 0x198,
    0x2E, 0x47, 0xA9, 0x145, 0x74, 0x105, 0x9A, 0x36, 0x16A, 0x109, 0x172, 0x121,
    0x14A, 0x50, 0x50, 0x16E, 0x15B, 0x97, 0x176, 0x193, 0x16E, 0x161, 0x165, 0x172,
    0x179, 0x123, 0x44, 0x44, 0x8A, 0xA5, 0xAE, 0xAC, 0xFC, 0x157, 0xC5, 0x34,
    0x170, 0x76, 0x107, 0x6A, 0x16C, 0x16E, 0x84, 0x20, 0x11A, 0xCB, 0x12, 0x161,
    0xFE, 0xBC, 0xAA, 0xE4, 0x10E, 0x171, 0x47, 0x10A, 0x74, 0x162, 0x139, 0x169,
    0x169, 0x158, 0x6A, 0x4E, 0x103, 0x8, 0x13C, 0x75, 0x178, 0xBC, 0xB7, 0x100,
    0x19C8E, 0x5908C, 0x88, 0x14E, 0x77, 0x174, 0x8F, 0x9A, 0x172, 0xFE, 0x84, 0x153,
    0x74, 0x174, 0x174, 0x9A, 0x14A, 0x176, 0x50, 0x193, 0x16E, 0x50, 0xE4, 0xC5,
    0x44, 0x123, 0x76, 0xAE, 0x20, 0x11A, 0xFE, 0x10E, 0x5A, 0x10, 0x6B, 0x5E,
    0x160, 0x187, 0x10, 0x120, 0x6, 0x144, 0xB5, 0x6B, 0x16A, 0x12C, 0x91, 0x10,
    0x13B, 0x15A, 0x16F, 0x170, 0x13D, 0x96, 0x13D, 0x56, 0xB8, 0x15F, 0xB8, 0xFC,
    0xFC, 0xB8, 0x10, 0x10, 0x10, 0xB4, 0x10, 0x125, 0x5A, 0x168, 0x5A, 0x16F,
    0x187, 0x10, 0x120, 0x91, 0x13B, 0x13D, 0x170, 0xB8, 0xFC, 0x10, 0x10, 0x58,
    0x56, 0x58, 0x58, 0x131, 0x131, 0x18, 0x87, 0x47, 0x13B, 0x155, 0x187, 0x141,
    0x162, 0x154, 0x115, 0x178, 0x92, 0x26, 0x173, 0x56, 0x56, 0x141, 0x173, 0x150,
    0x172, 0x19F, 0xE, 0x8C, 0x147, 0xA, 0x31, 0x14D, 0x13B, 0xA, 0x131, 0x4F,
    0x73, 0x115, 0x14B, 0x8B, 0x88, 0x13, 0x170, 0x14F, 0x31, 0x162, 0x16F, 0x92,
    0x54, 0x16E, 0xAD, 0x15F, 0x18, 0x14, 0xDC, 0x50, 0x15, 0x94, 0x4A, 0x13E,
    0x178, 0x131, 0x170, 0x85, 0x71, 0x131, 0x89, 0x195, 0x13, 0x161, 0x15, 0x171,
    0x145, 0x58, 0x188, 0x15A, 0x6D, 0x50, 0xEB, 0x17B, 0x7F, 0x83, 0x14D, 0x84,
    0x89, 0x7E, 0x2, 0x146, 0x59, 0x15A, 0x6A, 0x1E, 0x13C, 0x146, 0x14, 0x63,
    0x15F, 0xA5, 0xB8, 0x13D, 0x147, 0x171, 0x15B, 0xD3, 0x146, 0xC5, 0xE, 0x178,
    0x168, 0x8D, 0x122, 0xA5, 0x193, 0x12A, 0x26, 0x3B, 0x172, 0x87, 0x113, 0x25,
    0x176, 0x147, 0x15A, 0x162, 0x187, 0x59, 0x73, 0xCB, 0x16E, 0xD3, 0x20, 0x162,
    0xBF, 0x17E, 0xD9, 0x131, 0x47, 0x87, 0x155, 0x166, 0x154, 0x15F, 0x115, 0x178,
    0x26, 0x56, 0x173, 0x89, 0x131, 0xA, 0x13B, 0x4F, 0x172, 0x54, 0x113, 0x162,
    0x77, 0x190AD, 0x8B, 0x15F, 0x13, 0x14, 0x4A, 0x50, 0x178, 0xDC, 0x94, 0x71,
    0x85, 0x161, 0x6D, 0x6141E, 0xA5, 0x6A, 0x13D, 0x20, 0x171, 0xD3, 0x14, 0xB8,
    0x168, 0x8D, 0xC5, 0x122, 0x193, 0xD9, 0x132, 0xA5, 0x71, 0x162, 0x59, 0x14,
    0xE0, 0xE, 0x14, 0x151, 0x74, 0x58, 0x89, 0x3, 0x2, 0x5E, 0x161, 0x17B,
    0x165, 0x59, 0xFE, 0x165, 0xC3, 0x178, 0x5A, 0x74, 0x42, 0x155, 0x18A, 0x26,
    0x16C, 0x190, 0x18D, 0xF7, 0x165, 0x117, 0x120, 0x17B, 0x15B, 0x18D, 0x3B, 0xC0,
    0x177, 0x14, 0xA, 0x93, 0x155, 0x172, 0x10D, 0x15B, 0x10D, 0x8F, 0x100, 0x189,
    0x179, 0xF7, 0x18F, 0x91, 0x190, 0xEA, 0x91, 0xFA, 0x17F, 0x88, 0xB7, 0x18B,
    0x144, 0x5E, 0x16F, 0x131, 0xE, 0x155, 0x155, 0x13B, 0xB8, 0xC3, 0xFB, 0x147,
    0x18D, 0x118, 0x149, 0x49, 0x16C, 0x10E, 0x12F, 0x8F, 0x54, 0x73, 0x14, 0x190,
    0x173, 0xBF, 0x18F, 0x3B, 0x73, 0xB8, 0x91, 0x13C, 0x109, 0xC6, 0xAB, 0x74,
    0x151, 0x16A, 0x153, 0x94, 0x50, 0x25, 0x166, 0x2, 0xBC, 0x195, 0x18F, 0x12D,
    0xFB, 0xA6, 0x147, 0xA9, 0x199, 0x9A, 0x103, 0x103, 0x16E, 0x58, 0x124, 0x16E,
    0x64, 0x170, 0x15E, 0xFB, 0x32, 0xFB, 0x105, 0x58, 0x83, 0x105, 0x86, 0x178,
    0x14A, 0x10E, 0x160, 0x199, 0xA5, 0x119, 0x13B, 0x6B, 0x155, 0x6F, 0x13D, 0x105,
    0x25, 0x18D, 0xB8, 0xF9, 0x149, 0x15F, 0x1A, 0x4B, 0x16E, 0x179, 0x19A, 0x124,
    0x12A, 0x103, 0x18D, 0x137, 0xBC, 0x15F, 0xBF, 0x188, 0xD3, 0x5, 0x18, 0x10,
    0x32, 0x10D, 0xE, 0x18D, 0x178, 0x169, 0x80, 0x14, 0x13E, 0x163, 0xB6, 0x187,
    0x4E, 0xB8, 0x155, 0x1D, 0x44, 0x8B, 0x14D, 0x16E, 0xBF, 0x187, 0x8E, 0x172,
    0x171, 0x155, 0xFE, 0x18F, 0x16E, 0xBA, 0xC0, 0x149, 0x162, 0x87, 0x137, 0x91,
    0x15F, 0x82, 0xB0, 0x10, 0xC3, 0x178, 0x13D55, 0x16C, 0x26, 0x10D, 0x117, 0x14,
    0xC0, 0x17F, 0x131, 0x13B, 0x5E, 0x91, 0x19A, 0x190, 0x155, 0xEA, 0x88, 0x172,
    0x5103A, 0x163, 0xC3, 0x173, 0x8B, 0x80, 0xBF, 0x73, 0xFB, 0x10, 0xB0, 0x25,
    0x16E, 0x166, 0x109, 0x94, 0x103, 0x103, 0x9A, 0x195, 0x199, 0x13E, 0x18, 0xFB,
    0x18D, 0xA5, 0x124, 0x15E, 0x5, 0xB8, 0x105, 0x12A, 0x3F010, 0xBF, 0x32, 0x20,
    0x18F, 0x87, 0x137, 0x162, 0x6A, 0x15A, 0x15A, 0x15A, 0x178, 0x61, 0x172, 0x4,
    0x150, 0x8C, 0xA, 0xB, 0x31, 0x14A, 0x42, 0xA0, 0x73, 0x107, 0x7E, 0xA1,
    0x64, 0x153, 0x67, 0xFB, 0xE, 0x9A, 0x104, 0x178, 0x140, 0xBB, 0x14, 0x163,
    0x9, 0x14, 0x31, 0xA3, 0x12, 0xD3, 0xB4, 0xBB, 0x163, 0x4B, 0x17F, 0x140,
    0x14A, 0x12, 0xA3, 0xBC, 0x63, 0x63, 0x107, 0x99, 0x107, 0xAC, 0x124, 0x10,
    0xA6, 0xA6, 0x42, 0x57, 0x168, 0x111, 0xC7, 0x3B, 0xA6, 0x12, 0x55, 0x14C,
    0xFA, 0x198, 0x55, 0x111, 0x14A, 0xA, 0xE, 0xC7, 0x5E, 0x54, 0x118, 0x10D,
    0x68, 0x168, 0xA7, 0x87, 0xF9, 0x191, 0x12C, 0x142, 0x14A, 0xB0, 0x12, 0x199,
    0x42, 0xF9, 0x13C, 0x18C, 0x10E, 0x199, 0x139, 0x89, 0x155, 0x7F, 0xA8, 0x90,
    0x103, 0xB2, 0x18B, 0x12, 0xF9, 0xC3, 0x122, 0xC5, 0xC5, 0x127, 0x169, 0xB5,
    0x105, 0x105, 0xD9, 0x82, 0xA7, 0xE6, 0x12, 0xB5, 0x112, 0x4A, 0x4A, 0xDA,
    0x7D, 0x15F, 0x4A, 0x74, 0x4A, 0x4A, 0x90, 0x21, 0x178, 0x178, 0x2C064, 0x16E,
    0x5E, 0x109, 0x6F, 0x199, 0xB8, 0x6F, 0x12B, 0x178, 0x6F, 0xC9, 0x87, 0x103,
    0x5F, 0xA5, 0x85, 0x6, 0x100, 0xC9, 0x169, 0x16E, 0x163, 0xB3, 0x178, 0x153,
    0x103, 0x159, 0xB3, 0x15A, 0x61, 0x26, 0xFC, 0xE, 0xD3, 0x87, 0x169, 0x28,
    0x16E, 0x187, 0x178, 0x3D, 0x115, 0x8C, 0x6, 0x7D, 0x155, 0x45, 0x87, 0x169,
    0x50, 0x50, 0x128, 0x75, 0x154, 0xD3, 0x8C, 0x12F, 0x8, 0x179, 0xFA, 0xBC,
    0x15B, 0x7F, 0xBC, 0x17C, 0x57, 0x59, 0xD6, 0x177, 0xFB, 0xD3, 0x77, 0x160,
    0x10D, 0x74, 0xFA, 0xB7, 0x155, 0x14, 0x10C, 0xFF, 0x5E, 0xE, 0x31, 0x15A,
    0x91, 0x45, 0x6, 0x177, 0x70, 0xFA, 0xE1, 0x166, 0x144, 0xA, 0x5E, 0x185,
    0x91, 0x6A, 0x131, 0x49, 0x3A, 0x143, 0x8C, 0x133, 0x7E, 0x162, 0x54, 0x3,
    0x15A, 0x189, 0x190, 0x173, 0xB5, 0xBF, 0x14F, 0x14A, 0x172, 0x13, 0x15A, 0x8B,
    0xA0, 0x6F, 0x161, 0x64, 0x84, 0xAC, 0x5E, 0x99, 0x168, 0x4F, 0x94, 0x14A,
    0xCD, 0x12C, 0x185, 0x142, 0x109, 0x178, 0xDC, 0x18A, 0x70, 0x67, 0x13E, 0x15E,
    0x10C, 0x12A, 0x102, 0x82, 0x14C, 0xB0, 0x128, 0x128, 0x99, 0xCB, 0x25, 0xB0,
    0x19A, 0x15F, 0x176, 0x12F, 0x198, 0x103, 0x18C, 0x162, 0xDC, 0x2F, 0x87, 0x45,
    0x108, 0x6A, 0x18F, 0x49, 0xA9, 0x58, 0xE0, 0x172, 0xA6, 0xBC, 0x90, 0x21,
    0x8E, 0xBE, 0xB7, 0x19A, 0xB0, 0xCB, 0x199, 0x18D, 0xE1, 0x7F, 0x178, 0x42,
    0x131, 0x12F, 0x82, 0x14A, 0x7E, 0x166, 0x190, 0xA8, 0x199, 0x182, 0xF, 0xF,
    0x82, 0x10E, 0x182, 0x15A, 0x15A, 0x178, 0x2F, 0x119, 0x46, 0x83, 0xB2, 0x16E,
    0x10C, 0x10C, 0x89, 0xE, 0x50, 0x16F, 0x5E, 0x121, 0x61, 0x160, 0x155, 0x7F,
    0x131, 0x11F, 0x16A, 0x15B, 0x105, 0x76, 0x15E, 0x57, 0x124, 0xB8, 0xC3, 0x131,
    0x131, 0x6D, 0x198, 0x149, 0x143, 0x170, 0x50, 0x176, 0x105, 0x103, 0x15B, 0x11F,
    0x12F, 0xB2, 0x5, 0xAD, 0x84, 0xD0, 0x87, 0x14C, 0x10D, 0x89, 0x12F, 0xC5,
    0x15F, 0x10C, 0x10, 0x87, 0x87, 0x190, 0x8A, 0x168, 0x193, 0x176, 0x188, 0x98,
    0x16B, 0x11, 0x178, 0x10D, 0x162, 0x14, 0x8B, 0x16C, 0x13E, 0x83, 0x19E, 0x12A,
    0x12A, 0x56, 0x6F, 0xB6, 0x16C, 0xCE, 0x15F, 0x184, 0x162, 0x59, 0x6D, 0x7E,
    0xA2, 0x182, 0x124, 0x187, 0x61, 0x6F, 0x174, 0xB0, 0x21, 0xAE, 0x133, 0x2,
    0x11A, 0x87, 0x169, 0x7F, 0x133, 0xB0, 0xB5, 0xB0, 0xCF, 0x18B, 0x162, 0x50,
    0xBC, 0x6D, 0xB0, 0x161, 0x178, 0x3D, 0x87, 0x177, 0x154, 0xBC, 0x57, 0x6,
    0x77, 0x6, 0xFF, 0xE1, 0xBC, 0x177, 0x185, 0x5E, 0x14, 0xA, 0x7E, 0xFA,
    0x144, 0x6F, 0x8C, 0x99, 0x15A, 0x54, 0x14F, 0x182, 0x7E, 0xA2, 0x87, 0x8B,
    0x161, 0x185, 0x162, 0x16C, 0x67, 0xB0, 0xB2, 0x89, 0xB0, 0x131, 0x14C, 0x70,
    0x128, 0x82, 0x94, 0x87, 0x176, 0x10A, 0xB7, 0x103, 0x19A, 0x58, 0xA6, 0x21,
    0x6A, 0xE0, 0xE1, 0x45, 0x8E, 0x12F, 0x131, 0x198, 0x59, 0x46, 0xE, 0x21,
    0x14A, 0x15B, 0x15A, 0x121, 0x50, 0x10C, 0x5E, 0x83, 0x10E, 0x8A, 0xF, 0x124,
    0x5, 0x103, 0x143, 0x6D, 0x170, 0xF5, 0x89, 0xAD, 0x10, 0x16B, 0x11, 0xC5,
    0xD0, 0x176, 0x15A, 0x15F, 0x6F, 0x12A, 0xB6, 0x19E, 0x7F, 0x61, 0xB0, 0x187,
    0x6D, 0xE3, 0x172, 0x5E, 0xB0, 0x90, 0x15, 0x16E, 0x5E, 0x45, 0x87, 0x5A,
    0x11A, 0x61, 0x131, 0x5A, 0xD1, 0xA, 0x179, 0x18D, 0x7F, 0x109, 0x5E, 0x8,
    0x15B, 0x89, 0x131, 0x178, 0x5D, 0x170, 0x93, 0x93, 0xFA, 0x82, 0x18B, 0xA,
    0x16E, 0x16D, 0x18C, 0x57, 0x5A, 0x15B, 0xF1, 0x3A, 0x64, 0x11A, 0xB7, 0xCF,
    0x5E, 0x155, 0xD0, 0xB0, 0xF, 0x18D, 0x64, 0x179, 0x31, 0x10D, 0x163, 0x26,
    0x3B, 0x91, 0x170, 0x6A, 0x18E, 0x178, 0x16F, 0x178, 0x16D, 0x14D, 0x178, 0x14B,
    0x174, 0x4D, 0x15E, 0x54, 0x6B, 0x2, 0x18D, 0x16E, 0x7A, 0x163, 0x88, 0xB5,
    0x190, 0x16F, 0x14A, 0x7D, 0xBF, 0x11A, 0xD4, 0x64, 0x115, 0x8B, 0x168, 0x18F,
    0x26, 0xBF, 0x7A, 0xE1, 0x50, 0xBD, 0x88, 0x87, 0x151, 0x82, 0x155, 0x15,
    0x15E, 0x92, 0x178, 0x14, 0x94, 0x94, 0xE, 0x15F, 0x94, 0x91, 0x151, 0x8E,
    0x14A, 0x50, 0x50, 0xA4, 0x7F, 0x15E, 0x12F, 0xA9, 0x8B, 0xF4, 0xBC, 0xFA,
    0x133, 0x5E, 0x3, 0x197, 0xF9, 0x109, 0x105, 0xB, 0x45, 0xBC, 0x10F, 0x89,
    0x91, 0x151, 0x16D, 0x179, 0x103, 0xB0, 0x171, 0x195, 0x9E, 0x4F, 0xA6, 0x130,
    0x103, 0x8E, 0x172, 0x172, 0x8E, 0x198, 0xA9, 0x49, 0x103, 0x2F, 0x67, 0x91,
    0x93, 0x172, 0x19E, 0x87, 0x133, 0x174, 0x26, 0xCE, 0x119, 0x3, 0x10C, 0x14A,
    0x7F, 0x14A, 0x50, 0x8C, 0xC7, 0x5E, 0x2F, 0x151, 0x16E, 0x77, 0x179, 0xFB,
    0xA6, 0xC9, 0x7F, 0x174, 0x2C, 0x15E, 0x91, 0x49, 0x19, 0x57, 0x77, 0x174,
    0x179, 0x161, 0x15C, 0x131, 0x77, 0x29, 0x146, 0x160, 0x11F, 0xB8, 0x87, 0x6A,
    0x89, 0x141, 0x74, 0x31, 0x31, 0x172, 0x170, 0x16E, 0x87, 0xB0, 0x14B, 0x9F,
    0x14A, 0x14A, 0x172, 0x151, 0xC3, 0x163, 0x63, 0x14B, 0x24, 0x87, 0x152, 0x18A,
    0x5, 0x170, 0x172, 0xF1, 0x26, 0x18D, 0xB8, 0x176, 0xC0, 0xE, 0x137, 0x197,
    0x178, 0x15E, 0x93, 0x173, 0x14A, 0x13B, 0x8B, 0x172, 0x80, 0xE, 0x174, 0x13E,
    0x83, 0x56, 0x8B, 0xB4, 0x16E, 0x63, 0x90, 0x161, 0x161, 0x151, 0xC4, 0x19E,
    0x178, 0x174, 0xBC, 0x152, 0x161, 0x16B, 0x172, 0xFA, 0x29, 0xBF, 0x15F, 0x172,
    0x87, 0x181, 0x178, 0x187, 0x171, 0x16F, 0xFA, 0xE6, 0x7F, 0xCC, 0x174, 0xCB,
    0x42, 0x17A, 0x178, 0xAE, 0x15, 0xBC, 0x77, 0xBA, 0x137, 0x17A, 0x174, 0x6D,
    0x10D, 0xB0, 0xBD, 0xE3, 0x90, 0x87, 0x179, 0xD1, 0x131, 0xF1, 0x16D, 0x19,
    0xA, 0x18B, 0x6A, 0x49, 0xBC, 0x16D, 0x163, 0x16F, 0xB7, 0x26, 0x10D, 0x179,
    0x16B, 0x155, 0x13B, 0x18D, 0x54, 0x6B, 0x168, 0x7A, 0x18F, 0x64, 0xBD, 0x7D,
    0x15E, 0x14, 0xB0, 0x92, 0x1FC6A, 0x50, 0x178, 0x161, 0x14A, 0x15E, 0x10F, 0xCE,
    0x3, 0xA6, 0xB, 0xF9, 0x105, 0x2F, 0x67, 0x179, 0x13E, 0x7F, 0x77, 0x50,
    0x1FC6A, 0x10C, 0x31, 0xC9, 0x15E, 0x172, 0x170, 0x15C, 0xB8, 0x87, 0x172, 0x89,
    0x77, 0x172, 0x174, 0x18A, 0xB8, 0xB4, 0x8B, 0x90, 0x178, 0xBC, 0x82, 0x187,
    0x174, 0x7F, 0xCB, 0x6D, 0x137, 0xBC, 0x8D, 0xB7, 0x89, 0x161, 0x38, 0x89,
    0x89, 0x16E, 0x38, 0xBC, 0x177, 0x34, 0x87, 0xF6, 0x34, 0xF6, 0x190, 0x44094,
    0x190, 0x89, 0xCC, 0xCC, 0x178, 0xB8, 0x24, 0x94, 0xB6, 0xE0, 0x103, 0xBC,
    0x90, 0x94, 0x8E, 0xB0, 0x162, 0x161, 0x88, 0xCC, 0xB0, 0x12D, 0x188, 0xB6,
    0x8E, 0x103, 0xB7, 0x16E, 0x34, 0xC4, 0xC4, 0x77, 0x22, 0x5E, 0xCD, 0xCD,
    0x5E, 0xF6, 0x10D, 0x10D, 0xD4, 0x5E, 0x161, 0xA9, 0x10D, 0xCD, 0x26, 0x5A,
    0x5E, 0x10D, 0xCD, 0xC3, 0xC8, 0xD3, 0x84, 0xCC, 0x19A, 0xEC, 0x59, 0x83,
    0x83, 0x8D, 0x6E, 0x14B, 0x150, 0x7D, 0x80, 0xA4, 0x7D, 0x133, 0xB0, 0xE1,
    0x26, 0x78, 0x78, 0x172, 0x105, 0x3B, 0x15F, 0x154, 0xD3, 0xD3, 0x105, 0x3A,
    0x29, 0x177, 0x44, 0x172, 0x160, 0x16E, 0x10D, 0xC9, 0x16E, 0x10A, 0x17A, 0xB0,
    0x3C, 0x4B, 0x18, 0x16E, 0x16E, 0x16E, 0x3B, 0x3, 0x18B, 0x3A, 0x18, 0x172,
    0xC9, 0x187, 0x16E, 0x4B, 0xBC, 0x18D, 0x59, 0x5E, 0x5E, 0xCD, 0xD0, 0x179,
    0x34, 0x10D, 0x22, 0x156, 0x190, 0x18D, 0xCB, 0x5, 0x11, 0x155, 0xE, 0x179,
    0x22, 0x155, 0x47, 0xCC, 0xD7, 0x47, 0x198, 0x6A, 0x6A, 0x49, 0x59, 0x147,
    0x179, 0xFA, 0x21, 0x63, 0x103, 0x179, 0x146, 0x149, 0x133, 0x133, 0x59, 0x58,
    0x15B, 0x6, 0x45, 0x155, 0x18E, 0x10D, 0x130, 0x131, 0x177, 0x131, 0x14E, 0x15E,
    0x91, 0x8E, 0x85, 0x91, 0x16E, 0x151, 0x13B, 0x15F, 0x161, 0x16E, 0xAE, 0xE,
    0x170, 0x10C, 0x74, 0x15E, 0x15E, 0x7E, 0x164, 0x50, 0x185, 0x168, 0x15C, 0x185,
    0xE8, 0xD9, 0x103, 0x186, 0x87, 0x198, 0x87, 0x87, 0x103, 0x87, 0x26, 0x24,
    0x24, 0x77, 0x16D, 0x173, 0x164, 0xA, 0x181, 0x164, 0x1F, 0x26, 0x16E, 0x91,
    0x14C, 0xB7, 0xB7, 0x29, 0x10E, 0x164, 0x9C, 0xE4, 0x90, 0x170, 0x30, 0x17B,
    0x178, 0x29, 0x172, 0xE0, 0x181, 0x19A, 0x10D, 0x17B, 0x16E, 0xF1, 0x50, 0x15D,
    0x172, 0x31, 0x19A, 0x44, 0x29, 0x8D, 0x16D, 0x26, 0x24, 0x77, 0x173, 0x91,
    0xB7, 0xA, 0x14C, 0x198, 0x173, 0x178, 0x30, 0x10D, 0x15D, 0xBA, 0xF5, 0x68,
    0xF5, 0x16E, 0xBA, 0xBA, 0x68, 0x97, 0x39, 0xB7, 0x39, 0xBA, 0x68, 0x97,
    0x6F, 0x10C, 0x11, 0x10C2506F, 0x17A, 0x2E, 0x77, 0x93, 0x164, 0x178, 0x0, 0x0,
    0x0, 0x0, 0x187, 0x0, 0x159, 0x0, 0x0, 0x0, 0x19A, 0x0, 0x0, 0x0,
    0x0, 0x132, 0x0, 0x0, 0x0, 0x0, 0x0, 0xBD, 0x0, 0x0, 0x0, 0x0,
    0x0, 0x0, 0x0, 0x12A, 0xB3, 0x0, 0x0, 0x18C, 0x0, 0x0, 0x0, 0x0,
    0xB3, 0x62, 0xE543, 0xC4, 0x0, 0x0, 0x0, 0x0, 0x64, 0x3B, 0x0, 0x0,
    0x0, 0x0, 0x0, 0x0, 0x0, 0x0, 0x0, 0x0, 0x0, 0x0, 0x0, 0x0,
    0x0, 0x0, 0x0, 0x0, 0x0, 0x0, 0x0, 0x5, 0x14B, 0xE0, 0x0, 0x0,
    0x74, 0x6, 0xAC, 0x155, 0x49, 0x18D, 0xAB, 0x3, 0x155, 0xCC, 0xC4, 0x15,
    0x88, 0x0, 0xAB, 0x166,
};

// The first letters of each character's readings, as bits (a = bit 0).
const std::uint32_t kInitials[20992] = {
    0x1000000, 0x8, 0x400, 0x10000, 0x40000, 0x800000, 0x80, 0x401000, 0x2000000, 0x40000, 0x40000, 0x800000,
    0x200, 0x2, 0x1000000, 0x1000, 0x40, 0x4, 0x4, 0x2000000, 0x10000, 0x8000, 0x40000, 0x40000,
    0x10000, 0x2, 0x1000000, 0x4, 0x8, 0x40000, 0x4, 0x8, 0x10000, 0x800, 0x8, 0x1000000,
    0x800, 0x1000000, 0x2, 0x40000, 0x40, 0x200, 0x40, 0x1000000, 0x10000, 0x2000000, 0x200, 0x200,
    0x20, 0x40, 0x4, 0x4, 0x800, 0x2000000, 0x2000000, 0x2, 0x400000, 0x8, 0x400000, 0x2000000,
    0x200, 0x800, 0x200, 0x8000, 0x20, 0x1000000, 0x1000000, 0x2000, 0x400000, 0x200, 0x200, 0x80000,
    0x1000, 0x1000000, 0x1000000, 0x2000000, 0x400000, 0x2000000, 0x80, 0x20, 0x1000800, 0x1000000, 0x8000, 0x8000,
    0x10000, 0x80, 0x40, 0x4, 0x4, 0x1000000, 0x1000000, 0x1000000, 0x3000, 0x200, 0x10000, 0x1000000,
    0x800000, 0x800000, 0x40, 0x200, 0x800000, 0x80, 0x40000, 0x8, 0x40000, 0x200, 0x2000, 0x200,
    0x200, 0x40000, 0x1000, 0x80, 0x1000, 0x800, 0x2000000, 0x20000, 0x800000, 0x1000000, 0x20, 0x40000,
    0x2000, 0x40, 0x40000, 0x1000000, 0x4, 0x2000000, 0x10000, 0x2000000, 0x40, 0x40, 0x800, 0x800,
    0x1000000, 0x200, 0x800, 0x1000, 0x1000000, 0x2000000, 0x40000, 0x40000, 0x10, 0x4, 0x1000000, 0x400,
    0x1000000, 0x1000000, 0x80, 0x10000, 0x400000, 0x200, 0x40000, 0x40000, 0x40, 0x40, 0x1000000, 0x800000,
    0x1000000, 0x10000, 0x1000000, 0x10200, 0x80000, 0x400000, 0x400, 0x8, 0x200, 0x80, 0x1000000, 0x4,
    0x80, 0x1000, 0x1000000, 0x800000, 0x200, 0x80000, 0x800, 0x800000, 0x200, 0x1000000, 0x10000, 0x2,
    0x1000000, 0x800000, 0x8, 0x800, 0x8, 0x400000, 0x20000, 0x20000, 0x200, 0x200, 0x400000, 0x1000000,
    0x40000, 0x20000, 0x800, 0x8, 0x2000000, 0x200, 0x8000, 0x10004, 0x2, 0x2000000, 0x200, 0x200,
    0x2, 0x20000, 0x4, 0x20, 0x40000, 0x800, 0x2, 0x4, 0x2000000, 0x40000, 0x80000, 0x2000000,
    0x20, 0x800000, 0x800000, 0x80000, 0x80, 0x80000, 0x20000, 0x10000, 0x40, 0x40, 0x2, 0x8,
    0x800, 0x1000000, 0x4, 0x4, 0x40000, 0x4, 0x1000000, 0x1000, 0x1000, 0x20000, 0x20, 0x4,
    0x1000000, 0x10000, 0x2000000, 0x8000, 0x400000, 0x400000, 0x200, 0x200, 0x1000000, 0x20, 0x4, 0x20000,
    0x400000, 0x20, 0x8, 0x20, 0x2000000, 0x10000, 0x8000, 0x1000000, 0x8, 0x8, 0x400000, 0x1000000,
    0x800000, 0x400, 0x1000000, 0x200, 0x1, 0x400000, 0x200, 0x20, 0x20, 0x800000, 0x200, 0x8000,
    0x8, 0x20, 0x80000, 0x2000000, 0x1000000, 0x80, 0x480, 0x1000000, 0x4, 0x1000000, 0x40000, 0x400000,
    0x2000004, 0x4, 0x1000000, 0x10000, 0x40000, 0x4, 0x800, 0x4, 0x800000, 0x800000, 0x400000, 0x2000000,
    0x2000000, 0x800000, 0x2000, 0x2, 0x40, 0x2000, 0x2000, 0x800000, 0x2, 0x800000, 0x800, 0x2000000,
    0x40000, 0x10000, 0x40004, 0x2, 0x40000, 0x10240, 0x8000, 0x1000000, 0x40000, 0x1000000, 0x2000000, 0x8,
    0x80, 0x1000, 0x8, 0x2000000, 0x2, 0x10000, 0x2, 0x2000000, 0x4, 0x400000, 0x8, 0x2000000,
    0x2000000, 0x1000000, 0x1000000, 0x80000, 0x2000000, 0x80, 0x2, 0x80000, 0x40000, 0x1000000, 0x1000000, 0x20,
    0x2000000, 0x40, 0x2000, 0x80000, 0x2000, 0x800000, 0x10000, 0x1000000, 0x400000, 0x10000, 0x40000, 0x400,
    0x2, 0x8000, 0x80, 0x80, 0x800, 0x800000, 0x40, 0x1000000, 0x2, 0x20, 0x1000, 0x200,
    0x2000, 0x2, 0x200, 0x80, 0x80, 0x40, 0x10000, 0x80000, 0x200, 0x4, 0x1000000, 0x40000,
    0x800000, 0x40000, 0x80000, 0x400, 0x2000000, 0x40, 0x800, 0x1000000, 0x4, 0x400, 0x40, 0x800,
    0x1000000, 0x40000, 0x1000, 0x2000000, 0x800000, 0x1000000, 0x1, 0x800, 0x1000, 0x10, 0x800, 0x8,
    0x4, 0x4, 0x800000, 0x40, 0x2000000, 0x1000000, 0x20000, 0x4, 0x800000, 0x40000, 0x8, 0x800,
    0x80000, 0x1000200, 0x2000000, 0x4, 0x10000, 0x400, 0x4, 0x2000, 0x2000, 0x200, 0x400000, 0x80,
    0x200, 0x4, 0x2000000, 0x2000000, 0x4, 0x10000, 0x800, 0x200, 0x40000, 0x80000, 0x40000, 0x80000,
    0x2, 0x2000, 0x800000, 0x8002, 0x80000, 0x1000000, 0x800000, 0x4, 0x10, 0x10000, 0x800000, 0x40,
    0x400, 0x400000, 0x200, 0x1000000, 0x20, 0x800, 0x2000000, 0x10000, 0x800, 0x1000000, 0x80, 0x200,
    0x10000, 0x40000, 0x8000, 0x40000, 0x20, 0x800000, 0x800, 0x20, 0x8000, 0x2, 0x1000000, 0x50000,
    0x800000, 0x800000, 0x800000, 0x1000000, 0x8, 0x4, 0x4, 0x2000000, 0x1000000, 0x800, 0x800, 0x800,
    0x40000, 0x200, 0x800000, 0x20, 0x80, 0x200, 0x800000, 0x8000, 0x200, 0x2, 0x4, 0x20,
    0x20, 0x1000000, 0x1, 0x2, 0x1000000, 0x800000, 0x2, 0x80, 0x4, 0x2000000, 0x2, 0x200,
    0x1000000, 0x4, 0x800, 0x400000, 0x800, 0x4, 0x2000000, 0x40, 0x40, 0x2, 0x80000, 0x40000,
    0x40000, 0x1000, 0x8, 0x80000, 0x200, 0x4, 0x800000, 0x8000, 0x80000, 0x80, 0x1000000, 0x10000,
    0x80000, 0x40, 0x200, 0x200, 0x40000, 0x4, 0x200, 0x20, 0x2000000, 0x400, 0x200, 0x2000000,
    0x200, 0x10000, 0x2000, 0x800, 0x2000000, 0x400000, 0x800, 0x40000, 0x800, 0x80, 0x8, 0x2000000,
    0x2, 0x400000, 0x200, 0x2000, 0x4, 0x200, 0x2000000, 0x1000000, 0x2000000, 0x40000, 0x10000, 0x2000,
    0x1000000, 0x4, 0x10000, 0x1000000, 0x20000, 0x2000000, 0x4, 0x200, 0x200, 0x400000, 0x1000000, 0x2,
    0x20000, 0x80000, 0x400000, 0x8000, 0x1000000, 0x20, 0x80000, 0x400000, 0x10, 0x800000, 0x4, 0x40000,
    0x400, 0x8, 0x2000000, 0x4, 0x80000, 0x2, 0x800000, 0x80, 0x1000000, 0x2000000, 0x4, 0x1000000,
    0x1000000, 0x200, 0x800000, 0x2000000, 0x4, 0x20, 0x2, 0x2000000, 0x2000000, 0x1000, 0x200, 0x1000000,
    0x800000, 0x800000, 0x4, 0x8, 0x4, 0x2000000, 0x4000, 0x80000, 0x80000, 0x2, 0x2000000, 0x800,
    0x200, 0x400000, 0x20, 0x4, 0x400, 0x40000, 0x2000000, 0x40000, 0x800000, 0x20, 0x1000000, 0x20000,
    0x800, 0x2000, 0x1000000, 0x200, 0x1000, 0x2, 0x8, 0x80000, 0x80, 0x200, 0x800000, 0x40000,
    0x10000, 0x200, 0x4, 0x4, 0x40000, 0x2, 0x800000, 0x1000000, 0x1000000, 0x80000, 0x40000, 0x1000000,
    0x20, 0x2, 0x200, 0x8, 0x2000000, 0x80000, 0x40, 0x2, 0x4, 0x2000, 0x4, 0x800,
    0x4, 0x1000000, 0x2000000, 0x2000000, 0x2, 0x40000, 0x1, 0x4, 0x1000000, 0x2000000, 0x2000000, 0x40000,
    0x4, 0x200, 0x4, 0x40000, 0x80, 0x2000000, 0x10000, 0x1000000, 0x8, 0x800000, 0x800, 0x2,
    0x8000, 0x200, 0x800, 0x800, 0x1000, 0x10000, 0x800000, 0x80000, 0x1000000, 0x8, 0x2000000, 0x800000,
    0x40000, 0x10000, 0x200, 0x80000, 0x2000000, 0x8000, 0x800000, 0x800, 0x4, 0x40, 0x800, 0x10000,
    0x4, 0x4, 0x400000, 0x200, 0x2, 0x80, 0x4, 0x80000, 0x8, 0x200, 0x200, 0x40000,
    0x20, 0x800000, 0x200, 0x10, 0x200, 0x200, 0x80000, 0x800, 0x2, 0x40, 0x800000, 0x40000,
    0x800000, 0x200, 0x1000, 0x1000000, 0x200, 0x200, 0x10000, 0x8000, 0x20, 0x2000000, 0x1, 0x40000,
    0x1000000, 0x200, 0x2000, 0x4, 0x1000000, 0x8, 0x200, 0x800000, 0x400, 0x200, 0x4, 0x8,
    0x200, 0x40000, 0x2000000, 0x4, 0x2, 0x1, 0x20000, 0x80000, 0x4, 0x4, 0x800, 0x2000,
    0x200, 0x10000, 0x1000, 0x400000, 0x2000, 0x10000, 0x2000, 0x4, 0x800, 0x800, 0x800, 0x400,
    0x2, 0x1000000, 0x2, 0x2000000, 0x2000000, 0x40000, 0x1000000, 0x80, 0x10000, 0x4, 0x800, 0x80000,
    0x400000, 0x800, 0x4, 0x4, 0x20000, 0x40000, 0x80, 0x800, 0x800, 0x2000000, 0x2000, 0x80000,
    0x1000000, 0x800, 0x2000, 0x10, 0x400000, 0x1000000, 0x2000000, 0x1000000, 0x800000, 0x4, 0x2000000, 0x800000,
    0x800000, 0x40, 0x8, 0x400, 0x8, 0x1000, 0x80000, 0x4, 0x10, 0x8, 0x10, 0x200,
    0x80000, 0x40000, 0x1000000, 0x1000000, 0x40000, 0x0, 0x8, 0x10000, 0x8, 0x20, 0x1000, 0x40000,
    0x8, 0x0, 0x200, 0x800, 0x80, 0x20000, 0x400000, 0x2000, 0x10000, 0x800, 0x1000000, 0x2,
    0x40, 0x800, 0x800000, 0x80, 0x800, 0x40, 0x80000, 0x40, 0x800000, 0x2, 0x10000, 0x200,
    0x8, 0x2000004, 0x20, 0x1000000, 0x200, 0x40000, 0x200, 0x1000000, 0x200, 0x4, 0x200, 0x1000,
    0x20000, 0x2000, 0x1000000, 0x1000, 0x40, 0x20000, 0x4, 0x200, 0x4, 0x2000000, 0x40, 0x200,
    0x1000, 0x2000000, 0x1000, 0x40, 0x800000, 0x1000, 0x1000, 0x20000, 0x1000000, 0x800000, 0x400, 0x200,
    0x2000, 0x1000000, 0x1000, 0x40000, 0x40, 0x1000, 0x2000000, 0x200, 0x1000000, 0x1000, 0x400, 0x800,
    0x20, 0x800000, 0x1000, 0x2, 0x8, 0x80000, 0x40, 0x20, 0x2, 0x80, 0x4, 0x200,
    0x80, 0x400, 0x1000000, 0x800, 0x8000, 0x20, 0x1000, 0x8, 0x800000, 0x800, 0x10000, 0x200,
    0x200, 0x40000, 0x1000, 0x80000, 0x10000, 0x40, 0x2000000, 0x40000, 0x200, 0x800, 0x10000, 0x8,
    0x800, 0x8, 0x40, 0x200, 0x1000000, 0x4, 0x1, 0x800, 0x4, 0x1000, 0x2000000, 0x4,
    0x40000, 0x8, 0x200, 0x800, 0x800, 0x2000, 0x800000, 0x8, 0x200, 0x20, 0x20, 0x20,
    0x20, 0x200, 0x4, 0x2000000, 0x20, 0x1000, 0x2000000, 0x20, 0x20, 0x8000, 0x20, 0x400,
    0x80, 0x400, 0x40, 0x8, 0x8000, 0x10000, 0x800000, 0x400, 0x80000, 0x1, 0x4, 0x200,
    0x8, 0x80, 0x80, 0x2000000, 0x8, 0x8, 0x8, 0x20000, 0x20000, 0x4, 0x20, 0x10000,
    0x1000000, 0x200, 0x400, 0x10000, 0x4, 0x4, 0x400000, 0x200, 0x8, 0x800000, 0x80, 0x400000,
    0x200, 0x800, 0x1000000, 0x800, 0x800, 0x2000000, 0x40, 0x4, 0x20, 0x4, 0x10000, 0x8,
    0x40000, 0x1000, 0x800, 0x2000000, 0x8000, 0x2, 0x200, 0x200, 0x8002, 0x800, 0x40000, 0x2,
    0x4, 0x200, 0x40, 0x40, 0x8, 0x4, 0x400, 0x400, 0x8, 0x10, 0x2000000, 0x40000,
    0x810000, 0x40004, 0x4, 0x400, 0x200, 0x40, 0x4, 0x40, 0x400, 0x8, 0x200, 0x80000,
    0x200, 0x800, 0x800, 0x2000000, 0x1000000, 0x4, 0x800000, 0x400, 0x800, 0x10000, 0x40000, 0x4,
    0x40, 0x200, 0x4, 0x800, 0x80000, 0x20, 0x8000, 0x4, 0x10000, 0x4, 0x2000000, 0x40,
    0x400000, 0x2, 0x200, 0x8, 0x10000, 0x40000, 0x8, 0x200, 0x200, 0x2, 0x1000000, 0x200,
    0x80, 0x40000, 0x200, 0x8, 0x8, 0x400000, 0x40, 0x20, 0x40000, 0x200, 0x40, 0x8,
    0x400, 0x4, 0x4, 0x4, 0x80000, 0x800, 0x800, 0x8000, 0x40000, 0x8000, 0x400, 0x200,
    0x40, 0x10000, 0x200, 0x80, 0x2000000, 0x2000000, 0x800, 0x200, 0x8000, 0x800, 0x40, 0x200,
    0x40, 0x200, 0x200, 0x80000, 0x80, 0x200, 0x200, 0x1000000, 0x200, 0x2000000, 0x4, 0x200,
    0x1000, 0x800, 0x2000000, 0x800, 0x1000000, 0x10000, 0x2, 0x40, 0x200, 0x400000, 0x1000, 0x800,
    0x200, 0x400, 0x800000, 0x2000000, 0x8, 0x2000000, 0x2000, 0x200, 0x10000, 0x40000, 0x1000000, 0x2000000,
    0x1000, 0x800, 0x200, 0x800, 0x800, 0x200, 0x400, 0x1000000, 0x400000, 0x800000, 0x1000, 0x400,
    0x200, 0x800, 0x80, 0x40000, 0x400, 0x200, 0x40, 0x2, 0x1000, 0x4, 0x800, 0x1000000,
    0x1000000, 0x1000, 0x400, 0x800000, 0x200, 0x10000, 0x800, 0x2, 0x1000, 0x4, 0x800, 0x400,
    0x1000, 0x8, 0x800000, 0x800000, 0x400, 0x400000, 0x1000000, 0x800000, 0x400000, 0x40000, 0x800, 0x1000,
    0x800, 0x8000, 0x40000, 0x200, 0x10000, 0x200, 0x4, 0x10000, 0x800000, 0x1000000, 0x200, 0x20,
    0x200, 0x80000, 0x200, 0x8, 0x800000, 0x1000, 0x800000, 0x800000, 0x800, 0x800, 0x4, 0x20000,
    0x10000, 0x2, 0x40000, 0x1000000, 0x200, 0x2, 0x40, 0x400000, 0x1000000, 0x400000, 0x800000, 0x40,
    0x40, 0x2, 0x4, 0x1000000, 0x800000, 0x8000, 0x200, 0x80000, 0x40, 0x8000, 0x10, 0x8000,
    0x20, 0x40, 0x8, 0x200, 0x40, 0x2, 0x80, 0x2, 0x2000, 0x40004, 0x20, 0x200,
    0x1000000, 0x2000000, 0x200, 0x400, 0x200, 0x400, 0x80, 0x800000, 0x10000, 0x20, 0x40, 0x10000,
    0x2000000, 0x400, 0x20, 0x80, 0x1000000, 0x40, 0x400, 0x80, 0x8, 0x40, 0x800, 0x800,
    0x40000, 0x8, 0x200, 0x200, 0x800000, 0x8000, 0x14000, 0x1000000, 0x400, 0x1000000, 0x2, 0x2000,
    0x10000, 0x40000, 0x800000, 0x10000, 0x2000, 0x40000, 0x2000000, 0x40000, 0x400000, 0x80, 0x2, 0x40000,
    0x800000, 0x400000, 0x80, 0x800000, 0x400000, 0x2, 0x2000004, 0x2000000, 0x800000, 0x4000C, 0x1000, 0x2000,
    0x8, 0x200, 0x2, 0x40000, 0x2, 0x400, 0x2, 0x2, 0x2000000, 0x10400, 0x800, 0x1000000,
    0x800, 0x800000, 0x40, 0x400000, 0x800000, 0x200, 0x200, 0x400000, 0x1, 0x10000, 0x2000000, 0x1000,
    0x1000000, 0x400000, 0x40000, 0x200, 0x10000, 0x800, 0x4, 0x200, 0x800000, 0x800000, 0x200, 0x10000,
    0x400000, 0x200, 0x10, 0x10000, 0x800000, 0x40000, 0x4, 0x400000, 0x10, 0x80000, 0x800, 0x2000000,
    0x80, 0x800, 0x1000000, 0x1000000, 0x1000000, 0x40000, 0x8, 0x2000000, 0x8000, 0x1000000, 0x10000, 0x1000000,
    0x2000000, 0x4, 0x1000, 0x80000, 0x800, 0x40000, 0x80, 0x80000, 0x2000000, 0x4, 0x20, 0x1000000,
    0x4, 0x1000000, 0x800000, 0x1000000, 0x800, 0x200, 0x840000, 0x8, 0x4, 0x200, 0x200, 0x1,
    0x40, 0x1000000, 0x40000, 0x800, 0x4, 0x800, 0x800, 0x1000000, 0x1000000, 0x1000000, 0x40000, 0x40,
    0x800, 0x20000, 0x10000, 0x10000, 0x10, 0x800, 0x8, 0x800000, 0x2000000, 0x40000, 0x40004, 0x4,
    0x4, 0x4, 0x1, 0x8, 0x1000000, 0x4, 0x200, 0x1000000, 0x40000, 0x20, 0x40000, 0x40,
    0x2, 0x20, 0x20000, 0x40000, 0x40000, 0x2000000, 0x10000, 0x40000, 0x2, 0x800000, 0x800000, 0x8000,
    0x40000, 0x200, 0x400000, 0x40000, 0x8, 0x20000, 0x4, 0x400, 0x40, 0x240, 0x800, 0x40,
    0x80008, 0x400, 0x2000000, 0x200, 0x2040000, 0x2, 0x8, 0x400, 0x80000, 0x4, 0x40000, 0x1000000,
    0x10000, 0x8000, 0x1800000, 0x80, 0x40000, 0x80000, 0x4, 0x800, 0x8, 0x200, 0x800, 0x80,
    0x1000, 0x1800000, 0x1000, 0x4, 0x40, 0x800000, 0x1000000, 0x2000000, 0xC0, 0x200, 0x8, 0x4,
    0x80000, 0x1000, 0x80, 0x800, 0x80000, 0x800000, 0x2000000, 0x800080, 0x1000000, 0x800, 0x1, 0x1000,
    0x4000, 0x80, 0x1000000, 0x200, 0x4, 0x800, 0x80000, 0x1000000, 0x20, 0x2, 0x10000, 0x10000,
    0x200, 0x2, 0x8020, 0x2, 0x8, 0x20, 0x10, 0x80, 0x80000, 0x480, 0x40000, 0x10000,
    0x80, 0x2000000, 0x1000000, 0x400000, 0x400000, 0x4, 0x2000, 0x800000, 0x800000, 0x4, 0x8, 0x400000,
    0x80, 0x80, 0x400000, 0x40, 0x1000000, 0x200, 0x800, 0x10, 0x40, 0x1000, 0x8, 0x1000,
    0x4, 0x400000, 0x40, 0x20, 0x200, 0x80, 0x4, 0x40000, 0x2000, 0x80000, 0x1000, 0x1000000,
    0x8, 0x4000, 0x800, 0x2, 0x1000000, 0x40, 0x400000, 0x10000, 0x400000, 0x10, 0x40000, 0x200,
    0x8000, 0x400000, 0x2000, 0x1000, 0x800, 0x20000, 0x1000000, 0x8, 0x2000000, 0x40000, 0x2000000, 0x80000,
    0x800000, 0x1000000, 0x10000, 0x8000, 0x2000000, 0x40, 0x4, 0x400000, 0x800000, 0x80, 0x2000, 0x800000,
    0x8000, 0x1000000, 0x800000, 0x40000, 0x80, 0x1000, 0x8, 0x10000, 0x2000200, 0x40, 0x2000000, 0x80000,
    0x8, 0x8000, 0x8000, 0x2, 0x20, 0x1000000, 0x80, 0x2000000, 0x80, 0x80, 0x200, 0x1000000,
    0x20, 0x8, 0x2000000, 0x400000, 0x400, 0x40, 0x440, 0x2000000, 0x2, 0x800, 0x8, 0x2000,
    0x80000, 0x40000, 0x800000, 0x80, 0x10000, 0x10, 0x10, 0x40, 0x2000000, 0x800000, 0x1000000, 0x800,
    0x2000000, 0x1000, 0x1000, 0x2000000, 0x1000000, 0x200, 0x2000000, 0xC40, 0x40000, 0x2000000, 0x800000, 0x480,
    0x80, 0x400, 0x80, 0x80000, 0x800000, 0x10, 0x800000, 0x800000, 0x40, 0x1000000, 0x800, 0x1000000,
    0x1, 0x8000, 0x40000, 0x80000, 0x80, 0x800000, 0x8, 0x400000, 0x80, 0x2000000, 0x1000000, 0x8,
    0x8000, 0x800000, 0x1, 0x40, 0x400, 0x1000000, 0x8, 0x800000, 0x2, 0x1000080, 0x2000, 0x80,
    0x800000, 0x400, 0x8, 0x20, 0x200, 0x2000, 0x1000, 0x1000000, 0x80, 0x1000000, 0x800, 0x8000,
    0x1000, 0x40, 0x4010, 0x4, 0x40000, 0x800, 0x2000, 0x2000000, 0x80, 0x400, 0x800000, 0x800000,
    0x800, 0x2, 0x2000000, 0x2000000, 0x800, 0x2, 0x1000, 0x800, 0x40000, 0x20, 0x2, 0x80,
    0x80, 0x40, 0x40000, 0x40, 0x1000000, 0x1000000, 0x40, 0x40, 0x2, 0x80, 0x40000, 0x4,
    0x1000000, 0x1, 0x200, 0x80000, 0x800000, 0x400000, 0x800, 0x800000, 0x80000, 0x2000000, 0x10000, 0x4,
    0x400000, 0x2000000, 0x1000000, 0x8, 0x10000, 0x8, 0x10000, 0x1000, 0x1000, 0x80, 0x8, 0x10000,
    0x800, 0x800, 0x40000, 0x2000000, 0x80, 0x800, 0x40000, 0x200, 0x2000000, 0x400000, 0x20, 0x200,
    0x80, 0x10000, 0x40000, 0x400000, 0x40000, 0x4, 0x10, 0x800, 0x10000, 0x1, 0x2000000, 0x1000000,
    0x2000, 0x1000000, 0x80000, 0x800, 0x40000, 0x800000, 0x80000, 0x80, 0x1, 0x2000000, 0x2000, 0x400,
    0x2000000, 0x2000000, 0x40000, 0x8, 0x80, 0x800, 0x1, 0x4, 0x800000, 0x80000, 0x400000, 0x400000,
    0x4, 0x40000, 0x40, 0x10000, 0x10000, 0x80000, 0x8, 0x8, 0x1000000, 0x2000000, 0x2, 0x4,
    0x4, 0x80, 0x1000000, 0x10000, 0x2000000, 0x20, 0x800, 0x800000, 0x8000, 0x40000, 0x800, 0x2000000,
    0x1000000, 0x40, 0x8000, 0x2000000, 0x40000, 0x2000000, 0x2000, 0x40, 0x800, 0x1000000, 0x8, 0x10000,
    0x4, 0x2, 0x8, 0x800, 0x800000, 0x200, 0x80000, 0x4, 0x80000, 0x1, 0x200, 0x8,
    0x400, 0x1000000, 0x400000, 0x2000, 0x40000, 0x1000000, 0x2000000, 0x800, 0x200, 0x80, 0x80, 0x2000008,
    0x2000000, 0x4, 0x400000, 0x2000, 0x1000000, 0x1000000, 0x2000000, 0x1000000, 0x400000, 0x1000, 0x80, 0x1000000,
    0x4, 0x80, 0x80, 0x80, 0x800000, 0x80, 0x200, 0x400, 0x2000000, 0x400000, 0x40000, 0x800000,
    0x80, 0x8, 0x2000, 0x800000, 0x800, 0x1000000, 0x40000, 0x4, 0x10000, 0x1000000, 0x8, 0x8000,
    0x4, 0x800, 0x1000000, 0x2000004, 0x400000, 0x1000, 0x1000000, 0x8000, 0x2, 0x400, 0x800000, 0x1000000,
    0x200, 0x800, 0x400, 0x2000000, 0x80, 0x80000, 0x1000000, 0x80, 0x40000, 0x800000, 0x10000, 0x40000,
    0x1000000, 0x40000, 0x80, 0x800000, 0x1000001, 0x40000, 0x1000, 0x4, 0x80, 0x400, 0x8, 0x40000,
    0x4, 0x20000, 0x40000, 0x400000, 0x200, 0x8000, 0x400000, 0x10000, 0x40000, 0x40, 0x2000000, 0x200,
    0x800, 0x400000, 0x400000, 0x40000, 0x4, 0x80, 0x40000, 0x0, 0x80, 0x40000, 0x10000, 0x2000,
    0x80, 0x2000000, 0x40000, 0x2000, 0x40, 0x2000, 0x8, 0x1, 0x10000, 0x80000, 0x2, 0x1,
    0x1, 0x800, 0x2000000, 0x2000000, 0x1000, 0x40000, 0x40000, 0x80000, 0x8, 0x10000, 0x200, 0x4,
    0x200, 0x400, 0x80000, 0x40000, 0x4, 0x200, 0x1, 0x800000, 0x8000, 0x800, 0x40, 0x40,
    0x800000, 0x80, 0x80, 0x40, 0x4000, 0x800000, 0x2000000, 0x4, 0x840000, 0x8000, 0x8, 0x1000,
    0x1000, 0x80, 0x800, 0x8, 0x40, 0x80000, 0x1000000, 0x2, 0x1000000, 0x40000, 0x200, 0x1000,
    0x800000, 0x80, 0x1000, 0x20000, 0x2000000, 0x8000, 0x800, 0x800000, 0x200, 0x2000000, 0x4, 0x400,
    0x2000000, 0x800000, 0x40000, 0x80, 0x20, 0x800, 0x10000, 0x800000, 0x4, 0x4, 0x8, 0x80,
    0x800000, 0x10, 0x2000000, 0x20, 0x4, 0x80, 0x2000000, 0x4, 0x4, 0x8, 0x1000000, 0x80000,
    0x4, 0x200, 0x1000000, 0x800000, 0x10000, 0x80, 0x800, 0x800000, 0x8, 0x80, 0x1000000, 0x8000,
    0x200, 0x10000, 0x800000, 0x2000, 0x800, 0x40000, 0x1000000, 0x1000000, 0x8, 0x2000000, 0x4000, 0x2000000,
    0x200, 0x2000, 0x1000000, 0x800000, 0x10000, 0x10, 0x2000000, 0x1000000, 0x40000, 0x200, 0x1000000, 0x1,
    0x1000000, 0x800000, 0x400, 0x1000000, 0x8000, 0x8, 0x40, 0x80, 0x8, 0x8, 0x800000, 0x40000,
    0x8000, 0x8000, 0x1000000, 0x2000000, 0x2000, 0x8, 0x800, 0x80000, 0x80, 0x20000, 0x80, 0x800000,
    0x1000000, 0x8, 0x8000, 0x4, 0x200, 0x200, 0x80, 0x80000, 0x4, 0x800000, 0x1000, 0x4,
    0x80000, 0x800, 0x80, 0x2, 0x1000000, 0x2000, 0x1000000, 0x80, 0x1000, 0x80, 0x2000000, 0x800,
    0x800, 0x80, 0x2000, 0x800000, 0x1000, 0x1000000, 0x800, 0x800, 0x800, 0x1000, 0x8, 0x4,
    0x8000, 0x8000, 0x800000, 0x80, 0x1000, 0x800000, 0x8, 0x400, 0x1000000, 0x4, 0x1000000, 0x20000,
    0x8, 0x800, 0x80000, 0x800000, 0x200, 0x4, 0x80, 0x80, 0x2000000, 0x2000, 0x800000, 0x4,
    0x800, 0x4, 0x4, 0x800, 0x1000000, 0x800, 0x2000, 0x2000000, 0x40000, 0x800000, 0x2000000, 0x200,
    0x2000000, 0x2000000, 0x800, 0x2000, 0x2000, 0x800, 0x800, 0x400000, 0x80, 0x1000000, 0x10000, 0x40000,
    0x2000, 0x200, 0x80, 0x800000, 0x1000000, 0x2000, 0x80000, 0x80000, 0x80008, 0x400, 0x1000000, 0x200,
    0x8000, 0x1000000, 0x4, 0x80, 0x80, 0x1000000, 0x10, 0x40, 0x400, 0x4, 0x80000, 0x80000,
    0x400000, 0x800, 0x40, 0x10000, 0x20000, 0x800, 0x40, 0x40, 0x80000, 0x40, 0x80000, 0x1000000,
    0x40, 0x1000000, 0x80, 0x8000, 0x1000000, 0x80, 0x1000000, 0x800, 0x10200, 0x1000000, 0x10000, 0x40,
    0x4, 0x400000, 0x1000000, 0x10000, 0x400, 0x8000, 0x1000000, 0x1000000, 0x1000000, 0x80000, 0x80000, 0x80000,
    0x80000, 0x800, 0x80, 0x1000000, 0x1000080, 0x800, 0x800, 0x80000, 0x1000000, 0x80000, 0x80000, 0x40000,
    0x8000, 0x800, 0x400, 0x1000000, 0x2000000, 0xC00000, 0x40, 0x80000, 0x400000, 0x40, 0x8000, 0x1000000,
    0x8, 0x10000, 0x10000, 0x2000000, 0x2000000, 0x8, 0x10000, 0x800000, 0x40000, 0x400, 0x4, 0x10000,
    0x2000, 0x1000, 0x200, 0x200, 0x2000000, 0x2000000, 0x2, 0x800000, 0x1000000, 0x10000, 0x1000, 0x200,
    0x20000, 0x80000, 0x20, 0x20, 0x2, 0x80000, 0x400, 0x80, 0x2000000, 0x400, 0x2, 0x200,
    0x8, 0x200, 0x200, 0x400, 0x8, 0x200, 0x200, 0x80000, 0x800, 0x2, 0x400000, 0x20,
    0x2000000, 0x8000, 0x2, 0x80000, 0x400, 0x10000, 0x80000, 0x2000000, 0x80000, 0x40, 0x8000, 0x8,
    0x400040, 0x2000, 0x80000, 0x8000, 0x200, 0x1000000, 0x20, 0x1, 0x800, 0x10000, 0x1000, 0x400,
    0x40, 0x800000, 0x2, 0x8, 0x4, 0x800, 0x2000000, 0x20, 0x80, 0x2000000, 0x4, 0x800,
    0x800, 0x800, 0x800, 0x1, 0x8, 0x8000, 0x1000, 0x800000, 0x80008, 0x200, 0x80, 0x800,
    0x4, 0x4, 0x800, 0x40, 0x1000000, 0x80, 0x8, 0x2000000, 0x20, 0x40, 0x1000000, 0x8,
    0x8, 0x40, 0x4, 0x1000000, 0x1000000, 0x20, 0x40, 0x1000000, 0x8, 0x800000, 0x400, 0x40000,
    0x40000, 0x10, 0x2, 0x8, 0x80, 0x1000000, 0x400, 0x8, 0x400, 0x8, 0x400, 0x80,
    0x2000, 0x1, 0x800000, 0x800000, 0x1000000, 0x2, 0x20, 0x2, 0x1000000, 0x1000000, 0x80, 0x800000,
    0x4, 0x10000, 0x40, 0x1, 0x2, 0x20, 0x10000, 0x1000000, 0x200, 0x200, 0x8, 0x1000,
    0x800, 0x200, 0x4, 0x40000, 0x200, 0x2000000, 0x800, 0x800, 0x8002, 0x4, 0x80, 0x2,
    0x40000, 0x800000, 0x40, 0x200, 0x1000000, 0x2000, 0x8, 0x1000000, 0x2, 0x1000000, 0x10000, 0x40000,
    0x8000, 0x10000, 0x400000, 0x200, 0x800, 0x2000000, 0x400, 0x80000, 0x8, 0x8, 0x80000, 0x1,
    0x4, 0x4, 0x2, 0x400, 0x2000000, 0x8, 0x1000000, 0x2000000, 0x1000000, 0x8000, 0x200, 0x2000000,
    0x10000, 0x40000, 0x200, 0x2000, 0x400, 0x400, 0x80000, 0x400, 0x2000, 0x200, 0x8, 0x200,
    0x40, 0x1000000, 0x10, 0x8000, 0x40, 0x80000, 0x800, 0x20, 0x1000000, 0x10000, 0x400, 0x1,
    0x40000, 0x8, 0x2000, 0x80000, 0x4, 0x1000000, 0x80, 0x2, 0x800, 0x40, 0x8, 0x2000000,
    0x80, 0x8002, 0x2, 0x1000000, 0x8, 0x1000, 0x200, 0x20000, 0x10, 0x40, 0x400, 0x2000000,
    0x1000000, 0x80, 0x10, 0x1000000, 0x1000000, 0x2, 0x200, 0x1000, 0x4, 0x8, 0x80000, 0x1000000,
    0x20, 0x2000000, 0x200, 0x200, 0x80, 0x40, 0x4, 0x200, 0x8000, 0x800, 0x800000, 0x80,
    0x800, 0x8, 0x400000, 0x800000, 0x200, 0x200, 0x400, 0x1000000, 0x80000, 0x4, 0x1000000, 0x400,
    0x40000, 0x40000, 0x40000, 0x1000, 0x80000, 0x400000, 0x4, 0x80000, 0x80000, 0x10000, 0x2000000, 0x800,
    0x2000000, 0x2, 0x40000, 0x2000000, 0x8, 0x80000, 0x400000, 0x2000000, 0x800000, 0x40, 0x2000000, 0x1,
    0x40, 0x1000000, 0x400, 0x80000, 0x1000000, 0x400000, 0x800000, 0x800, 0x80, 0x800, 0x4, 0x8000,
    0x2, 0x4, 0x800, 0x800, 0x4000, 0x10000, 0x1000, 0x1000, 0x2000000, 0x40000, 0x40000, 0x800,
    0x4, 0x1000, 0x2, 0x200, 0x4, 0x40000, 0x2000000, 0x2000000, 0x400, 0x1000000, 0x8, 0x4,
    0x2000000, 0x800000, 0x40, 0x10000, 0x200, 0x8, 0x40000, 0x1000, 0x4, 0x1000000, 0x80000, 0x2000000,
    0x10000, 0x10000, 0x800, 0x400000, 0x2000000, 0x10000, 0x2000000, 0x800000, 0x40000, 0x40000, 0x2, 0x8000,
    0x400, 0x8, 0x20, 0x10000, 0x1000, 0x8, 0x8, 0x2000000, 0x8, 0x40000, 0x8, 0x8,
    0x80000, 0x8, 0x1000, 0x20, 0x80, 0x80000, 0x8, 0x1000000, 0x2000000, 0x200, 0x1, 0x10000,
    0x200, 0x10000, 0x400, 0x1000000, 0x8000, 0x2, 0x8, 0x200, 0x1000000, 0x1000000, 0x800000, 0x80000,
    0x800, 0x200, 0x80, 0x8, 0x20000, 0x10000, 0x800000, 0x800000, 0x800000, 0x80, 0x1, 0x1000000,
    0x8, 0x80, 0x20000, 0x200, 0x800, 0x400, 0x800, 0x1000000, 0x80000, 0x400000, 0x80, 0x800,
    0x800, 0x20000, 0x800, 0x800, 0x20000, 0x4, 0x800000, 0x1000000, 0x800, 0x2, 0x400000, 0x40000,
    0x20000, 0x40000, 0x2000000, 0x2000000, 0x40000, 0x1000000, 0x1000, 0x10400, 0x2000000, 0x2000000, 0x80, 0x80,
    0x400, 0x1000000, 0x80, 0x800000, 0x400, 0x40000, 0x1000, 0x2000000, 0x40000, 0x1000000, 0x2000000, 0x40,
    0x4, 0x200, 0x20, 0x2, 0x2000000, 0x2, 0x40000, 0x10000, 0x800, 0x20, 0x4, 0x800000,
    0x800000, 0x800000, 0x2000, 0x800000, 0x400, 0x800000, 0x400000, 0x1000000, 0x1000, 0x40000, 0x8, 0x8,
    0x1000000, 0x10000, 0x400000, 0x40, 0x40, 0x10000, 0x1000, 0x1000, 0x1000000, 0x80, 0x4, 0x8,
    0x2000000, 0x80000, 0x80000, 0x20, 0x40, 0x1000000, 0x1000000, 0x80, 0x40, 0x40000, 0x80000, 0x80000,
    0x80000, 0x1000000, 0x2, 0x1000000, 0x400, 0x240, 0x8, 0x80, 0x400, 0x1000000, 0x200, 0x2,
    0x10, 0x800, 0x80, 0x8, 0x1000000, 0x8000, 0x200, 0x10200, 0x2000, 0x20, 0x800000, 0x20,
    0x8, 0x10000, 0x400, 0x2000000, 0x80, 0x10000, 0x400, 0x2000000, 0x2, 0x1000000, 0x200, 0x80000,
    0x2000000, 0x2, 0x800000, 0x80, 0x20, 0x8, 0x800000, 0x2, 0x8, 0x1, 0x40000, 0x400000,
    0x80, 0x1, 0x400000, 0x1, 0x200, 0x800, 0x8, 0x1000000, 0x200, 0x40000, 0x20, 0x80,
    0x2, 0x800, 0x8, 0x2000, 0x2000, 0x8, 0x2000, 0x10000, 0x200, 0x80000, 0x200, 0x2000,
    0x4, 0x80, 0x800000, 0x20, 0x200, 0x40000, 0x20000, 0x20, 0x400000, 0x80, 0x2000000, 0x20,
    0x1000, 0x8, 0x20000, 0x20, 0x200, 0x1000000, 0x80, 0x400000, 0x2000000, 0x8000, 0x8, 0x200,
    0x400, 0x2000000, 0x1000000, 0x200, 0x1000000, 0x1000, 0x20, 0x4, 0x1000000, 0x2000000, 0x2000, 0x1000000,
    0x2000, 0x800000, 0x20, 0x2, 0x1000000, 0x80000, 0x20, 0x1000000, 0x20, 0x400000, 0x1000000, 0x40,
    0x8, 0x2, 0x2000, 0x2000000, 0x2000000, 0x2000000, 0x8, 0x2000, 0x1000000, 0x80000, 0x800000, 0x2000000,
    0x10, 0x1000, 0x1000, 0x10000, 0x2, 0x40000, 0x10000, 0x10, 0x80, 0x800000, 0x20, 0x2000000,
    0x1000, 0x2, 0x1000, 0x20, 0x800, 0x2000000, 0x2000000, 0x40000, 0x20000, 0x40000, 0x1000000, 0x1000,
    0x200, 0x40, 0x40000, 0x800000, 0x400000, 0x2000000, 0x200, 0x40000, 0x8000, 0x20000, 0x1000000, 0x8,
    0x200, 0x40000, 0x200, 0x40, 0x800000, 0x80, 0x200, 0x200, 0x40, 0x800, 0x200, 0x200,
    0x1000000, 0x2000, 0x2000000, 0x200, 0x200, 0x800000, 0x80, 0x40, 0x200, 0x400, 0x1000000, 0x1000,
    0x800, 0x8000, 0x10, 0x1000000, 0x1000000, 0x4, 0x40000, 0x1000000, 0x40000, 0x40, 0x10000, 0x2000000,
    0x40000, 0x400000, 0x80, 0x400000, 0x800, 0x1000000, 0x20000, 0x200, 0x800, 0x8000, 0x800000, 0x40000,
    0x800, 0x4, 0x800000, 0x1000, 0x20, 0x40000, 0x1000, 0x400000, 0x400, 0x4, 0x4, 0x80000,
    0x2000, 0x800000, 0x2000, 0x1000000, 0x2000, 0x8000, 0x2000, 0x200, 0x40000, 0x2000000, 0x80, 0x8,
    0x2000000, 0x10, 0x8000, 0x80000, 0x800000, 0x1000, 0x400000, 0x1000000, 0x400000, 0x1, 0x1000000, 0x1000000,
    0x40000, 0x1000000, 0x400000, 0x800, 0x800000, 0x200, 0x10000, 0x2000000, 0x10000, 0x800000, 0x2000000, 0x8,
    0x4, 0x800, 0x1, 0x10, 0x10, 0x800, 0x1000, 0x4, 0x8000, 0x200, 0x8000, 0x4,
    0x800, 0x400000, 0x2, 0x800000, 0x40000, 0x10000, 0x80, 0x20, 0x400000, 0x20000, 0x80000, 0x20,
    0x20, 0x200, 0x80000, 0x2000, 0x10000, 0x200, 0x80, 0x200, 0x10000, 0x8, 0x800000, 0x80,
    0x400000, 0x800, 0x2, 0x1000000, 0x2000000, 0x4, 0x20, 0x200, 0x800, 0x1, 0x800, 0x400,
    0x1000000, 0x1000000, 0x200, 0x800, 0x8, 0x800000, 0x80, 0x80, 0x1000000, 0x4, 0x40000, 0x80000,
    0x8, 0x1000000, 0x400000, 0x2000, 0x20000, 0x200, 0x80000, 0x800000, 0x1000000, 0x400000, 0x8, 0x20000,
    0x1000, 0x8, 0x20000, 0x10000, 0x80, 0x400000, 0x10000, 0x4, 0x1000, 0x20, 0x200, 0x8,
    0x1000000, 0x2000000, 0x1000, 0x80, 0x1000, 0x1, 0x1000000, 0x800000, 0x200, 0x400000, 0x1000, 0x1000000,
    0x2000000, 0x10000, 0x40000, 0x800000, 0x80000, 0x800, 0x1000, 0x20000, 0x40000, 0x8000, 0x400000, 0x400000,
    0x4, 0x80, 0x1, 0x200, 0x2, 0x800000, 0x80000, 0x40, 0x4, 0x1000000, 0x8000, 0x800000,
    0x1000000, 0x1000000, 0x20000, 0x20000, 0x4, 0x800, 0x1000, 0x8000, 0x1, 0x1000, 0x40, 0x400,
    0x10000, 0x200, 0x40000, 0x2000000, 0x1000000, 0x200, 0x20000, 0x1000, 0x1000000, 0x200, 0x40000, 0x2000,
    0x800000, 0x80000, 0x8000, 0x800, 0x2000, 0x2, 0x1, 0x8000, 0x8000, 0x1000000, 0x8000, 0x1000000,
    0x800, 0x800000, 0x1000, 0x1000000, 0x2000000, 0x400, 0x1000000, 0x2000, 0x800, 0x8, 0x40, 0x1000000,
    0x200, 0x2000000, 0x4, 0x2000000, 0x80, 0x2000, 0x800, 0x1000, 0x2000000, 0x80, 0x80, 0x1,
    0x2000, 0x10000, 0x1000, 0x8000, 0x40, 0x400000, 0x10000, 0x80000, 0x2000000, 0x1000, 0x800000, 0x800000,
    0x1000, 0x800, 0x800, 0x80, 0x40, 0x8, 0x2000000, 0x800000, 0x1000000, 0x80, 0x800000, 0x400,
    0x20000, 0x800000, 0x1000000, 0x4, 0x200, 0x1000, 0x20, 0x20, 0x800000, 0x1000000, 0x80, 0x200,
    0x20, 0x40000, 0x2, 0x40000, 0x40000, 0x10000, 0x800, 0x800000, 0x800000, 0x2000, 0x8, 0x1000000,
    0x4, 0x1, 0x2000, 0x2000, 0x1000, 0x80000, 0x4, 0x200, 0x4, 0x1000000, 0x8000, 0x20000,
    0x20000, 0x2000, 0x1000000, 0x80000, 0x1000000, 0x10000, 0x2000, 0x1000000, 0x1000000, 0x1000, 0x2, 0x1000,
    0x40000, 0x800000, 0x2000, 0x8, 0x800, 0x1000000, 0x800, 0x1000000, 0x40000, 0x800, 0x200, 0x2000,
    0x800, 0x800000, 0x1000000, 0x40000, 0x80, 0x10000, 0x1000, 0x800, 0x800, 0x1000000, 0x2000000, 0x800,
    0x2000000, 0x200, 0x200, 0x200, 0x400, 0x1000000, 0x2000000, 0x2000000, 0x4, 0x40000, 0x20, 0x2,
    0x2000000, 0x800000, 0x800000, 0x1000, 0x40000, 0x80000, 0x2, 0x200, 0x40, 0x2000, 0x800000, 0x1000000,
    0x2000000, 0x80, 0x800, 0x40000, 0x2000, 0x1000, 0x4, 0x10000, 0x40000, 0x4, 0x1000000, 0x2000000,
    0x2000, 0x20, 0x2000000, 0x800, 0x800000, 0x2, 0x20000, 0x2000, 0x2000, 0x2000, 0x1000000, 0x800,
    0x1000, 0x2000, 0x20000, 0x80000, 0x40, 0x2000000, 0x10000, 0x1000000, 0x40000, 0x1, 0x80000, 0x40000,
    0x400000, 0x20000, 0x1000000, 0x80, 0x1000000, 0x200, 0x2000000, 0x1020, 0x2000000, 0x8, 0x80, 0x2000000,
    0x40, 0x2000000, 0x8, 0x400000, 0x1000000, 0x2, 0x40000, 0x40000, 0x4, 0x40000, 0x400, 0x800000,
    0x40000, 0x1000000, 0x80, 0x1000000, 0x80000, 0x40000, 0x800000, 0x40, 0x4, 0x10000, 0x40, 0x800000,
    0x2000000, 0x2000000, 0x2, 0x80, 0x1000000, 0x800000, 0x200, 0x40000, 0x4, 0x20000, 0x80, 0x1000,
    0x400, 0x400, 0x2, 0x840000, 0x4, 0x2000000, 0x200, 0x1000000, 0x200, 0x1000000, 0x1000, 0x400,
    0x10000, 0x80, 0x2000000, 0x200, 0x20, 0x2000, 0x2, 0x80, 0x1000, 0x10000, 0x80, 0x1000000,
    0x40000, 0x2000, 0x200, 0x2000, 0x2000000, 0x1000000, 0x2, 0x400, 0x2000, 0x10000, 0x1000, 0x4,
    0x200, 0x40, 0x10000, 0x80, 0x400000, 0x800, 0x40000, 0x2000, 0x2000000, 0x40000, 0x400000, 0x800000,
    0x400, 0x80, 0x800, 0x200, 0x80, 0x1000000, 0x1000000, 0x2, 0x10000, 0x4, 0x2, 0x20,
    0x4, 0x8, 0x40000, 0x800000, 0x8, 0x800, 0x8, 0x40000, 0x8000, 0x20, 0x2000000, 0x20,
    0x40000, 0x400, 0x200, 0x200, 0x2000000, 0x1400000, 0x2000000, 0x800000, 0x40000, 0x8, 0x8, 0x800000,
    0x200, 0x40000, 0x10, 0x10, 0x10, 0x40, 0x200, 0x40000, 0x4, 0x40000, 0x40000, 0x1000,
    0x40, 0x4, 0x800, 0x800000, 0x800000, 0x400, 0x400000, 0x400000, 0x1000000, 0x800, 0x800, 0x1000000,
    0x1000, 0x400000, 0x400000, 0x400000, 0x40, 0x1000000, 0x8, 0x400, 0x2000000, 0x200, 0x40, 0x40,
    0x40, 0x80000, 0x40, 0x40, 0x40000, 0x1000000, 0x4, 0x400, 0x2000, 0x200, 0x1400000, 0x42000,
    0x200, 0x8000, 0x4, 0x800000, 0x2, 0x200, 0x200, 0x80000, 0x10000, 0x80000, 0x200, 0x400000,
    0x8, 0x40000, 0x40000, 0x8002, 0x200, 0x800000, 0x2000000, 0x800000, 0x2000, 0x2000000, 0x800000, 0x400000,
    0x1000, 0x10, 0x800, 0x8000, 0x80000, 0x20, 0x40000, 0x800000, 0x80000, 0x800, 0x800, 0x800000,
    0x4, 0x800, 0x200, 0x800000, 0x200, 0x200, 0x800, 0x200, 0x40000, 0x800000, 0x4, 0x80000,
    0x2000, 0x40000, 0x400000, 0x800000, 0x800, 0x10, 0x80, 0x80, 0x800, 0x1000000, 0x10000, 0x20000,
    0x400000, 0x80, 0x40000, 0x1000000, 0x4, 0x40000, 0x10000, 0x20000, 0x1000000, 0x2, 0x1000000, 0x1,
    0x1000000, 0x400000, 0x200, 0x10, 0x200, 0x10000, 0x20, 0x400000, 0x10000, 0x4, 0x10000, 0x10000,
    0x4, 0x200, 0x10000, 0x40, 0x800000, 0x1, 0x800, 0x8, 0x2, 0x2000000, 0x2000000, 0x1000000,
    0x200, 0x40, 0x400, 0x40, 0x800000, 0x8000, 0x800, 0x80000, 0x10200, 0x1000000, 0x20, 0x800000,
    0x200, 0x800, 0x80000, 0x8000, 0x1, 0x8, 0x400, 0x1000000, 0x10000, 0x80, 0x8000, 0x1000,
    0x1, 0x80000, 0x800, 0x4, 0x8000, 0x8, 0x80, 0x400, 0x800000, 0x1000, 0x80000, 0x800000,
    0x1000000, 0x2, 0x80, 0x2, 0x800, 0x10, 0x20, 0x800000, 0x8, 0x800, 0x10, 0x10,
    0x40, 0x10000, 0x80008, 0x1000000, 0x1000, 0x40000, 0x1, 0x400000, 0x80, 0x2040000, 0x1000, 0x800,
    0x200, 0x80000, 0x400000, 0x1000000, 0x10000, 0x800000, 0x800, 0x1000000, 0x10200, 0x2000000, 0x800, 0x200,
    0x10, 0x10, 0x1000000, 0x800000, 0x2, 0x10000, 0x10000, 0x20, 0x20, 0x2000, 0x800, 0x1000000,
    0x800000, 0x20000, 0x8, 0x40000, 0x4, 0x80000, 0x40, 0x200, 0x40, 0x800000, 0x1000000, 0x400000,
    0x800, 0x400, 0x800, 0x800, 0x800000, 0x10000, 0x400, 0x4, 0x4, 0x80000, 0x800, 0x80,
    0x200, 0x800, 0x10000, 0x1000, 0x400, 0x400, 0x2000000, 0x40, 0x4, 0x1000000, 0x1000000, 0x40,
    0x800, 0x800, 0x800, 0x200, 0x8, 0x2000000, 0x40, 0x1000000, 0x8, 0x80, 0x2000000, 0x400000,
    0x800000, 0x8000, 0x1000000, 0x40000, 0x200, 0x2, 0x2000000, 0x400, 0x8, 0x2000000, 0x40, 0x1000000,
    0x2000000, 0x2000000, 0x80, 0x1000000, 0x400000, 0x1000000, 0x20, 0x10000, 0x1000000, 0x80000, 0x1000000, 0x2000000,
    0x40000, 0x2000000, 0x1000000, 0x10, 0x2000000, 0x400, 0x800, 0x1000000, 0x1000, 0x80, 0x200, 0x200,
    0x80, 0x80000, 0x40000, 0x1000, 0x10000, 0x400000, 0x1000000, 0x2000000, 0x800, 0x400, 0x1000000, 0x1000000,
    0x400000, 0x2000000, 0x4, 0x40000, 0x20000, 0x400, 0x10000, 0x1000000, 0x10000, 0x800, 0x80000, 0x8,
    0x800000, 0x400000, 0x4, 0x8, 0x20000, 0x200, 0x400, 0x800, 0x400000, 0x40000, 0x10000, 0x2000000,
    0x400000, 0x2, 0x8, 0x4, 0x10000, 0x1000000, 0x2000, 0x4, 0x200, 0x40000, 0x20000, 0x40000,
    0x2000000, 0x200, 0x800, 0x400, 0x4, 0x8, 0x4, 0x8, 0x80000, 0x800, 0x2000000, 0x2000000,
    0x2000000, 0x1, 0x4, 0x10000, 0x10000, 0x4, 0x2000000, 0x8, 0x8, 0x800000, 0x1000000, 0x8000,
    0x800, 0x800000, 0x4, 0x2, 0x10000, 0x200, 0x1000000, 0x800, 0x2000000, 0x800, 0x800, 0x800,
    0x200, 0x8, 0x8, 0x2000000, 0x200, 0x40, 0x1000000, 0x200, 0x1000000, 0x200, 0x40000, 0x1000000,
    0x800000, 0x2000, 0x1000000, 0x1000000, 0x1000000, 0x2000, 0x800000, 0x200, 0x800000, 0x400, 0x800000, 0x8,
    0x1, 0x2000000, 0x400000, 0x1000000, 0x20000, 0x8, 0x800, 0x200, 0x1000000, 0x1000000, 0x1000000, 0x20000,
    0x200, 0x800, 0x40, 0x800, 0x800, 0x8, 0x20000, 0x800000, 0x200, 0x4, 0x1000000, 0x400,
    0x1000000, 0x400000, 0x2000, 0x10000, 0x4, 0x4, 0x800, 0x8, 0x8, 0x2000, 0x1000000, 0x1000000,
    0x1000000, 0x400, 0x1000000, 0x4, 0x400, 0x4, 0x2000000, 0x80, 0x200, 0x800000, 0x4, 0x4,
    0x800, 0x40, 0x2000000, 0x10000, 0x200, 0x40, 0x200, 0x400000, 0x8000, 0x8000, 0x4, 0x10000,
    0x10000, 0x200, 0x1000000, 0x40000, 0x2, 0x2000000, 0x2000000, 0x800080, 0x1000000, 0x200, 0x800000, 0x200,
    0x2, 0x800000, 0x200, 0x20, 0x2000000, 0x2, 0x40000, 0x2, 0x8, 0x40000, 0x20, 0x2000,
    0x40000, 0x20, 0x8000, 0x2000000, 0x800000, 0x80, 0x8, 0x400000, 0x2000000, 0x80000, 0x8, 0x1000,
    0x8000, 0x8000, 0x80000, 0x2, 0x800, 0x2000000, 0x2000000, 0x2, 0x2000000, 0x8, 0x1000, 0x1000000,
    0x1000000, 0x8000, 0x10000, 0x200, 0x20000, 0x40000, 0x8, 0x2000000, 0x40000, 0x10000, 0x2000000, 0x40000,
    0x10000, 0x800000, 0x2, 0x8, 0x40, 0xC, 0x8000, 0x2000000, 0x40000, 0x400000, 0x8, 0x400000,
    0x4, 0x40000, 0x10000, 0x2000000, 0x40, 0x1000, 0x8, 0x80, 0x2000000, 0x800000, 0x1000, 0x400000,
    0x400000, 0x20, 0x1000000, 0x2, 0x8000, 0x8, 0x40, 0x8000, 0x80, 0x80000, 0x1000, 0x200,
    0x80000, 0x80, 0x2000000, 0x40000, 0x1000, 0x1000, 0x2, 0x40, 0x2000000, 0x1000, 0x2, 0x2000000,
    0x200, 0x4, 0x20, 0x2000000, 0x80, 0x20, 0x2000004, 0x2, 0x2, 0x2000000, 0x1000, 0x10000,
    0x4, 0x20, 0x1000, 0x2, 0x4, 0x1000, 0x4, 0x200, 0x800000, 0x800, 0x40, 0x8000,
    0x2000, 0x200, 0x2, 0x2, 0x800000, 0x40, 0x1000000, 0x80, 0x1000000, 0x1000000, 0x200, 0x40,
    0x8000, 0x80000, 0x2000000, 0x40, 0x2000000, 0x1000, 0x10000, 0x2, 0x10000, 0x8, 0x4, 0x40,
    0x1000000, 0x2, 0x200, 0x800000, 0x800, 0x400000, 0x2000000, 0x400, 0x1000000, 0x8, 0x8000, 0x8,
    0x1000000, 0x1000, 0x40, 0x4, 0x20, 0x80000, 0x8000, 0x20, 0x800000, 0x1000000, 0x2000000, 0x80000,
    0x2000000, 0x800000, 0x8, 0x2000000, 0x800000, 0x80000, 0x40, 0x400, 0x1000, 0x80000, 0x1000000, 0x2,
    0x2, 0x4, 0x800, 0x2, 0x200, 0x1, 0x40000, 0x400, 0x1000000, 0x80000, 0x40000, 0x40000,
    0x10000, 0x1000000, 0x1000000, 0x1000, 0x40000, 0x4, 0x800000, 0x20, 0x200, 0x10, 0x400000, 0x800,
    0x40000, 0x800, 0x800, 0x40000, 0x2000000, 0x2, 0x10000, 0x200, 0x200, 0x200, 0x1, 0x400,
    0x800, 0x1000000, 0x800, 0x8, 0x800, 0x1000000, 0x4, 0x4, 0x80000, 0x40000, 0x800000, 0x1000,
    0x4, 0x400000, 0x20, 0x40, 0x400, 0x400, 0x2, 0x10000, 0x800000, 0x800, 0x800, 0x800,
    0x800, 0x200, 0x1000000, 0x800000, 0x80000, 0x1000000, 0x800, 0x80000, 0x1000000, 0x800000, 0x1000000, 0x80000,
    0x8, 0x8000, 0x200, 0x80, 0x2000, 0x80, 0x40, 0x2000, 0x400, 0x2, 0x1000000, 0x10000,
    0x2800, 0x20, 0x200, 0x1000000, 0x1000000, 0x2000000, 0x2, 0x1000000, 0x1000000, 0x10, 0x40000, 0x40000,
    0x10, 0x40000, 0x40000, 0x40, 0x8, 0x1000000, 0x80, 0x20, 0x80, 0x400000, 0x80000, 0x4,
    0x200, 0x2, 0x40000, 0x8, 0x2000000, 0x200, 0x80000, 0x20, 0x8, 0x1000, 0x800000, 0x80,
    0x4, 0x2000, 0x200, 0x2000000, 0x1000000, 0x1000, 0x10000, 0x400000, 0x40000, 0x20000, 0x800000, 0x200,
    0x8, 0x2000000, 0x200, 0x10000, 0x8000, 0x80008, 0x10200, 0x2, 0x2, 0x40000, 0x8, 0x200,
    0x40, 0x40, 0x20, 0x2, 0x400, 0x200, 0x2, 0x800000, 0x8, 0x40, 0x200, 0x80,
    0x1000, 0x40, 0x400000, 0x200, 0x200, 0x200, 0x40, 0x8, 0x800, 0x800, 0x80000, 0x80,
    0x2000000, 0x80, 0x80, 0x1000000, 0x1000000, 0x1000000, 0x1000000, 0x1000000, 0x1000000, 0x40000, 0x800000, 0x400000,
    0x80000, 0x1000000, 0x1000000, 0x1000000, 0x4, 0x4, 0x2, 0x8, 0x2, 0x8000, 0x1000000, 0x8000,
    0x2000000, 0x1000000, 0x4, 0x4, 0x2000000, 0x80000, 0x200, 0x8000, 0x2000000, 0x1000000, 0x400000, 0x4,
    0x2, 0x8, 0x800, 0x20, 0x400000, 0x2000000, 0x4, 0x400000, 0x200, 0x8, 0x800000, 0x800000,
    0x80, 0x1000000, 0x80, 0x800, 0x80, 0x400000, 0x4, 0x2000000, 0x800000, 0x200, 0x80000, 0x4,
    0x2000000, 0x800, 0x4, 0x8, 0x8000, 0x800000, 0x8, 0x200, 0x4, 0x2000000, 0x4, 0x2000000,
    0x800, 0x1000000, 0x800000, 0x200, 0x200, 0x40000, 0x200, 0x2, 0x80, 0x20, 0x800000, 0x400000,
    0x8000, 0x1000000, 0x400000, 0x800000, 0x2000000, 0x8000, 0x80000, 0x8, 0x2000000, 0x2000000, 0x2, 0x8,
    0x4, 0x4, 0x200, 0x80, 0x200, 0x80, 0x1000, 0x800, 0x800000, 0x2, 0x10000, 0x800000,
    0x800000, 0x2, 0x1000000, 0x800, 0x20000, 0x8, 0x8, 0x40, 0x200, 0x20000, 0x20000, 0x4,
    0x80000, 0x80000, 0x80000, 0x40, 0x10000, 0x40000, 0x4, 0x2000000, 0x400000, 0x1000, 0x800000, 0x20,
    0x1000000, 0x80000, 0x1000, 0x400000, 0x2000000, 0x4, 0x400000, 0x200, 0x400000, 0x800000, 0x200, 0x1000000,
    0x400000, 0x4, 0x40000, 0x400, 0x1000000, 0x2, 0x2000000, 0x10000, 0x4, 0x4, 0x80000, 0x80000,
    0x10000, 0x2000, 0x80, 0x800000, 0x2000, 0x400, 0x800000, 0x800000, 0x400, 0x80, 0x400, 0x20,
    0x80, 0x80000, 0x40000, 0x400000, 0x4000, 0x4, 0x4, 0x200, 0x1000000, 0x2, 0x4, 0x1000,
    0x8000, 0x2000000, 0x2000000, 0x1000000, 0x200, 0x2, 0x2000, 0x2000, 0x2000000, 0x8000, 0x2, 0x80000,
    0x80, 0x80, 0x200, 0x8, 0x800, 0x40000, 0x4, 0x8, 0x8, 0x1000000, 0x80000, 0x1000000,
    0x20, 0x200, 0x8000, 0x800000, 0x1000000, 0x2000, 0x40, 0x20, 0x800000, 0x2, 0x1000000, 0x10000,
    0x800000, 0x4, 0x2, 0x80, 0x800000, 0x4, 0x2, 0x40000, 0x800000, 0x80000, 0x1000000, 0x2000000,
    0x8, 0x1000, 0x2000000, 0x1000000, 0x40000, 0x2000, 0x800000, 0x40000, 0x800000, 0x800, 0x80, 0x400,
    0x1000, 0x2000000, 0x800000, 0x800, 0x80000, 0x80, 0x8, 0x80, 0x400, 0x40, 0x80, 0x800000,
    0x200, 0x40000, 0x40000, 0x80, 0x10000, 0x1000000, 0x80, 0x80, 0x4, 0x200, 0x1000000, 0x800000,
    0x40, 0x800, 0x80, 0x2000000, 0x800000, 0x4, 0x40000, 0x2000, 0x80, 0x10, 0x400, 0x8,
    0x80000, 0x40, 0x10000, 0x800000, 0x10000, 0x1000000, 0x8000, 0x400, 0x8, 0x80, 0x400010, 0x800000,
    0x80000, 0x1000000, 0x400, 0x4, 0x2000, 0x1000000, 0x1000, 0x1000000, 0x1000000, 0x1000000, 0x8000, 0x400,
    0x10000, 0x1000000, 0x1000000, 0x80000, 0x200, 0x800000, 0x2000000, 0x800, 0x80000, 0x80, 0x80, 0x10000,
    0x80000, 0x2, 0x1000000, 0x10000, 0x80, 0x800000, 0x2, 0x1000, 0x1000000, 0x80, 0x40000, 0x10000,
    0x4, 0x400, 0x400000, 0x400000, 0x1000000, 0x800, 0x800, 0x80, 0x4, 0x1000000, 0x1000000, 0x800,
    0x2000, 0x2000, 0x10, 0x10000, 0x800000, 0x10000, 0x400000, 0x1000, 0x4, 0x20, 0x2, 0x8,
    0x4, 0x4, 0x1000, 0x800, 0x200, 0x40, 0x40, 0x800000, 0x8, 0x10000, 0x400, 0x80000,
    0x800, 0x800000, 0x400, 0x40, 0x2000, 0x10000, 0x4, 0x8, 0x40, 0x2000000, 0x200, 0x400000,
    0x1000000, 0x200, 0x200, 0x800, 0x1000000, 0x80, 0x80, 0x10000, 0x80000, 0x80000, 0x80000, 0x2000,
    0x400000, 0x4, 0x80, 0x80, 0x800000, 0x4, 0x800000, 0x400000, 0x80, 0x10, 0x40000, 0x2000000,
    0x200, 0x1000000, 0x8, 0x200, 0x4, 0x4, 0x8, 0x2, 0x10000, 0x4, 0x8, 0x40,
    0x8, 0x2000, 0x1000000, 0x800000, 0x2000000, 0x8, 0x80, 0x4, 0x10000, 0x20000, 0x800000, 0x4,
    0x2, 0x1000, 0x2000000, 0x80000, 0x10000, 0x4, 0x2, 0x800000, 0x400000, 0x40, 0x10000, 0x400000,
    0x1000000, 0x1000000, 0x2, 0x800000, 0x80, 0x1000, 0x2, 0x1000000, 0x1000, 0x1000000, 0x400, 0x8,
    0x1000000, 0x10, 0x4, 0x1000, 0x10000, 0x400, 0x1000000, 0x1, 0x10000, 0x1000000, 0x2000, 0x40,
    0x1000000, 0x2000000, 0x40000, 0x800, 0x20, 0x1000000, 0x400, 0x400, 0x10000, 0x40, 0x1000000, 0x40000,
    0x40000, 0x10000, 0x1000000, 0x40000, 0x80, 0x200, 0x40, 0x200, 0x4, 0x2000, 0x800000, 0x400,
    0x2000000, 0x1000000, 0x4, 0x800000, 0x40000, 0x2, 0x400, 0x1000000, 0x800000, 0x80, 0x1000000, 0x1000000,
    0x800, 0x40000, 0x80000, 0x1000000, 0x4, 0x800000, 0x10000, 0x80000, 0x80, 0x1000000, 0x40000, 0x1000,
    0x40, 0x40000, 0x4, 0x8000, 0x1000, 0x1000, 0x40, 0x4, 0x4, 0x4, 0x4, 0x4,
    0x1000, 0x80000, 0x2000000, 0x80000, 0x1, 0x40000, 0x1000, 0x40, 0x10000, 0x2000000, 0x200, 0x80,
    0x400, 0x800, 0x4000, 0x40000, 0x10000, 0x1000000, 0x800, 0x40000, 0x400000, 0x80000, 0x1000, 0x10000,
    0x40000, 0x1000000, 0x10000, 0x400, 0x8, 0x2000000, 0x800, 0x200, 0x10000, 0x10000, 0x1000000, 0x8000,
    0x800, 0x4, 0x1000000, 0x4, 0x2000000, 0x80000, 0x4, 0x10000, 0x10000, 0x8000, 0x2, 0x2,
    0x10000, 0x200, 0x2000000, 0x4, 0x800, 0x8000, 0x400, 0x80, 0x10000, 0x4, 0x1000000, 0x1000000,
    0x800000, 0x800000, 0x8, 0x80000, 0x8, 0x8, 0x8, 0x40000, 0x200, 0x4, 0x800000, 0x20,
    0x20, 0x800, 0x800, 0x4, 0x80, 0x10000, 0x800000, 0x1000, 0x200, 0x800, 0x400000, 0x4,
    0x200, 0x4, 0x800000, 0x80000, 0x40000, 0x8000, 0x1000000, 0x4, 0x800000, 0x2000, 0x8, 0x80000,
    0x200, 0x40000, 0x80, 0x200, 0x400000, 0x800000, 0x8, 0x10000, 0x10000, 0x200, 0x4, 0x400,
    0x800000, 0x1000000, 0x1, 0x1000, 0x1000000, 0x800, 0x40000, 0x200, 0x80, 0x1000, 0x800, 0x1,
    0x800, 0x1000000, 0x400, 0x800000, 0x4, 0x1000000, 0x1000000, 0x8, 0x1000, 0x1, 0x1000, 0x8,
    0x10000, 0x1000, 0x800, 0x1000, 0x4, 0x2000000, 0x2000, 0x2000, 0x1000000, 0x1000000, 0x2, 0x2000000,
    0x400, 0x400, 0x1000000, 0x20, 0x800, 0x1000, 0x4, 0x80, 0x4, 0x1000, 0x800, 0x80,
    0x800000, 0x20000, 0x4, 0x200, 0x200, 0x80, 0x40000, 0x1000000, 0x800, 0x2000, 0x1000, 0x80000,
    0x200, 0x40, 0x2000040, 0x2000000, 0x40, 0x1000000, 0x400000, 0x200, 0x810000, 0x40000, 0x20000, 0x800000,
    0x4, 0x400000, 0x200, 0x40, 0x200, 0x10000, 0x80, 0x10000, 0x2000000, 0x8, 0x10000, 0x240,
    0x8, 0x2000000, 0x200, 0x200, 0x2000000, 0x400, 0x200, 0x400, 0x40, 0x8, 0x2000000, 0x10000,
    0x40, 0x200, 0x200, 0x1000000, 0x200, 0x1000000, 0x800, 0x80, 0x2000000, 0x800000, 0x800000, 0x4,
    0x8, 0x10000, 0x80, 0x80, 0x80, 0x10, 0x40000, 0x80000, 0x1000, 0x80, 0x800, 0x20,
    0x40000, 0x8002, 0x8, 0x200, 0x40000, 0x1000000, 0x1000000, 0x40000, 0x80, 0x20, 0x1000000, 0x40000,
    0x40000, 0x4, 0x2000000, 0x10000, 0x800, 0x8000, 0x8002, 0x8, 0x20000, 0x20, 0x20000, 0x2000000,
    0x80000, 0x2000000, 0x8, 0x440, 0x1000000, 0x400, 0x80, 0x40000, 0x4, 0x80000, 0x40, 0x400,
    0x400000, 0x8, 0x10000, 0x2000000, 0x20000, 0x400, 0x1000, 0x40000, 0x1000000, 0x2000, 0x2, 0x4,
    0x20000, 0x800000, 0x10000, 0x2, 0x200, 0x1000000, 0x20, 0x1, 0x800000, 0x8000, 0x2000000, 0x2000000,
    0x10, 0x8, 0x2000000, 0x4, 0x200, 0x1000000, 0x400, 0x2, 0x4, 0x200, 0x400000, 0x80,
    0x1000000, 0x200, 0x2, 0x10000, 0x8, 0x2000000, 0x1000000, 0x400000, 0x2000, 0x1000000, 0x40000, 0x2000000,
    0x8000, 0x80000, 0x8, 0x400, 0x2040000, 0x8000, 0x20, 0x8000, 0x2, 0x1, 0x2000000, 0x80000,
    0x400, 0x800, 0x10000, 0x1000000, 0x80, 0x2, 0x2, 0x2000000, 0x8000, 0x2000, 0x2, 0x8000,
    0x80000, 0x1000000, 0x2000000, 0x2000000, 0x1000000, 0x2, 0x80, 0x2000, 0x1000000, 0x8, 0x4, 0x8000,
    0x200, 0x1000, 0x1000, 0x4, 0x1000000, 0x4, 0x10000, 0x1000, 0x4, 0x200, 0x20, 0x2000000,
    0x2000000, 0x8, 0x4, 0x1000, 0x2000, 0x800, 0x20, 0x8000, 0x2, 0x8000, 0x800, 0x2000,
    0x40, 0x10000, 0x200, 0x80000, 0x2, 0x80000, 0x80000, 0x2001, 0x200, 0x2000000, 0x8000, 0x2000000,
    0x2, 0x2, 0x8, 0x2000, 0x200, 0x400, 0x800, 0x200, 0x10000, 0x1000000, 0x800, 0x2000,
    0x2, 0x2000000, 0x10000, 0x80, 0x400, 0x40000, 0x200, 0x2000000, 0x2000, 0x40, 0x40, 0x10000,
    0x40000, 0x4, 0x2000000, 0x400, 0x1000000, 0x800000, 0x4, 0x80, 0x8000, 0x2000000, 0x40000, 0x2000,
    0x2, 0x4, 0x40, 0x2000000, 0x400, 0x8, 0x8, 0x2000000, 0x10000, 0x1, 0x2000, 0x2000000,
    0x40, 0x200, 0x400, 0x8, 0x2000, 0x80000, 0x800, 0x2000000, 0x800, 0x8, 0x400000, 0x200,
    0x800, 0x200, 0x2000000, 0x800, 0x1000000, 0x400000, 0x80000, 0x800000, 0x2000, 0x8, 0x200, 0x2000000,
    0x200, 0x80, 0x800000, 0x1000000, 0x1, 0x80000, 0x2000, 0x4, 0x2, 0x40, 0x80000, 0x2000000,
    0x4, 0x40000, 0x40000, 0x400, 0x1000, 0x2000, 0x200, 0x8000, 0x200, 0x1000000, 0x80000, 0x40000,
    0x20000, 0x400000, 0x800000, 0x4, 0x20, 0x200, 0x400000, 0x200, 0x200, 0x80000, 0x400, 0x80,
    0x80000, 0x2000000, 0x8000, 0x800, 0x2, 0x80, 0x40000, 0x2000, 0x200, 0x2000000, 0x40000, 0x1000000,
    0x200, 0x2, 0x400000, 0x2, 0x2000000, 0x1000000, 0x2000000, 0x800, 0x40000, 0x80000, 0x800, 0x40000,
    0x2, 0x200, 0x80, 0x8, 0x400000, 0x400000, 0x10000, 0x8000, 0x40000, 0x800, 0x1000, 0x1000,
    0x20, 0x2, 0x200, 0x8, 0x400000, 0x1, 0x200, 0x1000000, 0x2000000, 0x4, 0x4, 0x200,
    0x80000, 0x2, 0x2000, 0x2000, 0x20000, 0x2000000, 0x400000, 0x10000, 0x800000, 0x4, 0x8, 0x40000,
    0x800, 0x10000, 0x40, 0x8, 0x40000, 0x8, 0x8000, 0x8, 0x2000000, 0x80, 0x200, 0x80000,
    0x10000, 0x10000, 0x8000, 0x40000, 0x10000, 0x800, 0x1000000, 0x1000000, 0x200, 0x2000000, 0x800, 0x40,
    0x1000000, 0x80, 0x1000000, 0x2000000, 0x800, 0x4, 0x80000, 0x4, 0x2, 0x200, 0x80000, 0x400,
    0x80000, 0x1000000, 0x4, 0x2000000, 0x200, 0x80000, 0x10000, 0x400, 0x2, 0x8000, 0x200, 0x800,
    0x40, 0x1000, 0x200, 0x2000000, 0x8, 0x1000, 0x4, 0x40000, 0x40, 0x8000, 0x1000000, 0x2000,
    0x200, 0x2000000, 0x200, 0x200, 0x1000000, 0x1000000, 0x400, 0x2000, 0x80, 0x20000, 0x8000, 0x400000,
    0x40000, 0x2000000, 0x800000, 0x1000, 0x80008, 0x2000, 0x4, 0x40000, 0x2000000, 0x2000000, 0x1000000, 0x800000,
    0x1000000, 0x2, 0x1000000, 0x80, 0x1000000, 0x2000000, 0x1, 0x800000, 0x1000000, 0x400000, 0x400, 0x4,
    0x200, 0x80000, 0x800, 0x800, 0x4, 0x400, 0x200, 0x200, 0x80000, 0x200, 0x80, 0x40,
    0x4, 0x800000, 0x8, 0x800000, 0x1000000, 0x10000, 0x1000000, 0x4, 0x2000000, 0x2, 0x1000000, 0x400000,
    0x2, 0x800, 0x400000, 0x10000, 0x4, 0x40, 0x800, 0x2000000, 0x40, 0x200, 0x40, 0x10000,
    0x20000, 0x10000, 0x4, 0x4, 0x2000000, 0x40000, 0x40000, 0x2, 0x4, 0x20000, 0x8002, 0x4,
    0x40000, 0x400, 0x1000000, 0x8, 0x2000000, 0x2000, 0x800, 0x200, 0x40000, 0x10000, 0x40, 0x800000,
    0x40000, 0x40000, 0x200, 0x1000, 0x10, 0x4, 0x2000, 0x40000, 0x80000, 0x2000000, 0x80000, 0x8000,
    0x2, 0x8, 0x800, 0x80000, 0x80, 0x2000000, 0x400000, 0x80, 0x10000, 0x400000, 0x10000, 0x80000,
    0x2000000, 0x10, 0x800000, 0x2000, 0x10000, 0x4, 0x2000000, 0x40, 0x400000, 0x10, 0x40000, 0x400,
    0x40000, 0x40000, 0x2, 0x1000000, 0x2, 0x40000, 0x80000, 0x40000, 0x4, 0x40000, 0x200, 0x4,
    0x4, 0x40, 0x2, 0x20, 0x40000, 0x8, 0x10000, 0x40000, 0x2000000, 0x800, 0x4, 0x4,
    0x40, 0x800, 0x800, 0x800, 0x2000000, 0x40, 0x80, 0x2000000, 0x4, 0x80000, 0x80, 0x4,
    0x2000, 0x1000, 0x200, 0x40, 0x1000000, 0x2000000, 0x1, 0x2000000, 0x2000, 0x1000, 0x4, 0x400,
    0x4, 0x40000, 0x80000, 0x200, 0x1000, 0x1000, 0x2000000, 0x4, 0x400, 0x2, 0x200, 0x1000000,
    0x40, 0x10000, 0x800, 0x200, 0x1000000, 0x200, 0x8000, 0x8000, 0x800, 0x8, 0x800000, 0x20000,
    0x40, 0x2000000, 0x1000000, 0x800000, 0x4, 0x4, 0x40000, 0x2000, 0x80, 0x40000, 0x80, 0x40,
    0x8, 0x2000000, 0x2000, 0x800, 0x2000000, 0x80, 0x2000000, 0x200, 0x200, 0x4, 0x8, 0x8,
    0x4, 0x2, 0x4, 0x200, 0x20, 0x800, 0x2, 0x20, 0x10000, 0x2, 0x2000004, 0x2000000,
    0x2000000, 0x400000, 0x8000, 0x10000, 0x8, 0x2000, 0x80, 0x800000, 0x800, 0x200, 0x4, 0x80000,
    0x80, 0x10000, 0x400000, 0x200, 0x40, 0x1000000, 0x800, 0x2000, 0x800, 0x40000, 0x2000000, 0x2000000,
    0x8000, 0x4, 0x200, 0x8, 0x40000, 0x4, 0x10000, 0x10000, 0x80, 0x200, 0x10000, 0x400,
    0x8, 0x800000, 0x400, 0x8000, 0x2, 0x1, 0x200, 0x1000000, 0x10, 0x1000, 0x40000, 0x1000,
    0x200, 0x80000, 0x2000000, 0x8, 0x800000, 0x800, 0x4, 0x200, 0x1000000, 0x20000, 0x1000000, 0x1000000,
    0x2000, 0x400000, 0x200, 0x2, 0x2000, 0x40, 0x2000000, 0x2000000, 0x400, 0x1000, 0x200, 0x800000,
    0x800, 0x80000, 0x2, 0x40000, 0x800, 0x800, 0x20000, 0x80000, 0x8000, 0x1000000, 0x800, 0x4,
    0x40000, 0x2000000, 0x2000, 0x800000, 0x200, 0x80, 0x800, 0x800, 0x80, 0x1000000, 0x800, 0x800,
    0x10000, 0x10000, 0x2000004, 0x10000, 0x800, 0x800000, 0x1000000, 0x1000, 0x20000, 0x4, 0x400000, 0x4,
    0x800000, 0x40000, 0x800, 0x200, 0x1000, 0x4, 0x2000000, 0x800, 0x80000, 0x2000000, 0x800, 0x8,
    0x400000, 0x8, 0x200, 0x200, 0x800, 0x800, 0x2000, 0x2000000, 0x40, 0x40, 0x10000, 0x800000,
    0x8000, 0x8000, 0x40000, 0x400, 0x1000000, 0x40, 0x1000000, 0x40, 0x40, 0x2, 0x20, 0x2000000,
    0x8000, 0x8, 0x400, 0x1000, 0x400000, 0x40, 0x80, 0x4, 0x800000, 0x1000, 0x4, 0x40,
    0x8, 0x800000, 0x200, 0x1000, 0x4, 0x200, 0x40000, 0x8, 0x1000000, 0x4, 0x1, 0x2,
    0x800000, 0x200, 0x8, 0x800, 0x2000, 0x2, 0x4, 0x8, 0x8, 0x1000000, 0x40, 0x40000,
    0x400, 0x1000000, 0x8, 0x200, 0x80000, 0x800000, 0x8, 0x200, 0x200, 0x1000000, 0x800000, 0x1000,
    0x40000, 0x1, 0x10000, 0x1, 0x2000000, 0x8, 0x2000000, 0x20, 0x40000, 0x800, 0x10000, 0x800000,
    0x1000000, 0x200, 0x40000, 0x200, 0x2000000, 0x1000000, 0x800, 0x2, 0x800, 0x800000, 0x800000, 0x400000,
    0x800000, 0x10000, 0x10000, 0x2000000, 0x2, 0x200, 0x2000000, 0x800, 0x20, 0x2, 0x2, 0x800,
    0x1000000, 0x800, 0x400000, 0x8, 0x40000, 0x800, 0x200, 0x80, 0x800000, 0x200, 0x1000000, 0x2000000,
    0x200, 0x400000, 0x80000, 0x8, 0x200, 0x4, 0x1000000, 0x20, 0x10000, 0x2000000, 0x10000, 0x2000000,
    0x2000000, 0x8, 0x4, 0x40000, 0x800000, 0x2000000, 0x2000000, 0x10000, 0x800, 0x2000000, 0x4, 0x8,
    0x2000000, 0x20, 0x4, 0x80, 0x1000000, 0x40000, 0x8000, 0x1000000, 0x1000, 0x8000, 0x10000, 0x2000000,
    0x1000, 0x800, 0x8000, 0x8000, 0x800, 0x20, 0x20, 0x800000, 0x200, 0x200, 0x2000, 0x2000000,
    0x2000000, 0x1000000, 0x800, 0x40000, 0x200, 0x1000000, 0x1000000, 0x10000, 0x2000000, 0x20, 0x8000, 0x20,
    0x2000000, 0x400, 0x40000, 0x1000000, 0x401000, 0x200, 0x200, 0x200, 0x80, 0x20000, 0x8, 0x200,
    0x2000000, 0x2000000, 0x800000, 0x80000, 0x800000, 0x800000, 0x40, 0x800, 0x40, 0x80, 0x80000, 0x8,
    0x800000, 0x4, 0x40000, 0x400, 0x1000000, 0x40000, 0x400000, 0x1000, 0x1000, 0x80000, 0x4, 0x400000,
    0x1000000, 0x2, 0x1, 0x2000000, 0x2, 0x200, 0x400, 0x40000, 0x80, 0x20, 0x80, 0x40,
    0x4, 0x800000, 0x1000, 0x80, 0x20, 0x10000, 0x80, 0x1000000, 0x800000, 0x800000, 0x1000000, 0x2000000,
    0x20, 0x80000, 0x40000, 0x200, 0x1000000, 0x2000000, 0x2, 0x800000, 0x1000000, 0x800000, 0x8000, 0x2000000,
    0x800, 0x4, 0x80, 0x1000, 0x2000000, 0x1000, 0x2, 0x800000, 0x80, 0x2000000, 0x2000000, 0x40000,
    0x40000, 0x1000000, 0x20, 0x8, 0x1000, 0x2000, 0x4, 0x400000, 0x8, 0x1, 0x2, 0x1,
    0x2000000, 0x800, 0x800000, 0x400, 0x80000, 0x4, 0x40000, 0x80, 0x80, 0x800000, 0x400, 0x800000,
    0x200, 0x200, 0x2000000, 0x200, 0x40000, 0x80000, 0x80, 0x1000000, 0x40, 0x800000, 0x40000, 0x800000,
    0x1000000, 0x1000000, 0x80, 0x80, 0x80, 0x200, 0x400000, 0x800000, 0x400, 0x2000000, 0x800000, 0x4,
    0x40000, 0x2, 0x2000000, 0x2000000, 0x400000, 0x400000, 0x80, 0x80, 0x4, 0x400000, 0x80000, 0x2000000,
    0x2000000, 0x2000000, 0x8000, 0x200, 0x800000, 0x40000, 0x2000, 0x800000, 0x10000, 0x10000, 0x200, 0x40,
    0x2000000, 0x1000000, 0x2000000, 0x1, 0x400000, 0x800, 0x800, 0x4, 0x400000, 0x800000, 0x2000000, 0x20,
    0x800000, 0x40, 0x1000000, 0x800000, 0x1000000, 0x80, 0x800000, 0x1000, 0x400, 0x1000000, 0x1000000, 0x40000,
    0x400000, 0x40000, 0x10000, 0x1000, 0x2000, 0x200, 0x2000, 0x1, 0x1000000, 0x4, 0x1000000, 0x40000,
    0x8000, 0x1000, 0x200, 0x400, 0x40, 0x400000, 0x4, 0x10000, 0x80, 0x1000000, 0x800, 0x1,
    0x200, 0x200, 0x1000, 0x2000000, 0x800000, 0x80, 0x1000, 0x1000, 0x4, 0x2000, 0x2000000, 0x80,
    0x2, 0x80, 0x800000, 0x4, 0x800, 0x800000, 0x80000, 0x200, 0x8000, 0x800, 0x80000, 0x800000,
    0x1000000, 0x200, 0x80, 0x8, 0x1000000, 0x1000000, 0x800, 0x80000, 0x80000, 0x800000, 0x20, 0x40000,
    0x2000000, 0x80, 0x1000000, 0x800000, 0x800000, 0x40000, 0x200, 0x2, 0x200, 0x1000000, 0x1, 0x1000000,
    0x20000, 0x40000, 0x1000, 0x800000, 0x1000000, 0x8002, 0x800, 0x4, 0x400, 0x8, 0x800, 0x1000000,
    0x80, 0x800, 0x800000, 0x20000, 0x800, 0x2000, 0x800, 0x800, 0x40000, 0x80000, 0x1000000, 0x2000000,
    0x1000000, 0x1000000, 0x10000, 0x1000000, 0x40, 0x1000000, 0x80, 0x80, 0x40000, 0x4, 0x4, 0x40000,
    0x1000, 0x4, 0x2000004, 0x80000, 0x2000000, 0x4, 0x800000, 0x80, 0x1000000, 0x10000, 0x20, 0x8000,
    0x1000000, 0x1000000, 0x20000, 0x8000, 0x20, 0x20, 0x800, 0x20, 0x10000, 0x80000, 0x2000, 0x80000,
    0x40000, 0x2000000, 0x800, 0x800, 0x2000000, 0x1000, 0x80, 0x400000, 0x80000, 0x2000004, 0x200, 0x10200,
    0x1000000, 0x2000000, 0x400000, 0x80000, 0x800, 0x800, 0x1000, 0x800, 0x1000, 0x8, 0x400000, 0x1000,
    0x2, 0x2000000, 0x40000, 0x2040000, 0x1000, 0x2000000, 0x20000, 0x2, 0x8000, 0x8, 0x8, 0x8,
    0x800, 0x40, 0x200, 0x200, 0x2, 0x800000, 0x4, 0x4, 0x40000, 0x20000, 0x2000000, 0x10000,
    0x10000, 0x1000000, 0x40, 0x400000, 0x4, 0x40000, 0x800000, 0x20, 0x400000, 0x2000000, 0x800, 0x800000,
    0x4, 0x4, 0x20000, 0x2, 0x80000, 0x8, 0x2000000, 0x1000, 0x4, 0x1000000, 0x40, 0x40,
    0x8, 0x800, 0x10000, 0x40000, 0x40, 0x80000, 0x200, 0x1000, 0x400000, 0x800, 0x200, 0x1000,
    0x1000000, 0x1000, 0x1000, 0x40000, 0x1000000, 0x80, 0x20, 0x2, 0x200, 0x8, 0x40, 0x1000000,
    0x800000, 0x4, 0x4, 0x8000, 0x40000, 0x80, 0x800000, 0x2004, 0x2000000, 0x4, 0x40000, 0x2,
    0x40000, 0x200, 0x400000, 0x200, 0x40, 0x200, 0x1000, 0x8000, 0x2, 0x400000, 0x1, 0x20,
    0x20, 0x1000000, 0x20, 0x2000, 0x800000, 0x80, 0x1000000, 0x8, 0x800000, 0x2000000, 0x1000000, 0x800,
    0x20000, 0x10, 0x1000, 0x2000000, 0x40, 0x2000000, 0x2000004, 0x1000000, 0x80, 0x40000, 0x40000, 0x2000000,
    0x8, 0x800, 0x800, 0x200, 0x4, 0x40000, 0x10000, 0x20, 0x2000000, 0x800000, 0x800000, 0x400,
    0x8000, 0x80000, 0x800000, 0x2000000, 0x40, 0x800000, 0x200, 0x200, 0x240, 0x2, 0x1000, 0x1000000,
    0x1000000, 0x1000000, 0x40000, 0x2000, 0x2, 0x80000, 0x1000000, 0x800, 0x2, 0x2000, 0x800, 0x80,
    0x2, 0x20, 0x2000000, 0x8, 0x4, 0x1000000, 0x20, 0x2, 0x1000, 0x40, 0x10000, 0x20000,
    0x20000, 0x1000, 0x40000, 0x40000, 0x2000000, 0x800000, 0x1000000, 0x40000, 0x240, 0x80000, 0x2000000, 0x2000,
    0x2000, 0x1000000, 0x8, 0x2000000, 0x2000000, 0x2000004, 0x8, 0x40, 0x2, 0x200, 0x1, 0x20,
    0x200, 0x2, 0x8, 0x400, 0x2000, 0x2000000, 0x2, 0x800, 0x4, 0x40000, 0x40000, 0x2000000,
    0x8000, 0x40000, 0x40, 0x2000000, 0x1000000, 0x4, 0x200, 0x40000, 0x2000000, 0x800, 0x1000, 0x800,
    0x20000, 0x2040000, 0x2000000, 0x2, 0x2000000, 0x2000000, 0x800, 0x8, 0x800, 0x40000, 0x1000800, 0x800,
    0x1000000, 0x40000, 0x800000, 0x40000, 0x10000, 0x2000000, 0x10000, 0x800, 0x1000000, 0x800000, 0x2000000, 0x800,
    0x40000, 0x40, 0x400, 0x2, 0x20000, 0x800200, 0x2, 0x20000, 0x2, 0x2000000, 0x4, 0x1000000,
    0x4, 0x800000, 0x2000000, 0x200, 0x2000000, 0x10, 0x10, 0x1000000, 0x20, 0x40, 0x400, 0x800,
    0x2000000, 0x800, 0x1000000, 0x1000000, 0x80, 0x40, 0x1000000, 0x40000, 0x40, 0x2000000, 0x800, 0x20,
    0x200, 0x80, 0x40, 0x80000, 0x40, 0x400000, 0x400, 0x20000, 0x1, 0x1, 0x200, 0x1000000,
    0x2000000, 0x400, 0x2000000, 0x10000, 0x80000, 0x40000, 0x40000, 0x80, 0x200, 0x200, 0x800000, 0x8,
    0x2000000, 0x1000000, 0x2000000, 0x0, 0x1000000, 0x200, 0x800, 0x2000000, 0x1000000, 0x20000, 0x2000000, 0x8,
    0x10000, 0x10000, 0x80, 0xC0, 0x200, 0x2000000, 0x800000, 0x40000, 0x40000, 0x2000000, 0x2, 0x80000,
    0x400, 0x200, 0x8002, 0x2, 0x20, 0x20000, 0x80000, 0x200, 0x800000, 0x800, 0x800, 0x20,
    0x10000, 0x400000, 0x200, 0x40, 0x40000, 0x800, 0x10000, 0x80000, 0x1000000, 0x1000, 0x2, 0x800,
    0x8000, 0x2000000, 0x8, 0x800000, 0x80000, 0x2000000, 0x1, 0x40, 0x2, 0x8, 0x80, 0x2000000,
    0x2000000, 0x20000, 0x2, 0x40, 0x200, 0x80, 0x400000, 0x2000, 0x200, 0x80000, 0x200, 0x800000,
    0x800, 0x80, 0x40000, 0x10004, 0x20, 0x40000, 0x1000, 0x400000, 0x800, 0x800, 0x8, 0x10000,
    0x1000000, 0x40000, 0x200, 0x80000, 0x800000, 0x400, 0x2000000, 0x40000, 0x4, 0x20, 0x400000, 0x200,
    0x800, 0x2, 0x800000, 0x20, 0x80000, 0x2000000, 0x800, 0x800, 0x200, 0x2000000, 0x800, 0x800,
    0x10000, 0x2, 0x800, 0x4, 0x10000, 0x1000, 0x10000, 0x10000, 0x4, 0x40, 0x4, 0x8,
    0x20, 0x8000, 0x2, 0x2, 0x80, 0x2000000, 0x4, 0x2000000, 0x200, 0x800, 0x8000, 0x1000000,
    0x1000000, 0x40, 0x200, 0x8, 0x80000, 0x40, 0x400000, 0x8, 0x4, 0x20, 0x4, 0x2000000,
    0x10000, 0x1000000, 0x1000000, 0x1000000, 0x10000, 0x1000000, 0x40000, 0x20000, 0x4, 0x800, 0x10000, 0x2000000,
    0x20, 0x400, 0x800, 0x2000000, 0x2000000, 0x2000000, 0x40, 0x20, 0x20, 0x40004, 0x10000, 0x2000,
    0x400000, 0x40, 0x800, 0x80, 0x200, 0x1000000, 0x4, 0x200, 0x200, 0x4, 0x2000000, 0x800,
    0x10000, 0x2000000, 0x2000000, 0x1000000, 0x200, 0x2, 0x200, 0x2000000, 0x2000000, 0x2, 0x8000, 0x8,
    0x4, 0x4, 0x1000, 0x80, 0x200, 0x40, 0x800000, 0x8, 0x10000, 0x8, 0x40, 0x8,
    0x800, 0x2000000, 0x10000, 0x1000, 0x20, 0x40, 0x8000, 0x40000, 0x1000000, 0x80000, 0x40000, 0x8,
    0x1000000, 0x20, 0x400000, 0x400000, 0x8, 0x200, 0x2000000, 0x200, 0x1000000, 0x40000, 0x800000, 0x1000000,
    0x1000000, 0x4, 0x200, 0x4, 0x1000000, 0x80, 0x2000000, 0x400000, 0x8000, 0x2, 0x1000000, 0x80,
    0x800000, 0x20000, 0x1000000, 0x800, 0x1000000, 0x2, 0x80, 0x400, 0x200, 0x400, 0x40000, 0x20,
    0x800000, 0x80000, 0x2000000, 0x200, 0x1000, 0x1000, 0x4, 0x80, 0x80, 0x800, 0x800, 0x80000,
    0x2000, 0x1000000, 0x1000000, 0x1000, 0x40000, 0x800000, 0x800000, 0x1000000, 0x2000000, 0x8000, 0x8, 0x200,
    0x200, 0x1000000, 0x4, 0x40000, 0x1000000, 0x2000000, 0x400000, 0x1000, 0x80000, 0x200, 0x200, 0x600,
    0x10000, 0x1000000, 0x20000, 0x80, 0x800, 0x800, 0x10000, 0x800000, 0x8000, 0x40000, 0x40, 0x80000,
    0x800, 0x400000, 0x1000000, 0x4, 0x800, 0x200, 0x40000, 0x4, 0x2, 0x800000, 0x200, 0x1000000,
    0x2000000, 0x20, 0x2000, 0x1000, 0x800, 0x20000, 0x40, 0x200, 0x200, 0x80000, 0x1000000, 0x2000000,
    0x2, 0x40000, 0x1000000, 0x2000000, 0x1000, 0x40000, 0x200, 0x1000000, 0x200, 0x80, 0x40, 0x20,
    0x2000000, 0x10000, 0x1000, 0x40000, 0x1000000, 0x800000, 0x20000, 0x40000, 0x2000000, 0x4, 0x400000, 0x80000,
    0x800, 0x20000, 0x80000, 0x10000, 0x2000000, 0x40000, 0x40000, 0x80000, 0x400, 0x800000, 0x40, 0x10000,
    0x40, 0x40, 0x40000, 0x8000, 0x80000, 0x40, 0x4, 0x8, 0x2000, 0x200, 0x40000, 0x40,
    0x4, 0x10000, 0x4, 0x10000, 0x80, 0x1000, 0x800000, 0x40, 0x40, 0x2000000, 0x80000, 0x10000,
    0x1000000, 0x8, 0x200, 0x600, 0x2000000, 0x8, 0x800, 0x2, 0x2000000, 0x40000, 0x800000, 0x200,
    0x800, 0x80, 0x1000000, 0x10000, 0x40, 0x40, 0x40, 0x80000, 0x80, 0x10000, 0x40000, 0x4,
    0x8000, 0x1000000, 0x80, 0x200, 0x80, 0x80, 0x40, 0x2000, 0x1000000, 0x40, 0x400, 0x40,
    0x40, 0x4, 0x1000, 0x200, 0x8, 0x2000000, 0x800, 0x800, 0x4, 0x4, 0x800, 0x800000,
    0x10000, 0x40000, 0x20, 0x80000, 0x40, 0x2000000, 0x40000, 0x800, 0x800, 0x800, 0x1000, 0x800,
    0x4, 0x40000, 0x400, 0x4, 0x80000, 0x2, 0x800, 0x200, 0x2000000, 0x2000000, 0x40000, 0x2000000,
    0x1000, 0x1000, 0x2000, 0x1000000, 0x80000, 0x8000, 0x2000000, 0x40000, 0x800000, 0x10000, 0x80, 0x200,
    0x4, 0x200, 0x1000000, 0x10000, 0x800000, 0x1000000, 0x10, 0x800000, 0x2000000, 0x10000, 0x2000000, 0x4,
    0x8000, 0x40000, 0x80, 0x400, 0x2000000, 0x2000000, 0x1000000, 0x40000, 0x800000, 0x4, 0x8, 0x20,
    0x40, 0x1000, 0x400000, 0x10000, 0x20000, 0x800, 0x800, 0x10000, 0x800000, 0x20000, 0x20, 0x2000000,
    0x80000, 0x800, 0x1000000, 0x40000, 0x8, 0x4, 0x80000, 0x1000, 0x200, 0x4, 0x40000, 0x200,
    0x200, 0x8, 0x80, 0x200, 0x2000, 0x800000, 0x80000, 0x2000, 0x20000, 0x2000000, 0x80000, 0x2000000,
    0x20, 0x10000, 0x20000, 0x80, 0x10000, 0x40, 0x800, 0x800, 0x40, 0x4, 0x800000, 0x40000,
    0x2000000, 0x40000, 0x200, 0x8, 0x200, 0x800, 0x200, 0x4, 0x1000000, 0x80000, 0x40000, 0x200,
    0x80000, 0x800, 0x2000, 0x1000000, 0x800000, 0x80, 0x40000, 0x2000000, 0x800000, 0x4, 0x40, 0x200,
    0x2000000, 0x1000000, 0x10000, 0x8000, 0x1000000, 0x800, 0x20, 0x80, 0x8, 0x200, 0x40000, 0x2,
    0x8000, 0x4, 0x4, 0x2000000, 0x40, 0x200, 0x200, 0x200, 0x10000, 0x2000000, 0x200, 0x10000,
    0x8, 0x1000000, 0x2, 0x40000, 0x40000, 0x800, 0x800, 0x4, 0x1000, 0x1000000, 0x80000, 0x80000,
    0x1000, 0x10000, 0x80000, 0x2, 0x80, 0x200, 0x10000, 0x2000, 0x2000, 0x1000000, 0x40, 0x400,
    0x1000000, 0x2000, 0x10000, 0x1000000, 0x10000, 0x1000, 0x2000000, 0x40, 0x4, 0x200, 0x400, 0x8000,
    0x8, 0x4, 0x40, 0x1000, 0x1000000, 0x2000000, 0x80, 0x10000, 0x800, 0x800, 0x40000, 0x800,
    0x800, 0x4, 0x800, 0x1000, 0x80, 0x4000, 0x800, 0x2000000, 0x40, 0x8, 0x1000000, 0x800,
    0x20, 0x2000000, 0x40000, 0x800, 0x200, 0x4, 0x10000, 0x2000000, 0x800, 0x1000000, 0x800, 0x2000000,
    0x4, 0x200, 0x10, 0x40000, 0x80, 0x2000, 0x1000000, 0x800, 0x800, 0x200, 0x800000, 0x40,
    0x200, 0x800000, 0x800, 0x1000000, 0x200, 0x1000000, 0x1000000, 0x1000000, 0x800000, 0x2000, 0x2, 0x4,
    0x800, 0x200, 0x40000, 0x40000, 0x400000, 0x4, 0x10000, 0x10000, 0x4, 0x200, 0x1000000, 0x800,
    0x800, 0x4, 0x800, 0x8, 0x200, 0x1000000, 0x800, 0x800, 0x2000000, 0x800, 0x800, 0x2,
    0x2000, 0x1000000, 0x800, 0x40, 0x10000, 0x4, 0x80, 0x800000, 0x1000000, 0x1000000, 0x10000, 0x4000,
    0x800000, 0x4, 0x4, 0x10000, 0x400, 0x1000000, 0x200, 0x800000, 0x800000, 0x80, 0x1000000, 0x400,
    0x800, 0x400, 0x40000, 0x800000, 0x11, 0x10000, 0x10000, 0x800000, 0x4, 0x10000, 0x400, 0x400,
    0x400, 0x400, 0x4, 0x40000, 0x40, 0x1000000, 0x800000, 0x800000, 0x1000000, 0x10000, 0x800000, 0x1000000,
    0x40, 0x400000, 0x80000, 0x200, 0x4000, 0x80, 0x80000, 0x80, 0x800000, 0x8000, 0x800000, 0x800000,
    0x4, 0x40000, 0x40000, 0x80, 0x4, 0x1000000, 0x10, 0x1000000, 0x4, 0x80, 0x2000000, 0x2000000,
    0x4, 0x2, 0x400000, 0x10000, 0x2, 0x2, 0x400000, 0x200, 0x10000, 0x4, 0x40000, 0x4,
    0x40000, 0x2000000, 0x40000, 0x40000, 0x800, 0x2000000, 0x1000000, 0x800, 0x40, 0x8, 0x10, 0x40000,
    0x200, 0x2000000, 0x1000, 0x1000, 0x1000000, 0x1000, 0x4, 0x1000000, 0x80000, 0x40000, 0x8, 0x40000,
    0x800000, 0x800000, 0x40000, 0x4, 0x200, 0x8000, 0x10000, 0x10000, 0x40000, 0x10000, 0x1000000, 0x800,
    0x1000000, 0x20, 0x2040000, 0x1000000, 0x4, 0x80, 0x8, 0x200, 0x8, 0x2000000, 0x1000000, 0x400000,
    0x4, 0x2, 0x80000, 0x200, 0x40000, 0x1000000, 0x8, 0x200, 0x80, 0x4, 0x1000000, 0x8,
    0x8, 0x200, 0x800, 0x2, 0x8, 0x200, 0x200, 0x40000, 0x4000, 0x8, 0x2000000, 0x1000000,
    0x10000, 0x1000000, 0x40000, 0x10000, 0x400, 0x800000, 0x800000, 0x8, 0x80, 0x80, 0x40, 0x10000,
    0x200, 0x1000000, 0x4000, 0x80, 0x8, 0x1000000, 0x800000, 0x400000, 0x40, 0x1000, 0x1000, 0x1000,
    0x1, 0x200, 0x8, 0x1000000, 0x2, 0x2, 0x2, 0x8000, 0x8000, 0x2, 0x4, 0x1000,
    0x80, 0x4, 0x8000, 0x800, 0x200, 0x2000000, 0x40000, 0x1000, 0x80000, 0x800000, 0x10, 0x20000,
    0x800000, 0x200, 0x1000, 0x80, 0x10000, 0x8, 0x40000, 0x80000, 0x8000, 0x200, 0x8, 0x4,
    0x2, 0x40000, 0x40000, 0x1000, 0x40000, 0x40000, 0x40000, 0x80000, 0x80, 0x200, 0x80000, 0x40000,
    0x800, 0x1000, 0x1000, 0x80000, 0x20000, 0x4, 0x8000, 0x800, 0x2000000, 0x40000, 0x2000000, 0x1000,
    0x800, 0x10000, 0x8, 0x2040000, 0x8, 0x1000, 0x200, 0x1000, 0x10000, 0x8000, 0x2000, 0x10000,
    0x8, 0x800000, 0x4, 0x20, 0x1000000, 0x2000, 0x2, 0x20, 0x40000, 0x8, 0x10000, 0x10000,
    0x1000000, 0x800000, 0x80, 0x1000000, 0x1, 0x1000000, 0x400, 0x10000, 0x1000000, 0x8, 0x8, 0x800,
    0x10000, 0x1000000, 0x1000000, 0x1000000, 0x40000, 0x40000, 0x2000000, 0x2, 0x1000000, 0x8, 0x40000, 0x800,
    0x2000, 0x80000, 0x20, 0x200, 0x80000, 0x2000000, 0x10000, 0x2, 0x2000000, 0x1000, 0x4, 0x80,
    0x8, 0x80, 0x4, 0x2000000, 0x4, 0x400000, 0x20, 0x8, 0x800000, 0x80000, 0x1000, 0x10000,
    0x10000, 0x40000, 0x8000, 0x80, 0x10000, 0x400000, 0x400000, 0x800000, 0x40000, 0x20000, 0x40, 0x200,
    0x4, 0x400000, 0x80000, 0x200, 0x80000, 0x2000000, 0x2000000, 0x10000, 0x1000, 0x40, 0x400000, 0x200,
    0x200, 0x20000, 0x200, 0x80, 0x80000, 0x10000, 0x200, 0x2, 0x2, 0x40, 0x400000, 0x2000000,
    0x20, 0x800000, 0x200, 0x80, 0x2000, 0x10000, 0x20, 0x800000, 0x800000, 0x10000, 0x1000000, 0x400000,
    0x1000000, 0x1000000, 0x80, 0x1000000, 0x40000, 0x4, 0x8, 0x1000000, 0x2000008, 0x80, 0x80, 0x10000,
    0x1000, 0x2000, 0x1000, 0x80008, 0x1000, 0x1000, 0x4, 0x8000, 0x2, 0x40000, 0x2000000, 0x8000,
    0x8000, 0x2000000, 0x2000000, 0x40, 0x800, 0x1000, 0x2000000, 0x20, 0x4000, 0x800, 0x800, 0x4,
    0x20, 0x400000, 0x80, 0x1000, 0x1000, 0x40000, 0x200, 0x2000000, 0x80000, 0x80000, 0x80000, 0x80,
    0x800, 0x1000, 0x1000000, 0x20, 0x20, 0x1000000, 0x80000, 0x2000000, 0x2000000, 0x40, 0x2000000, 0x1000000,
    0x40000, 0x400, 0x200, 0x200, 0x800000, 0x10000, 0x1000000, 0x200, 0x2000000, 0x10000, 0x8002, 0x80,
    0x1002, 0x2, 0x2000000, 0x2000000, 0x800, 0x1000000, 0x40, 0x80, 0x40, 0x20, 0x1000, 0x40000,
    0x80, 0x8000, 0x4, 0x20, 0x2000000, 0x40000, 0x2000, 0x4, 0x800, 0x8000, 0x2, 0x10000,
    0x40000, 0x2000, 0x200, 0x40000, 0x2000000, 0x40000, 0x800, 0x800000, 0x200, 0x20, 0x8000, 0x1000,
    0x80000, 0x1000000, 0x200, 0x1000000, 0x40, 0x2, 0x800000, 0x40800, 0x800, 0x8, 0x800, 0x800000,
    0x8000, 0x2000000, 0x200, 0x1000000, 0x8000, 0x200, 0x1000000, 0x80, 0x80, 0x2000000, 0x4, 0x1000000,
    0x400000, 0x80, 0x200, 0x1000000, 0x800, 0x40000, 0x200, 0x10, 0x800000, 0x20, 0x40000, 0x10000,
    0x2000000, 0x1000000, 0x400000, 0x800000, 0x400, 0x2000000, 0x200, 0x800, 0x800, 0x1, 0x80008, 0x80000,
    0x1000, 0x800, 0x1000000, 0x1000, 0x10000, 0x200, 0x8000, 0x400000, 0x800000, 0x800000, 0x80, 0x800000,
    0x40000, 0x400, 0x80000, 0x10000, 0x200, 0x10, 0x2000000, 0x20000, 0x8000, 0x800000, 0x800000, 0x2000000,
    0x40, 0x80, 0x1000, 0x80, 0x400000, 0x10000, 0x8000, 0x400000, 0x10000, 0x800, 0x1000000, 0x200,
    0x200, 0x10000, 0x200, 0x200, 0x2000000, 0x40000, 0x2000000, 0x4, 0x20, 0x80, 0x200, 0x800,
    0x4, 0x80, 0x800080, 0x2000, 0x800000, 0x200, 0x800, 0x10000, 0x400000, 0x2000000, 0x800200, 0x80,
    0x2, 0x1000, 0x2000000, 0x1000000, 0x800000, 0x2, 0x8, 0x80, 0x80, 0x1000000, 0x8000, 0x1000000,
    0x800, 0x80, 0x800, 0x80, 0x800, 0x40, 0x20, 0x400000, 0x800, 0x4, 0x20, 0x1000000,
    0x1000000, 0x80000, 0x800, 0x80, 0x200, 0x200, 0x4, 0x200, 0x1000, 0x40000, 0x4, 0x8000,
    0x800000, 0x40000, 0x80000, 0x400, 0x8000, 0x2000, 0x80, 0x200, 0x800000, 0x40000, 0x2000, 0x80000,
    0x1000004, 0x800000, 0x800000, 0x80000, 0x10, 0x40000, 0x80000, 0x200, 0x4, 0x80000, 0x800, 0x40000,
    0x40000, 0x800, 0x40000, 0x80000, 0x8, 0x800, 0x800, 0x800, 0x400000, 0x400040, 0x1000000, 0x80,
    0x8, 0x80, 0x20000, 0x200, 0x2000000, 0x40000, 0x20, 0x40, 0x800000, 0x40000, 0x40000, 0x1000000,
    0x4, 0x2000000, 0x1000000, 0x400, 0x1000000, 0x80, 0x80000, 0x8, 0x80, 0x400000, 0x200, 0x40000,
    0x800, 0x80, 0x80000, 0x2000000, 0x8, 0x10000, 0x8, 0x200, 0x2000000, 0x800000, 0x800000, 0x10000,
    0x40, 0x40, 0x1000000, 0x800, 0x80000, 0x2000000, 0x8000, 0x80, 0x4, 0x40000, 0x10000, 0x20,
    0x2000000, 0x800, 0x2000, 0x200, 0x80000, 0x4, 0x800, 0x2000000, 0x8000, 0x20, 0x40000, 0x80000,
    0x8000, 0x8, 0x1000000, 0x2000, 0x1000000, 0x800, 0x40, 0x1000, 0x200, 0x800, 0x800, 0x1000000,
    0x4, 0x10000, 0x80, 0x1000000, 0x2000, 0x40000, 0x2, 0x4, 0x80, 0x1000000, 0x800, 0x80,
    0x10000, 0x1000000, 0x10000, 0x80000, 0x1000, 0x2000000, 0x1000000, 0x2, 0x2, 0x1000000, 0x400000, 0x20000,
    0x20, 0x10000, 0x1000000, 0x400, 0x200, 0x40000, 0x1000000, 0x40000, 0x800, 0x2000000, 0x8, 0x1000000,
    0x200, 0x1000, 0x8000, 0x800000, 0x1000000, 0x1000000, 0x40000, 0x40000, 0x20000, 0x80, 0x2000000, 0x200,
    0x2000, 0x1000000, 0x10000, 0x80000, 0x10000, 0x8, 0x20, 0x2000000, 0x2, 0x400000, 0x400000, 0x8,
    0x400000, 0x400000, 0x20000, 0x800000, 0x4, 0x400000, 0x80, 0x40, 0x1000000, 0x80, 0x800000, 0x1000,
    0x400, 0x1000, 0x1000000, 0x1000000, 0x1000000, 0x80, 0x1000, 0x40000, 0x1000, 0x2000000, 0x80, 0x2000,
    0x40, 0x4, 0x10, 0x8000, 0x1000, 0x800, 0x10000, 0x10000, 0x1000, 0x80000, 0x4, 0x400000,
    0x4, 0x80000, 0x1000, 0x80, 0x1000, 0x800000, 0x200, 0x8000, 0x200, 0x200, 0x80, 0x20,
    0x800000, 0x1000000, 0x1000000, 0x2000000, 0x40000, 0x200, 0x2000000, 0x80, 0x80000, 0x1000000, 0x2, 0x1000,
    0x40000, 0x80000, 0x40000, 0x1000000, 0x200, 0x8, 0x80000, 0x10200, 0x200, 0x10000, 0x1000000, 0x80000,
    0x800, 0x80, 0x1000000, 0x2000, 0x2, 0x1000000, 0x10000, 0x2000000, 0x800, 0x4, 0x800000, 0x4,
    0x2000, 0x2000000, 0x400000, 0x40000, 0x1000, 0x1000000, 0x800, 0x480, 0x20, 0x200, 0x800000, 0x800,
    0x400000, 0x40, 0x2, 0x1000000, 0x8000, 0x200, 0x1000000, 0x80000, 0x1000000, 0x40000, 0x1000000, 0x800,
    0x1000000, 0x1000, 0x2000000, 0x4, 0x400, 0x80000, 0x8, 0x400000, 0x800, 0x40, 0x40000, 0x1000,
    0x2000000, 0x40000, 0x1000000, 0x800, 0x1000, 0x8000, 0x400000, 0x800, 0x2000000, 0x400000, 0x800000, 0x400000,
    0x10000, 0x2000000, 0x40000, 0x40000, 0x1, 0x10000, 0x40000, 0x1000000, 0x800000, 0x1000000, 0x20000, 0x80,
    0x40000, 0x40000, 0x2000, 0x80000, 0x40000, 0x20000, 0x1, 0x8000, 0x4, 0x4, 0x8000, 0x400000,
    0x4, 0x1000, 0x40, 0x8, 0x80, 0x80, 0x800000, 0x2000000, 0x8, 0x2000000, 0x800000, 0x20,
    0x200, 0x80, 0x40, 0x2000000, 0x80000, 0x80000, 0x40000, 0x2, 0x200, 0x80, 0x40, 0x1000000,
    0x40, 0x800, 0x2000000, 0x1000000, 0x40000, 0x1000, 0x1000000, 0x4, 0x800, 0x800, 0x800, 0x800000,
    0x2, 0x80000, 0x1000000, 0x800000, 0x80, 0x2, 0x2, 0x2000000, 0x200, 0x400, 0x40000, 0x40000,
    0x8, 0x1000, 0x1, 0x800, 0x80, 0x80, 0x1000000, 0x4, 0x20, 0x1000000, 0x40, 0x1000,
    0x10000, 0x1000000, 0x8000, 0x200, 0x1000000, 0x4, 0x10000, 0x800000, 0x200, 0x800, 0x800, 0x800,
    0x200, 0x40, 0x4, 0x800, 0x2000000, 0x40, 0x10000, 0x800, 0x1000000, 0x4, 0x200, 0x4,
    0x4, 0x80000, 0x4000, 0x80000, 0x1000000, 0x800000, 0x1000, 0x80000, 0x1000, 0x40000, 0x80, 0x800,
    0x800, 0x400000, 0x4, 0x40, 0x20, 0x800000, 0x1000000, 0x1000, 0x2000000, 0x1000, 0x400, 0x800,
    0x8000, 0x40000, 0x2000000, 0x2000000, 0x40004, 0x800000, 0x80, 0x80, 0x200, 0x1000000, 0x40000, 0x800,
    0x4, 0x80000, 0x1000000, 0x200, 0x4, 0x1000000, 0x80, 0x800000, 0x40000, 0x40, 0x1000000, 0x800000,
    0x2000000, 0x400, 0x800000, 0x800, 0x2000000, 0x400000, 0x8000, 0x1000000, 0x200, 0x8000, 0x8, 0x80,
    0x200, 0x400000, 0x8000, 0x200, 0x8000, 0x400000, 0x40000, 0x10000, 0x10000, 0x800000, 0x800, 0x800000,
    0x800000, 0x8, 0x80, 0x1000, 0x20000, 0x40000, 0x800, 0x2000000, 0x4, 0x1000000, 0x2000000, 0x400000,
    0x40000, 0x80000, 0x4, 0x800000, 0x400, 0x1000000, 0x40000, 0x80000, 0x2000000, 0x40000, 0x80, 0x2,
    0x40000, 0x4, 0x4, 0x40000, 0x80000, 0x8000, 0x800, 0x400000, 0x40000, 0x40000, 0x4, 0x200,
    0xC, 0x80, 0x200, 0x800, 0x4, 0x40, 0x4, 0x80, 0x40000, 0x40000, 0x8000, 0x80,
    0x1000000, 0x800, 0x80, 0x20, 0x80, 0x80, 0x800000, 0x200, 0x40000, 0x800000, 0x1000000, 0x800,
    0x800, 0x2000, 0x1000000, 0x800, 0x1000, 0x2000000, 0x8, 0x80, 0x2000000, 0x800000, 0x1000000, 0x800,
    0x40000, 0x800000, 0x800, 0x400000, 0x2000000, 0x1000000, 0x80, 0x4, 0x800, 0x8, 0x1000000, 0x1,
    0x80, 0x2000000, 0x4, 0x1000, 0x8, 0x80008, 0x1000000, 0x40000, 0x8000, 0x200, 0x80000, 0x10000,
    0x200, 0x2000000, 0x800, 0x2000, 0x40, 0x200, 0x20, 0x40000, 0x200, 0x40000, 0x80, 0x4,
    0x80000, 0x40000, 0x8, 0x40000, 0x2000000, 0x800, 0x2, 0x800, 0x1000, 0x40000, 0x40000, 0x1000,
    0x2000, 0x1000000, 0x1000000, 0x1000, 0x200, 0x10000, 0x2, 0x200, 0x80, 0x20000, 0x4, 0x400000,
    0x80000, 0x1000000, 0x1000000, 0x8, 0x4, 0x80, 0x10000, 0x800, 0x200, 0x1, 0x8000, 0x2000000,
    0x400000, 0x2, 0x40, 0x10000, 0x1000000, 0x2, 0x400, 0x20, 0x4, 0x1000, 0x200, 0x400000,
    0x800, 0x2000000, 0x800, 0x800, 0x1000000, 0x1000000, 0x800, 0x40000, 0x2000000, 0x1000000, 0x8, 0x400000,
    0x80, 0x800000, 0x8000, 0x40000, 0x2, 0x4, 0x1000, 0x800, 0x200, 0x8002, 0x40000, 0x4,
    0x40, 0x2, 0x80, 0x800000, 0x800, 0x10000, 0x80, 0x1000000, 0x20000, 0x800, 0x200, 0x800000,
    0x1000000, 0x40000, 0x400000, 0x800000, 0x80, 0x800000, 0x2000000, 0x800, 0x800, 0x8, 0x20, 0x80,
    0x800, 0x40000, 0x800, 0x1000000, 0x1000, 0x200, 0x800, 0x200, 0x1000000, 0x20, 0x800, 0x1000000,
    0x200, 0x1000000, 0x4, 0x8, 0x20000, 0x200, 0x800, 0x20, 0x40000, 0x1000000, 0x2000000, 0x20,
    0x40000, 0x800, 0x800, 0x4, 0x10000, 0x1000000, 0x10000, 0x20, 0x40, 0x200, 0x1000000, 0x80,
    0x1000000, 0x40000, 0x2000000, 0x800, 0x1000000, 0x800, 0x1000, 0x40000, 0x80000, 0x8, 0x200, 0x4,
    0x1000000, 0x80, 0x2, 0x2000000, 0x800, 0x800, 0x2000, 0x400000, 0x800, 0x800000, 0x800000, 0x1000000,
    0x40, 0x1000000, 0x1000000, 0x80, 0x2, 0x1000, 0x40, 0x8, 0x80, 0x800000, 0x800000, 0x80,
    0x80, 0x800, 0x2000000, 0x2000000, 0x200, 0x2000000, 0x800000, 0x4, 0x2000000, 0x2000000, 0x2000000, 0x4,
    0x1000000, 0x10000, 0x2000000, 0x20, 0x2000, 0x240, 0x400000, 0x8000, 0x1000000, 0x800, 0x4, 0x8000,
    0x400, 0x8000, 0x1000000, 0x400, 0x8000, 0x1000, 0x4, 0x800, 0x10000, 0x400, 0x8, 0x40,
    0x800000, 0x2000000, 0x40, 0x40, 0x400000, 0x10000, 0x2, 0x8, 0x800000, 0x2000000, 0x2000000, 0x400,
    0x2000000, 0x20, 0x2, 0x800000, 0x800000, 0x800, 0x2000000, 0x800000, 0x200, 0x80000, 0x8002, 0x200,
    0x8000, 0x80000, 0x80000, 0x2, 0x1000000, 0x80000, 0x40000, 0x2000000, 0x2000000, 0x8, 0x400000, 0x40000,
    0x800, 0x4, 0x80, 0x2000000, 0x80, 0x40000, 0x800, 0x80000, 0x200, 0x800000, 0x80, 0x10000,
    0x800, 0x80, 0x1000000, 0x800000, 0x800000, 0x800000, 0x1000000, 0x400000, 0x2000000, 0x1000000, 0x40000, 0x400000,
    0x80000, 0x1000, 0x2000000, 0x400, 0x80, 0x800, 0x800000, 0x2000000, 0x800000, 0x2000000, 0x8000, 0x1000000,
    0x80, 0x40, 0x4, 0x80, 0x400, 0x200, 0x20, 0x40000, 0x1000000, 0x80, 0x0, 0x80000,
    0x200, 0x20000, 0x800, 0x800000, 0x20, 0x200, 0x800000, 0x8000, 0x80000, 0x2000000, 0x80000, 0x400000,
    0x80, 0x8000, 0x800, 0x40000, 0x800000, 0x20, 0x4, 0x20000, 0x80, 0x800000, 0x40000, 0x80,
    0x800000, 0x400, 0x200, 0x800000, 0x800000, 0x1000000, 0x80, 0x2000000, 0x10200, 0x8, 0x800000, 0x200,
    0x400000, 0x1000000, 0x800, 0x80, 0x1000000, 0x80, 0x1000, 0x200, 0x80000, 0x2, 0x20, 0x800,
    0x400, 0x80, 0x80000, 0x800000, 0x4, 0x400000, 0x80, 0x4, 0x20, 0x400000, 0x200, 0x4,
    0x20, 0x8000, 0x10000, 0x20000, 0x800000, 0x10000, 0x800000, 0x4, 0x1000000, 0x1000000, 0x1000000, 0x200,
    0x1000000, 0x40, 0x20000, 0x8000, 0x800000, 0x40, 0x40000, 0x4, 0x40000, 0x800000, 0x2000, 0x40,
    0x400000, 0x4, 0x80, 0x400, 0x2000000, 0x8, 0x800000, 0x80, 0x20, 0x800, 0x800000, 0x800000,
    0x80, 0x200, 0x200, 0x2, 0x1000000, 0x2000000, 0x400000, 0x80000, 0x40000, 0x800000, 0x2000, 0x2000,
    0x4, 0x1000000, 0x200, 0x200, 0x1000000, 0x1000, 0x40000, 0x400000, 0x2000000, 0x200, 0x10000, 0x20000,
    0x1000, 0x80, 0x800000, 0x2000000, 0x400000, 0x20, 0x10000, 0x40000, 0x1000000, 0x800, 0x2000000, 0x200,
    0x2000000, 0x40, 0x2, 0x80, 0x1000000, 0x2000, 0x40000, 0x800, 0x2, 0x40, 0x80000, 0x80000,
    0x4, 0x40000, 0x10, 0x2, 0x80, 0x800000, 0x800000, 0x400000, 0x800000, 0x1000000, 0x80, 0x80,
    0x800000, 0x1000000, 0x800000, 0x2000, 0x40000, 0x10000, 0x1000000, 0x800000, 0x1000, 0x800, 0x1000000, 0x400000,
    0x20000, 0x40, 0x1000000, 0x10000, 0x800, 0x800000, 0x2, 0x2, 0x4, 0x800, 0x200, 0x40000,
    0x1000000, 0x800, 0x8000, 0x40000, 0x1000000, 0x80000, 0x200, 0x2000000, 0x1000000, 0x80, 0x1000000, 0x2000000,
    0x1, 0x400000, 0x800, 0x80, 0x4000, 0x20000, 0x200, 0x1000, 0x400, 0x40000, 0x4, 0x2000000,
    0x200, 0x800000, 0x800000, 0x800000, 0x1000000, 0x800000, 0x4, 0x80, 0x4, 0x1000000, 0x80000, 0x20000,
    0x1000000, 0x800000, 0x10000, 0x200, 0x8, 0x8, 0x40000, 0x200, 0x20, 0x40000, 0x800, 0x1000000,
    0x800, 0x80000, 0x40000, 0x20, 0x20, 0x1000000, 0x800000, 0x800, 0x1000, 0x80000, 0x1000000, 0x200,
    0x1000, 0x200, 0x200, 0x1000000, 0x1000000, 0x1000000, 0x800000, 0x800, 0x80000, 0x2000000, 0x4, 0x40000,
    0x800000, 0x10000, 0x2000000, 0x800, 0x80, 0x2000000, 0x800000, 0x800, 0x400000, 0x1000000, 0x800000, 0x2000000,
    0x80, 0x8, 0x2000, 0x800, 0x20000, 0x800000, 0x80, 0x800000, 0x200, 0x4, 0x8, 0x1000000,
    0x80, 0x800, 0x2, 0x20000, 0x800, 0x1000, 0x2, 0x20000, 0x800, 0x800, 0x1, 0x800000,
    0x400, 0x40000, 0x800, 0x800, 0x800, 0x200, 0x800, 0x1000000, 0x800000, 0x800000, 0x800, 0x1000000,
    0x4, 0x20000, 0x1000000, 0x800, 0x4, 0x200, 0x4, 0x40, 0x200, 0x4, 0x1000, 0x80000,
    0x800, 0x2000000, 0x800, 0x800, 0x4, 0x1000000, 0x2000000, 0x2000000, 0x8000, 0x2000000, 0x8000, 0x4,
    0x1000000, 0x1, 0x400000, 0x80, 0x200, 0x200, 0x20, 0x1000000, 0x2, 0x8, 0x1000000, 0x1000000,
    0x2000000, 0x40000, 0x10, 0x8000, 0x4, 0x400, 0x2000000, 0x8, 0x10000, 0x1000000, 0x10000, 0x8000,
    0x2, 0x8000, 0x4, 0x200, 0x8000, 0x8, 0x4, 0x1000000, 0x2000000, 0x2, 0x8, 0x2,
    0x2, 0x4, 0x1000000, 0x1000000, 0x8, 0x1000000, 0x4, 0x2000, 0x2000, 0x8000, 0x200, 0x1000,
    0x80000, 0x1000, 0x800, 0x20000, 0x1000, 0x20, 0x1000, 0x1000, 0x40, 0x400000, 0x1000000, 0x40,
    0x2, 0x40000, 0x200, 0x40, 0x1000000, 0x40, 0x40000, 0x1000, 0x8, 0x10000, 0x10000, 0x10000,
    0x2000000, 0x80000, 0x800000, 0x1000, 0x400, 0x10000, 0x400000, 0x40, 0x800000, 0x800, 0x800, 0x8000,
    0x200, 0x40, 0x2000000, 0x2, 0x10000, 0x4, 0x8, 0x200, 0x200, 0x10200, 0x20, 0x8000,
    0x400, 0x200, 0x400, 0x4, 0x800000, 0x2, 0x800, 0x200, 0x1000, 0x40000, 0x400000, 0x1000,
    0x8, 0x80000, 0x10000, 0x200, 0x800000, 0x800, 0x8, 0x800, 0x8000, 0x8000, 0x2, 0x800000,
    0x4, 0x400000, 0x400, 0x4, 0x10000, 0x10000, 0x2, 0x20, 0x10000, 0x200, 0x4, 0x2000000,
    0x81, 0x40, 0x2000000, 0x40, 0x1000, 0x1000000, 0x400, 0x2, 0x80, 0x1000000, 0x1000000, 0x80,
    0x2000000, 0x1000000, 0x400, 0x2000, 0x8, 0x400, 0x2000000, 0x1000, 0x2, 0x8000, 0x200, 0x1000000,
    0x40000, 0x8000, 0x800000, 0x80000, 0x80, 0x800, 0x20, 0x8000, 0x2000, 0x1000000, 0x1000000, 0x40,
    0x800000, 0x200, 0x8, 0x2, 0x400, 0x800000, 0x2000, 0x80, 0x80, 0x200, 0x80, 0x2000000,
    0x200, 0x800000, 0x40000, 0x80000, 0x20000, 0x40000, 0x80000, 0x800, 0x8, 0x800000, 0x40000, 0x400,
    0x2000000, 0x1000000, 0x40000, 0x1000000, 0x2, 0x1000, 0x800000, 0x200, 0x800, 0x800000, 0x1000000, 0x40000,
    0x800, 0x2, 0x2000000, 0x1000000, 0x40000, 0x800, 0x80, 0x800000, 0x200, 0x8000, 0x20, 0x800000,
    0x2, 0x10000, 0x2000, 0x2, 0x1000000, 0x800, 0x800, 0x200, 0x10000, 0x400, 0x1000000, 0x40,
    0x2000000, 0x1000, 0x4, 0x1000000, 0x2000000, 0x2000000, 0x1000000, 0x1000, 0x4, 0x4, 0x40000, 0x800,
    0x8, 0x800, 0x80, 0x2000000, 0x40, 0x400000, 0x20, 0x400000, 0x1000000, 0x800000, 0x2000000, 0x1000,
    0x400000, 0x4, 0x800000, 0x80000, 0x1000000, 0x2000, 0x800000, 0x200, 0x80, 0x2, 0x1000000, 0x1000000,
    0x1000, 0x4, 0x1000000, 0x40000, 0x2, 0x1000, 0x80, 0x1000000, 0x40000, 0x1000, 0x1000000, 0x8,
    0x1000000, 0x40000, 0x80, 0x10000, 0x1000000, 0x2000000, 0x4, 0x80, 0x1000, 0x200, 0x200, 0x1000,
    0x2000000, 0x4, 0x1, 0x1, 0x80, 0x4, 0x2, 0x200, 0x2, 0x2, 0x80, 0x8000,
    0x800, 0x800000, 0x80000, 0x1000000, 0x800, 0x40000, 0x800000, 0x40000, 0x8, 0x200, 0x40, 0x200,
    0x8, 0x80, 0x400, 0x800000, 0x800000, 0x80000, 0x800000, 0x800000, 0x2000, 0x2, 0x80, 0x2000,
    0x1000, 0x800, 0x2000, 0x40, 0x40000, 0x800, 0x80000, 0x800000, 0x1000, 0x20000, 0x80, 0x2000,
    0x800, 0x800000, 0x10000, 0x200, 0x800000, 0x1000, 0x2000000, 0x40800, 0x800, 0x1000000, 0x40000, 0x400000,
    0x10000, 0x40, 0x8, 0x800, 0x2, 0x200, 0x80, 0x8, 0x4, 0x40, 0x200, 0x1000000,
    0x10000, 0x1000000, 0x1000000, 0x1000, 0x80, 0x400000, 0x20, 0x400000, 0x200, 0x1000000, 0x22, 0x2,
    0x2, 0x1000000, 0x200, 0x1000, 0x200, 0x400000, 0x200, 0x1000, 0x8, 0x8000, 0x400000, 0x80,
    0x800000, 0x10000, 0x800, 0x8, 0x1000000, 0x1, 0x8000, 0x8, 0x20, 0x800000, 0x800000, 0x2,
    0x4, 0x40, 0x200, 0x40000, 0x8000, 0x4, 0x400, 0x20000, 0x40000, 0x40000, 0x1000000, 0x2000000,
    0x200, 0x1000, 0x40000, 0x800, 0x2, 0x2000000, 0x2000000, 0x200, 0x20, 0x800, 0x200, 0x200,
    0x200, 0x800, 0x40, 0x800000, 0x2000000, 0x40, 0x1000000, 0x800000, 0x1000000, 0x800000, 0x800, 0x40000,
    0x2000000, 0x10000, 0x1000000, 0x800000, 0x2, 0x10, 0x800000, 0x1000000, 0x800000, 0x80, 0x40, 0x4,
    0x800000, 0x2, 0x8000, 0x800, 0x8, 0x1000000, 0x80, 0x400000, 0x10, 0x4, 0x8, 0x400000,
    0x400000, 0x4, 0x200, 0x1000, 0x2, 0x80000, 0x800000, 0x4, 0x80, 0x800000, 0x1000000, 0x10000,
    0x800000, 0x800, 0x800, 0x800000, 0x20, 0x800, 0x1000000, 0x800000, 0x800, 0x800, 0x200, 0x800,
    0x40000, 0x40000, 0x20, 0x400000, 0x8, 0x8000, 0x2000000, 0x40000, 0x1000, 0x1000000, 0x200, 0x4,
    0x800, 0x1000, 0x40000, 0x400000, 0x80000, 0x4, 0x2000000, 0x2, 0x4, 0x80, 0x10000, 0x10,
    0x400, 0x4, 0x10000, 0x2, 0x400000, 0x800, 0x4, 0x40, 0x1000000, 0x8, 0x2, 0x800,
    0x10000, 0x8000, 0x8000, 0x10000, 0x2000000, 0x10000, 0x20, 0x200, 0x10000, 0x8, 0x200, 0x80,
    0x1000000, 0x1000, 0x1000, 0x4, 0x800000, 0x80000, 0x800000, 0x8, 0x20000, 0x1000, 0x200, 0x400000,
    0x20000, 0x80, 0x800000, 0x4, 0x200, 0x2000000, 0x4, 0x800, 0x10000, 0x800000, 0x8, 0x1000000,
    0x1000000, 0x2000, 0x80, 0x1000000, 0x1000000, 0x80, 0x20000, 0x40000, 0x800, 0x40000, 0x20000, 0x40000,
    0x1000000, 0x400000, 0x400000, 0x2000000, 0x200, 0x1000000, 0x1000, 0x80000, 0x800, 0x80000, 0x800, 0x800,
    0x40, 0x80000, 0x10000, 0x4, 0x200, 0x2000000, 0x1000000, 0x1, 0x2, 0x40000, 0x4, 0x400,
    0x2000000, 0x4, 0x200, 0x1000000, 0x4, 0x4, 0x10000, 0x800, 0x200, 0x40000, 0x10000, 0x800000,
    0x1, 0x800, 0x1000, 0x2000000, 0x1000000, 0x1000000, 0x1000000, 0x400000, 0x800, 0x400000, 0x8, 0x800000,
    0x2000000, 0x800000, 0x10000, 0x8, 0x800, 0x800, 0x10000, 0x40000, 0x80, 0x40, 0x8000, 0x200,
    0x20, 0x200, 0x800, 0x200, 0x80, 0x200, 0x1, 0x2, 0x4, 0x10000, 0x2000000, 0x8,
    0x200, 0x40, 0x80000, 0x80, 0x80, 0x40000, 0x40000, 0x80000, 0x4, 0x1000000, 0x200, 0x800,
    0x2, 0x40000, 0x400000, 0x2000000, 0x800, 0x800000, 0x2000000, 0x800000, 0x20000, 0x400000, 0x40, 0x800,
    0x8, 0x800, 0x2000000, 0x20000, 0x800, 0x2000000, 0x10000, 0x80000, 0x40, 0x40000, 0x800, 0x800,
    0x800, 0x800, 0x2000000, 0x800, 0x1000000, 0x1000, 0x800000, 0x10000, 0x40, 0x8, 0x2000000, 0x80,
    0x40, 0x2, 0x8, 0x2, 0x80, 0x2000000, 0x8000, 0x2, 0x20000, 0x800, 0x400000, 0x0,
    0x800000, 0x10000, 0x2, 0x8000, 0x20, 0x8, 0x400000, 0x4000, 0x0, 0x0, 0x400000, 0x80,
    0x800, 0x1000000, 0x8000, 0x4, 0x2, 0x200, 0x4, 0x4, 0x0, 0x8, 0x1000, 0x2,
    0x2000000, 0x8000, 0x2, 0x2000000, 0x2000000, 0x0, 0x4, 0x1000000, 0x10000, 0x800000, 0x800, 0x8,
    0x4000, 0x1000, 0x2000000, 0x2, 0x800, 0x2000000, 0x400000, 0x8000, 0x8, 0x400000, 0x1000000, 0x1000000,
    0x40, 0x8, 0x40000, 0x80000, 0x80000, 0x80, 0x4, 0x40000, 0x10000, 0x40000, 0x4, 0x4,
    0x20000, 0x40000, 0x40000, 0x40000, 0x1000000, 0x40000, 0x800, 0x20, 0x1000000, 0x2, 0x20, 0x2000,
    0x80000, 0x1000000, 0x200, 0x40000, 0x2000000, 0x8, 0x20, 0x2000, 0x8, 0x8000, 0x8, 0x80,
    0x80000, 0x2000000, 0x2000000, 0x1000, 0x2, 0x2, 0x800, 0x800000, 0x800, 0x4, 0x1000, 0x1000000,
    0x20, 0x20, 0x40, 0x80000, 0x200, 0x200, 0x10000, 0x400000, 0x20, 0x80000, 0x1000, 0x8,
    0x8000, 0x200, 0x400000, 0x8, 0x2000, 0x800, 0x2, 0x2000000, 0x800004, 0x1000, 0x1000, 0x4,
    0x80000, 0x40, 0x2, 0x8, 0x2000000, 0x800, 0x10000, 0x800, 0x8000, 0x1000000, 0x8020, 0x80,
    0x1000000, 0x1000000, 0x1000, 0x200, 0x1000000, 0x800, 0x40000, 0x8, 0x4, 0x80, 0x8, 0x2000000,
    0x200, 0x400000, 0x200, 0x4, 0x4, 0x80000, 0x800, 0x200, 0x4, 0x800, 0x8, 0x80000,
    0x800, 0x200, 0x200, 0x4, 0x8000, 0x8, 0x8, 0x8000, 0x200, 0x8, 0x40000, 0x40000,
    0x2000000, 0x1000000, 0x2000, 0x2000, 0x8, 0x2, 0x200, 0x800, 0x40, 0x40, 0x200, 0x2000000,
    0x800000, 0x40000, 0x800000, 0x1002000, 0x800, 0x1000000, 0x4, 0x1000000, 0x2, 0x200, 0x200, 0x10000,
    0x800000, 0x4, 0x2, 0x1000000, 0x800, 0x2000000, 0x4, 0x20, 0x2000000, 0x8000, 0x8000, 0x40,
    0x400, 0x4, 0x800000, 0x2000000, 0x8, 0x2000000, 0x20, 0x2000000, 0x80000, 0x200, 0x200, 0x20,
    0x200, 0x40000, 0x200, 0x800000, 0x2000000, 0x2, 0x2000, 0x2000000, 0x1000000, 0x200, 0x10000, 0x80000,
    0x80000, 0x1000000, 0x200, 0x400000, 0x80, 0x80000, 0x1000000, 0x4, 0x2000000, 0x80, 0x1000000, 0x1000,
    0x8, 0x200, 0x800000, 0x80000, 0x80000, 0x1000, 0x8000, 0x800000, 0x40000, 0x20, 0x800, 0x2000000,
    0x4, 0x8, 0x400000, 0x40000, 0x800, 0x40000, 0x80, 0x800000, 0x1000000, 0x2, 0x2000000, 0x40,
    0x80000, 0x20, 0x1000, 0x800, 0x4, 0x200, 0x80000, 0x1, 0x4, 0x2, 0x2, 0x1000,
    0x40, 0x8, 0x10, 0x400000, 0x1000000, 0x4, 0x1000000, 0x2000000, 0x4, 0x8, 0x40000, 0x2000000,
    0x4, 0x1000000, 0x80, 0x20, 0x800, 0x1000000, 0x4, 0x80000, 0x1000000, 0x40, 0x400000, 0x80,
    0x400, 0x200, 0x1000000, 0x1000000, 0x800, 0x40000, 0x200, 0x4, 0x800000, 0x40, 0x1000000, 0x400000,
    0x200, 0x4, 0x2, 0x80, 0x800, 0x4, 0x40000, 0x2000, 0x8, 0x8, 0x2, 0x80000,
    0x2000000, 0x2, 0x40000, 0x4, 0x800, 0x1000000, 0x2000000, 0x4, 0x2000000, 0x2000000, 0x40000, 0x40000,
    0x10000, 0x8, 0x800, 0x800, 0x1000, 0x10000, 0x1000000, 0x1000000, 0x80, 0x20, 0x800, 0x800,
    0x10000, 0x800, 0x800, 0x800000, 0x20, 0x8, 0x1000000, 0x80, 0x1, 0x2, 0x800000, 0x40,
    0x40, 0x2000, 0x1000000, 0x400000, 0x1000000, 0x1000000, 0x8000, 0x800, 0x800, 0x40000, 0x8, 0x800,
    0x8, 0x800, 0x800, 0x2, 0x200, 0x4, 0x1000000, 0x800000, 0x200, 0x2000000, 0x1000, 0x800,
    0x80, 0x800, 0x200, 0x8, 0x800000, 0x1000000, 0x1000000, 0x10000, 0x1000000, 0x80000, 0x8, 0x800,
    0x800, 0x800, 0x2, 0x2, 0x40, 0x2, 0x20, 0x8, 0x20, 0x2, 0x2, 0x2,
    0x200, 0x2000000, 0x2000000, 0x1000, 0x8, 0x8000, 0x200, 0x80, 0x40, 0x4, 0x800, 0x40,
    0x1000, 0x200, 0x200, 0x8000, 0x40, 0x1, 0x10, 0x80, 0x80, 0x2, 0x400000, 0x4,
    0x10000, 0x800000, 0x1, 0x800000, 0x80, 0x80, 0x80, 0x2000000, 0x4, 0x80, 0x800000, 0x1000000,
    0x8000, 0x80, 0x200, 0x1, 0x800000, 0x80, 0x800, 0x8000, 0x80, 0x200, 0x8000, 0x40,
    0x8000, 0x2000000, 0x200, 0x10000, 0x4, 0x10000, 0x2000000, 0x40, 0x200, 0x200, 0x2000000, 0x2000000,
    0x40, 0x2000000, 0x8, 0x1000, 0x10000, 0x1000000, 0x1000000, 0x2, 0x2000000, 0x2000000, 0x8000, 0x80,
    0x1000000, 0x80, 0x1000000, 0x2, 0x400000, 0x80, 0x1, 0x2000000, 0x1000000, 0x200, 0x80, 0x1000000,
    0x400, 0x20, 0x40, 0x8, 0x8000, 0x20, 0x10000, 0x40004, 0x8, 0x800, 0x2000000, 0x1000,
    0x800, 0x200, 0x800000, 0x200, 0x8000, 0x40, 0x1, 0x800, 0x800000, 0x2000000, 0x8, 0x1,
    0x40, 0x800, 0x1000, 0x8, 0x40, 0x800000, 0x1000, 0x400000, 0x2000000, 0x10000, 0x1000000, 0x80000,
    0x800000, 0x8, 0x800000, 0x800000, 0x8000, 0x20, 0x8, 0x1000, 0x1000, 0x840000, 0x40000, 0x1000000,
    0x1000, 0x8000, 0x20, 0x1000, 0x8, 0x1000, 0x1000, 0x400, 0x800000, 0x400, 0x40000, 0x1000000,
    0x2000000, 0x1000000, 0x40000, 0x80, 0x8, 0x2000000, 0x400, 0x200, 0x40000, 0x1000000, 0x40000, 0x1000,
    0x1000, 0x2000000, 0x2000000, 0x2000000, 0x1000, 0x40000, 0x1000000, 0x8, 0x2000, 0x2000000, 0x2000000, 0x4,
    0x2000000, 0x800000, 0x2, 0x1000, 0x800, 0x40000, 0x80000, 0x1000, 0x8, 0x8, 0x2000, 0x1000,
    0x800000, 0x4, 0x400, 0x200, 0x1000, 0x2000000, 0x80000, 0x1000000, 0x1000000, 0x1000, 0x2000000, 0x1000,
    0x2000000, 0x2000000, 0x1000, 0x40000, 0x40000, 0x80, 0x80, 0x8, 0x4, 0x4, 0x200, 0x10,
    0x1000, 0x800000, 0x800000, 0x400, 0x800, 0x200, 0x40000, 0x80000, 0x40, 0x400000, 0x800, 0x40000,
    0x10000, 0x800, 0x1000000, 0x200, 0x2000000, 0x800, 0x800, 0x40000, 0x200, 0x40000, 0x40000, 0x8,
    0x2, 0x8000, 0x1000, 0x80, 0x2000, 0x800, 0x1000000, 0x200, 0x4, 0x2000000, 0x1000000, 0x80,
    0x1000, 0x800000, 0x800000, 0x80, 0x40, 0x2000000, 0x4, 0x200, 0x1000, 0x8, 0x80, 0x800000,
    0x80000, 0x400, 0x40, 0x20000, 0x1000, 0x800000, 0x20, 0x400000, 0x1000, 0x4, 0x400, 0x1000,
    0x400000, 0x400, 0x8, 0x4, 0x400, 0x40000, 0x800000, 0x10000, 0x1000, 0x1000, 0x1000, 0x20,
    0x2000000, 0x2000000, 0x1000000, 0x8, 0x400, 0x1000, 0x40000, 0x4, 0x800, 0x4, 0x1000, 0x8000,
    0x4, 0x40, 0x1000, 0x400000, 0x20000, 0x8000, 0x800000, 0x10000, 0x8000, 0x2000000, 0x8, 0x40000,
    0x40000, 0x800, 0x4, 0x800000, 0x400, 0x1000000, 0x800000, 0x80000, 0x1000, 0x800, 0x40, 0x200,
    0x1000000, 0x1, 0x80, 0x2000000, 0x200, 0x40, 0x2000000, 0x10000, 0x1000, 0x4, 0x40000, 0x2000,
    0x800000, 0x1000000, 0x80, 0x1000, 0x1000, 0x8000, 0x1000, 0x800, 0x400, 0x200, 0x800000, 0x1000,
    0x80, 0x800, 0x1000, 0x800, 0x40, 0x1000, 0x800000, 0x4, 0x80000, 0x400, 0x2000000, 0x1000,
    0x200, 0x200, 0x1000000, 0x40000, 0x2000000, 0x200, 0x40000, 0x1000000, 0x40000, 0x2000000, 0x80, 0x40000,
    0x1000000, 0x200, 0x2000000, 0x200, 0x4, 0x8, 0x1, 0x200, 0x2000000, 0x1000000, 0x2, 0x40008,
    0x8, 0x10000, 0x200, 0x2000000, 0x40, 0x400000, 0x2000000, 0x400, 0x40, 0x800000, 0x20, 0x400,
    0x8, 0x1000, 0x40000, 0x8, 0x200, 0x800, 0x20, 0x1000, 0x10, 0x80, 0x400, 0x2000000,
    0x10000, 0x400, 0x200, 0x2, 0x10, 0x1000000, 0x8000, 0x2000000, 0x1000000, 0x40000, 0x2000000, 0x4,
    0x8, 0x400000, 0x1000000, 0x200, 0x20, 0x20, 0x1000, 0x2000000, 0x200, 0x1000000, 0x400, 0x80000,
    0x80000, 0x8, 0x2000000, 0x2000000, 0x10, 0x20, 0x1000, 0x2000000, 0x800, 0x2, 0x2000, 0x8000,
    0x8000, 0x800, 0x8000, 0x800, 0x8000, 0x2, 0x8000, 0x40000, 0x2000000, 0x1, 0x800, 0x800,
    0x80000, 0x1000000, 0x800, 0x400, 0x4, 0x400, 0x10000, 0x2000000, 0x400, 0x40, 0x10, 0x2000,
    0x10000, 0x800, 0x80, 0x1, 0x40, 0x1000000, 0x800000, 0x1000000, 0x8, 0x8000, 0x800000, 0x800,
    0x40, 0x40000, 0x800000, 0x10000, 0x10000, 0x400000, 0x10000, 0x1000000, 0x400, 0x800000, 0x10000, 0x4,
    0x800, 0x80, 0x1000000, 0x800000, 0x800000, 0x1000, 0x800, 0x1000000, 0x4, 0x4, 0x400000, 0x800,
    0x1000000, 0x1000, 0x10000, 0x1000000, 0x40000, 0x400, 0x1000000, 0x4, 0x80, 0x800, 0x4, 0x200,
    0x2000, 0x40000, 0x2000000, 0x400, 0x8000, 0x1000000, 0x2000000, 0x400, 0x4, 0x10000, 0x2000000, 0x10000,
    0x800, 0x200, 0x2, 0x8, 0x80, 0x8, 0x200, 0x80, 0x800, 0x1, 0x40000, 0x10000,
    0x800, 0x2, 0x1000000, 0x8, 0x400000, 0x10000, 0x800, 0x400000, 0x8, 0x2000, 0x2, 0x10000,
    0x4, 0x20000, 0x1000000, 0x8, 0x8, 0x2000000, 0x80000, 0x200, 0x1000000, 0x2, 0x400, 0x2,
    0x400000, 0x40000, 0x2000000, 0x8, 0x800000, 0x8, 0x80000, 0x2000, 0x8000, 0x200, 0x8, 0x80000,
    0x4, 0x80000, 0x10000, 0x8, 0x20, 0x800000, 0x10000, 0x10000, 0x1000, 0x40, 0x2000, 0x40000,
    0x10, 0x4, 0x800, 0x40000, 0x80000, 0x8002, 0x80, 0x8000, 0x400000, 0x40000, 0x800, 0x4,
    0x80000, 0x800000, 0x800000, 0x10000, 0x8000, 0x400000, 0x1000000, 0x8, 0x2000000, 0x400, 0x800, 0x2000000,
    0x1000000, 0x40, 0x2000000, 0x4, 0x10000, 0x1, 0x8000, 0x800, 0x800, 0x400, 0x4, 0x4,
    0x1000000, 0x800, 0x2, 0x10000, 0x1000, 0x10000, 0x4, 0x2000000, 0x10000, 0x4, 0x800, 0x200,
    0x40000, 0x800, 0x10000, 0x2000000, 0x8, 0x200, 0x800000, 0x800, 0x8, 0x80000, 0x80, 0x8000,
    0x2000000, 0x10000, 0x8, 0x800, 0x200, 0x200, 0x800000, 0x2000000, 0x10000, 0x8, 0x200, 0x1000000,
    0x2000000, 0x80, 0x400, 0x2000000, 0x800, 0x200, 0x4, 0x1000000, 0x10000, 0x8, 0x1000000, 0x200,
    0x8000, 0x8000, 0x1000000, 0x8000, 0x10, 0x1, 0x400, 0x200, 0x1000000, 0x20000, 0x1000, 0x8000,
    0x4, 0x2, 0x1000000, 0x1000, 0x4, 0x800000, 0x400, 0x800, 0x800, 0x2000000, 0x800, 0x800,
    0x20, 0x10000, 0x8000, 0x1000000, 0x800, 0x800, 0x800, 0x1000, 0x2, 0x40000, 0x40, 0x800,
    0x4, 0x1000000, 0x40000, 0x40000, 0x800, 0x20000, 0x40000, 0x1000000, 0x40000, 0x10000, 0x80000, 0x1000,
    0x800000, 0x1000000, 0x800000, 0x10000, 0x10000, 0x2000000, 0x2, 0x8, 0x2000000, 0x20000, 0x1000000, 0x40000,
    0x1000000, 0x2000000, 0x80000, 0x20, 0x20, 0x1000, 0x2000000, 0x2000000, 0x40000, 0x1000, 0x2000000, 0x10000,
    0x80, 0x2000000, 0x40000, 0x40000, 0x4, 0x4, 0x1000, 0x800, 0x1000000, 0x800000, 0x400000, 0x80000,
    0x8000, 0x2000000, 0x40, 0x800000, 0x2000000, 0x2000200, 0x40, 0x2000000, 0x40, 0x40000, 0x200, 0x40000,
    0x40, 0x400, 0x8, 0x8, 0x80, 0x80000, 0x10000, 0x40, 0x40, 0x2000000, 0x800, 0x800,
    0x2, 0x200, 0x8, 0x2000000, 0x800, 0x40004, 0x2, 0x2000000, 0x80, 0x1000000, 0x800000, 0x1000000,
    0x2000000, 0x80, 0x2000000, 0x20, 0x1000000, 0x400000, 0x800000, 0x1000000, 0x2000000, 0x1000000, 0x1000, 0x40000,
    0x8, 0x2, 0x2000000, 0x2000000, 0x1000000, 0x200, 0x40, 0x80000, 0x40000, 0x1000, 0x80000, 0x20,
    0x800000, 0x10000, 0x1000000, 0x800000, 0x200, 0x40000, 0x4, 0x8, 0x40, 0x40000, 0x800, 0x2000,
    0x1000, 0x8, 0x800, 0x20000, 0x1000000, 0x80000, 0x2000000, 0x800, 0x20000, 0x1000000, 0x1000000, 0x800,
    0x800000, 0x10000, 0x80, 0x80000, 0x800000, 0x40000, 0x20000, 0x80000, 0x2000000, 0x4, 0x40, 0x1000000,
    0x800000, 0x2, 0x2000, 0x10000, 0x10000, 0x2000004, 0x20, 0x80, 0x1000000, 0x400, 0x1000, 0x2000000,
    0x200, 0x2, 0x2000000, 0x1000000, 0x1002, 0x400, 0x2, 0x8000, 0x2000, 0x800, 0x1000000, 0x2000000,
    0x8000, 0x2, 0x800, 0x1000, 0x4, 0x2000, 0x10000, 0x1000000, 0x2000000, 0x2000000, 0x2000000, 0x40000,
    0x200, 0x2000000, 0x80, 0x200, 0x4, 0x80000, 0x2000000, 0x80, 0x80, 0x1000000, 0x2000000, 0x2000000,
    0x200, 0x20000, 0x8, 0x1000000, 0x2000000, 0x80, 0x2000, 0x20, 0x800000, 0x40, 0x800, 0x20,
    0x800000, 0x40000, 0x800, 0x400, 0x40, 0x200, 0x80000, 0x4, 0x80000, 0x40000, 0x40000, 0x1000000,
    0x800, 0x800, 0x40, 0x2000000, 0x20000, 0x2000000, 0x2, 0x2, 0x200, 0x2000000, 0x2000000, 0x400,
    0x800, 0x8000, 0x400, 0x2, 0x4, 0x2000000, 0x1000000, 0x40000, 0x800, 0x800000, 0x1000000, 0x800000,
    0x2, 0x200, 0x20, 0x8000, 0x2000, 0x200, 0x2000000, 0x2000000, 0x800000, 0x4, 0x8, 0x400000,
    0x800000, 0x2000000, 0x1000000, 0x200, 0x800000, 0x2000000, 0x2000000, 0x8, 0x200, 0x200, 0x40, 0x40,
    0x40, 0x20000, 0x40000, 0x20000, 0x200, 0x400, 0x1000, 0x4, 0x1000, 0x2000000, 0x200, 0x800,
    0x40000, 0x200, 0x1000000, 0x400000, 0x10000, 0x40000, 0x80, 0x1000000, 0x80, 0x10000, 0x200, 0x40000,
    0x800000, 0x8000, 0x200, 0x2000000, 0x80000, 0x2000000, 0x800, 0x40000, 0x2000, 0x40000, 0x80, 0x20000,
    0x2000, 0x1000000, 0x8000, 0x200, 0x80000, 0x400000, 0x4, 0x80, 0x400, 0x800, 0x2, 0x40000,
    0x20000, 0x2000000, 0x800, 0x4, 0x800000, 0x400000, 0x200, 0x10000, 0x800000, 0x10000, 0x400, 0x1000000,
    0x40000, 0x200, 0x1000000, 0x4, 0x2000000, 0x80000, 0x800, 0x10000, 0x2000000, 0x1000000, 0x2, 0x2,
    0x1000000, 0x2, 0x400000, 0x2000000, 0x200, 0x10000, 0x8, 0x400000, 0x40, 0x1000000, 0x2000000, 0x4,
    0x1000000, 0x80000, 0x200, 0x4, 0x200, 0x800000, 0x4, 0x400, 0x4, 0x400000, 0x8, 0x400,
    0x400, 0x2000000, 0x800000, 0x40000, 0x40, 0x400, 0x8, 0x2000000, 0x1000000, 0x400000, 0x400000, 0x1000000,
    0x1000000, 0x200, 0x10000, 0x1000000, 0x1000000, 0x80000, 0x4, 0x1000000, 0x80000, 0x8, 0x200, 0x800,
    0x800000, 0x400000, 0x400, 0x4, 0x2000000, 0x400, 0x400, 0x800, 0x4, 0x4, 0x800, 0x2000000,
    0x4, 0x10000, 0x10000, 0x8, 0x2000000, 0x800, 0x10000, 0x800, 0x4, 0x40000, 0x20, 0x10000,
    0x4, 0x80, 0x10000, 0x80, 0x40000, 0x20, 0x40000, 0x1000, 0x10000, 0x2000000, 0x2000000, 0x800,
    0x800, 0x2, 0x200, 0x200, 0x2000000, 0x2, 0x40000, 0x200, 0x80, 0x80000, 0x40000, 0x200,
    0x8, 0x1000000, 0x40000, 0x200, 0x10000, 0x200, 0x8000, 0x8, 0x800, 0x2000000, 0x4, 0x8,
    0x4, 0x400000, 0x200, 0x400, 0x200, 0x2000000, 0x2000000, 0x800, 0x8000, 0x1000000, 0x4, 0x40,
    0x1000, 0x2000000, 0x400000, 0x8, 0x200, 0x200, 0x2, 0x40000, 0x200, 0x10000, 0x2000000, 0x40000,
    0x1000000, 0x2000000, 0x1000000, 0x80, 0x80, 0x800000, 0x4, 0x2, 0x2, 0x200, 0x1000000, 0x8,
    0x40000, 0x40000, 0x8, 0x8, 0x2000000, 0x2000, 0x4, 0x40, 0x800, 0x10000, 0x1000, 0x2,
    0x80000, 0x40000, 0x20, 0x4, 0x2, 0x20, 0x8, 0x2000000, 0x8, 0x800, 0x2000000, 0x2000,
    0x20, 0x40, 0x20, 0x200, 0x40, 0x20, 0x40000, 0x1000, 0x8000, 0x80000, 0x200, 0x10000,
    0x800, 0x1000, 0x2, 0x800, 0x40, 0x10000, 0x4, 0x1000000, 0x1000000, 0x800000, 0x2, 0x10000,
    0x400, 0x8, 0x800000, 0x200, 0x10000, 0x40000, 0x20000, 0x20, 0x400, 0x2000000, 0x80000, 0x200,
    0x8, 0x80, 0x4, 0x2000000, 0x400, 0x800, 0x2, 0x40000, 0x8, 0x2000000, 0x4, 0x20,
    0x1000200, 0x80000, 0x8000, 0x800, 0x800, 0x200, 0x40, 0x200, 0x80, 0x80000, 0x800000, 0x2000000,
    0x4, 0x40000, 0x40000, 0x2000000, 0x2000000, 0x800000, 0x40000, 0x80000, 0x4, 0x1000000, 0x40, 0x400,
    0x40, 0x4, 0x400, 0x40, 0x1000000, 0x4000, 0x10000, 0x800000, 0x200, 0x8000, 0x800, 0x2000000,
    0x2, 0x2, 0x2, 0x40, 0x80000, 0x40, 0x1000000, 0x200, 0x8, 0x40, 0x4, 0x2000000,
    0x10000, 0x40000, 0x2000000, 0x800, 0x2, 0x200, 0x800, 0x40000, 0x200, 0x20, 0x2000000, 0x40,
    0x400, 0x10000, 0x10000, 0x200, 0x4, 0x40, 0x1000000, 0x4, 0x2000000, 0x2, 0x2000000, 0x10000,
    0x80000, 0x800, 0x8, 0x800000, 0x20000, 0x200, 0x800000, 0x2, 0x40000, 0x800000, 0x800000, 0x8000,
    0x2000000, 0x800000, 0x80, 0x1000000, 0x2000000, 0x1000000, 0x4, 0x800, 0x400000, 0x8, 0x40000, 0x200,
    0x200, 0x80, 0x800000, 0x1000, 0x20, 0x4, 0x2000000, 0x8000, 0x20, 0x2000000, 0x80, 0x10000,
    0x80, 0x10000, 0x1000, 0x10000, 0x40, 0x400, 0x40000, 0x800, 0x1000000, 0x80, 0x80000, 0x1000000,
    0x4, 0x40, 0x20, 0x20000, 0x2000000, 0x40, 0x2000, 0x10000, 0x800000, 0x4, 0x800, 0x8000,
    0x8, 0x800, 0x2, 0x2000000, 0x4, 0x40000, 0x4, 0x2000000, 0x10000, 0x800, 0x800, 0x200,
    0x2, 0x800, 0x80, 0x2, 0x8, 0x4, 0x1000000, 0x8000, 0x4, 0x2000000, 0x8000, 0x8000,
    0x8, 0x1000000, 0x1000, 0x80000, 0x2000000, 0x40000, 0x40, 0x1000000, 0x80, 0x4, 0x400, 0x4,
    0x8000, 0x2000000, 0x200, 0x40, 0x40000, 0x800, 0x4, 0x800, 0x2000, 0x40000, 0x4, 0x8,
    0x40000, 0x800, 0x8, 0x2000000, 0x800000, 0x2, 0x1000, 0x40000, 0x8, 0x800, 0x8, 0x8,
    0x20, 0x200, 0x1000, 0x400, 0x8, 0x200, 0x8, 0x80, 0x40000, 0x800, 0x2000000, 0x800000,
    0x800, 0x40000, 0x2000000, 0x10000, 0x8000, 0x10000, 0x8000, 0x40, 0x200, 0x800, 0x800, 0x1000000,
    0x2, 0x8, 0x40000, 0x2000000, 0x40, 0x10000, 0x800, 0x2, 0x2000000, 0x800, 0x40000, 0x800,
    0x400, 0x1000000, 0x1000000, 0x80, 0x2000000, 0x80000, 0x80000, 0x2000, 0x4, 0x200, 0x1000000, 0x10000,
    0x80000, 0x2000000, 0x2000000, 0x20, 0x40000, 0x2000000, 0x10000, 0x2000000, 0x80000, 0x800, 0x800, 0x200,
    0x80000, 0x1000000, 0x1000000, 0x800, 0x800, 0x10000, 0x800, 0x800, 0x10000, 0x1000000, 0x2000000, 0x10000,
    0x800, 0x2, 0x8, 0x2000000, 0x800, 0x40000, 0x800, 0x1000000, 0x1000000, 0x2000000, 0x1000000, 0x1000,
    0x8, 0x20, 0x40000, 0x2000000, 0x40000, 0x2000, 0x80, 0x800, 0x800000, 0x2000000, 0x2000, 0x4,
    0x2000000, 0x10000, 0x2000000, 0x2, 0x2, 0x400000, 0x40000, 0x400, 0x20000, 0x20, 0x2, 0x4,
    0x1000000, 0x2000000, 0x1000, 0x80000, 0x80, 0x2, 0x800, 0x40, 0x200, 0x8000, 0x1000, 0x4,
    0x2002000, 0x2000000, 0x4, 0x40000, 0x80000, 0x800, 0x800000, 0x40000, 0x80, 0x80000, 0x2000000, 0x4,
    0x1000000, 0x2000000, 0x800, 0x2000000, 0x2, 0x800, 0x20, 0x10, 0x10000, 0x80, 0x800, 0x800000,
    0x20, 0x800, 0x4, 0x200, 0x800, 0x1000000, 0x800, 0x200, 0x10000, 0x4, 0x2, 0x2000000,
    0x800, 0x2000000, 0x200, 0x40, 0x80, 0x40000, 0x40000, 0x80000, 0x2, 0x20000, 0x1000, 0x80,
    0x800000, 0x2000000, 0x80, 0x200, 0x2000000, 0x4, 0x800, 0x800000, 0x20, 0x2000, 0x2, 0x40,
    0x800000, 0x40, 0x80000, 0x10000, 0x200, 0x4, 0x2000000, 0x80000, 0x1000, 0x40000, 0x20, 0x2000000,
    0x400, 0x200, 0x1000, 0x40000, 0x40000, 0x2000, 0x800000, 0x800, 0x200, 0x400, 0x2, 0x80,
    0x40000, 0x2000000, 0x800000, 0x2000, 0x80000, 0x2000, 0x800, 0x2000000, 0x8, 0x2000, 0x80000, 0x800,
    0x1000, 0x40000, 0x200, 0x800200, 0x40, 0x2000000, 0x200, 0x1000000, 0x200, 0x4, 0x2000000, 0x800000,
    0x1000000, 0x80, 0x1000000, 0x80, 0x400000, 0x20000, 0x400000, 0x400000, 0x10000, 0x2000, 0x2000000, 0x80000,
    0x2000, 0x20, 0x200, 0x40000, 0x4, 0x8000, 0x2000000, 0x40000, 0x80, 0x2000000, 0x200, 0x20,
    0x1000000, 0x20000, 0x8, 0x200, 0x40000, 0x20, 0x40000, 0x4, 0x200, 0x2000000, 0x2, 0x200,
    0x20, 0x2000000, 0x10000, 0x2000000, 0x4, 0x80, 0x2000000, 0x800, 0x800000, 0x20, 0x800000, 0x40000,
    0x2, 0x2000000, 0x10000, 0x800, 0x2000000, 0x40000, 0x40, 0x1000000, 0x20, 0x80000, 0x2000000, 0x8,
    0x4, 0x40000, 0x2000000, 0x800000, 0x2000000, 0x200, 0x2, 0x10000, 0x1000, 0x40000, 0x2000000, 0x400,
    0x200, 0x20000, 0x80, 0x800000, 0x200, 0x2000000, 0x4, 0x40, 0x2, 0x200, 0x400, 0x80,
    0x4, 0x80, 0x40, 0x80000, 0x800200, 0x400, 0x200, 0x10000, 0x40, 0x800, 0x800000, 0x2,
    0x800000, 0x20, 0x40, 0x8, 0x20000, 0x80000, 0x1000000, 0x800, 0x800000, 0x200, 0x800000, 0x40,
    0x8, 0x80000, 0x40000, 0x200, 0x800000, 0x80, 0x200, 0x2000000, 0x200, 0x200, 0x4, 0x1000,
    0x2000000, 0x800, 0x4, 0x10000, 0x40000, 0x2, 0x80000, 0x800000, 0x80, 0x10000, 0x40, 0x800000,
    0x80000, 0x80000, 0x800000, 0x80, 0x800000, 0x20, 0x80000, 0x40000, 0x8, 0x400, 0x20, 0x200,
    0x80, 0x2000000, 0x1000000, 0x200, 0x20, 0x200, 0x800000, 0x20000, 0x2000000, 0x4, 0x8, 0x800,
    0x800, 0x800, 0x4, 0x10000, 0x40000, 0x10000, 0x10000, 0x2000000, 0x10000, 0x400000, 0x10000, 0x800000,
    0x40000, 0x400000, 0x10000, 0x80000, 0x400000, 0x40, 0x400000, 0x2, 0x2000000, 0x4, 0x40, 0x4,
    0x800, 0x800, 0x10000, 0x2000000, 0x2, 0x4, 0x800, 0x1000, 0x10000, 0x10000, 0x80000, 0x2000000,
    0x40, 0x2000000, 0x800000, 0x2000000, 0x800000, 0x800, 0x200, 0x20, 0x20000, 0x1000, 0x1000000, 0x2000000,
    0x20, 0x800, 0x800000, 0x1000000, 0x40000, 0x10000, 0x800000, 0x800000, 0x200, 0x400, 0x800000, 0x20000,
    0x1000, 0x200, 0x8, 0x4, 0x8, 0x1000, 0x1000, 0x1000000, 0x800000, 0x2, 0x40000, 0x10000,
    0x2, 0x80, 0x40, 0x4, 0x1000, 0x400000, 0x20, 0x400000, 0x80000, 0x40, 0x1000, 0x800000,
    0x800, 0x2000000, 0x2, 0x1000000, 0x1000000, 0x80000, 0x40, 0x2000000, 0x1000000, 0x4, 0x4, 0x8,
    0x800000, 0x1000000, 0x2000000, 0x800000, 0x40000, 0x400000, 0x40, 0x800000, 0x1000000, 0x200, 0x1000000, 0x2000000,
    0x2000, 0x2, 0x40, 0x8000, 0x2000000, 0x200, 0x4, 0x10000, 0x40000, 0x1000000, 0x800000, 0x4,
    0x800000, 0x20000, 0x80000, 0x20, 0x1000000, 0x4, 0x40, 0x20000, 0x80, 0x2000000, 0x80000, 0x800000,
    0x40000, 0x2000000, 0x2000000, 0x80000, 0x80, 0x4, 0x2, 0x20, 0x4, 0x800, 0x40000, 0x1000000,
    0x800000, 0x2000000, 0x800, 0x200, 0x10000, 0x1000, 0x2000000, 0x800, 0x1000, 0x8000, 0x800, 0x1000,
    0x800000, 0x2000000, 0x200, 0x40000, 0x40000, 0x8020, 0x800, 0x2, 0x1000000, 0x40000, 0x1000, 0x1000000,
    0x10000, 0x80, 0x800000, 0x200, 0x40000, 0x800000, 0x20000, 0x800000, 0x40000, 0x10000, 0x2000000, 0x2000000,
    0x2000000, 0x40000, 0x40000, 0x800, 0x1000000, 0x20, 0x800, 0x4, 0x2000000, 0x200, 0x20000, 0x4,
    0x20000, 0x800000, 0x80, 0x80, 0x2000000, 0x800000, 0x10000, 0x1000000, 0x8, 0x40000, 0x80, 0x800000,
    0x40000, 0x200, 0x200, 0x80, 0x2000000, 0x4, 0x800000, 0x200, 0x2, 0x8, 0x1000000, 0x2000,
    0x40000, 0x1000000, 0x40000, 0x800000, 0x200, 0x2, 0x10000, 0x800, 0x8000, 0x800000, 0x2000000, 0x10000,
    0x8000, 0x1000000, 0x1000, 0x800, 0x800000, 0x2000000, 0x400, 0x1000000, 0x800000, 0x800, 0x800000, 0x4,
    0x200, 0x800, 0x4, 0x1000000, 0x4, 0x20000, 0x800000, 0x2000000, 0x2000000, 0x800, 0x800, 0x8,
    0x800, 0x800, 0x800, 0x40000, 0x200, 0x1000000, 0x80, 0x2000000, 0x810000, 0x80, 0x1000000, 0x200,
    0x400000, 0x400, 0x200, 0x20000, 0x400000, 0x1000000, 0x80, 0x4, 0x8000, 0x40000, 0x40, 0x2000,
    0x20000, 0x2000000, 0x840, 0x20, 0x2000000, 0x400000, 0x20, 0x2000000, 0x2000000, 0x2000, 0x40000, 0x800000,
    0x40, 0x800000, 0x20, 0x800, 0x2000000, 0x40000, 0x800000, 0x2000000, 0x2000000, 0x2000000, 0x2, 0x20,
    0x4, 0x40000, 0x1000000, 0x200, 0x8, 0x2, 0x20000, 0x200, 0x400, 0x20000, 0x8, 0x80,
    0x80, 0x240, 0x800000, 0x200, 0x800, 0x200, 0x200, 0x80000, 0x40, 0x800000, 0x200, 0x800000,
    0x800000, 0x40000, 0x80000, 0x200, 0x80000, 0x200, 0x800000, 0x800, 0x1000000, 0x800000, 0x10000, 0x20,
    0x4, 0x40000, 0x40, 0x40000, 0x400000, 0x1000, 0x40000, 0x2, 0x4, 0x80000, 0x800, 0x10000,
    0x2000000, 0x2000000, 0x400000, 0x800, 0x2000000, 0x2000000, 0x400, 0x800000, 0x200, 0x1000, 0x800, 0x80000,
    0x1000, 0x10200, 0x1000000, 0x80, 0x40000, 0x8, 0x8, 0x2, 0x800000, 0x40, 0x2000000, 0x80,
    0x8, 0x800, 0x2, 0x1000, 0x1000000, 0x200, 0x20, 0x20000, 0x2000000, 0x20, 0x4, 0x40,
    0x4, 0x800, 0x1000000, 0x200, 0x2, 0x8000, 0x1000, 0x800, 0x1000000, 0x40000, 0x1000, 0x40000,
    0x800000, 0x800, 0x40000, 0x2000000, 0x200, 0x10000, 0x10000, 0x80, 0x200, 0x2000000, 0x20, 0x800000,
    0x40, 0x20, 0x10000, 0x20, 0x10000, 0x2, 0x8000, 0x800000, 0x2000000, 0x40, 0x1000000, 0x1000000,
    0x10000, 0x800000, 0x40, 0x2000000, 0x80000, 0x4, 0x10000, 0x400000, 0x1000000, 0x800, 0x80000, 0x800,
    0x40, 0x400000, 0x400000, 0x40, 0x400000, 0x80, 0x800, 0x800, 0x20, 0x40000, 0x20, 0x40,
    0x2000000, 0x200, 0x1000, 0x40, 0x1000, 0x40, 0x2, 0x40, 0x80000, 0x200, 0x20, 0x40000,
    0x1000000, 0x2000000, 0x2000000, 0x40, 0x2000000, 0x1000000, 0x2000000, 0x1, 0x20, 0x800, 0x40000, 0x40000,
    0x8000, 0x1000, 0x800, 0x2, 0x20, 0x800, 0x4, 0x400000, 0x2, 0x200, 0x2000000, 0x4,
    0x800, 0x200, 0x200, 0x1000, 0x2000000, 0x800, 0x8000, 0x200, 0x200, 0x800, 0x1000000, 0x1000,
    0x10000, 0x8, 0x1000, 0x1000000, 0x1000000, 0x1000000, 0x20, 0x2, 0x40, 0x1000000, 0x40, 0x10000,
    0x2000000, 0x40, 0x800, 0x1000000, 0x2000000, 0x8, 0x800000, 0x10000, 0x1000000, 0x800000, 0x20000, 0x10000,
    0x10000, 0x10000, 0x80, 0x40000, 0x800000, 0x1000000, 0x1000000, 0x10000, 0x10000, 0x1000000, 0x40, 0x200,
    0x80000, 0x1000000, 0x800000, 0x20, 0x40000, 0x20, 0x40000, 0x800, 0x800, 0x40, 0x2000, 0x10000,
    0x4, 0x1000000, 0x40, 0x1000000, 0x4, 0x400000, 0x20, 0x80, 0x4, 0x4, 0x4, 0x20,
    0x800000, 0x2, 0x1000000, 0x800, 0x1000000, 0x8000, 0x800, 0x800, 0x2000000, 0x10000, 0x800000, 0x800000,
    0x800000, 0x800000, 0x800000, 0x400, 0x10000, 0x80, 0x80, 0x800000, 0x40000, 0x80, 0x200, 0x2000008,
    0x4, 0x20, 0x8, 0x40000, 0x4, 0x2000000, 0x200, 0x800000, 0x4, 0x8000, 0x2000000, 0x400000,
    0x80, 0x80, 0x80, 0x80, 0x80, 0x1, 0x8000, 0x1000000, 0x800, 0x80, 0x1, 0x800,
    0x8000, 0x10000, 0x1, 0x20, 0x1000000, 0x80, 0x800000, 0x8, 0x1000000, 0x800, 0x800, 0x400,
    0x1000, 0x2000000, 0x10000, 0x40, 0x40, 0x40, 0x8, 0x8, 0x10, 0x40000, 0x20000, 0x2010,
    0x2000, 0x8, 0x800, 0x80000, 0x2000000, 0x40, 0x4, 0x80, 0x1000000, 0x8002, 0x8000, 0x1000000,
    0x40000, 0x10000, 0x200, 0x200, 0x80, 0x4, 0x800, 0x800, 0x200, 0x80000, 0x4000, 0x800,
    0x2000, 0x200, 0x8000, 0x2000000, 0x800, 0x200, 0x800, 0x80, 0x1000000, 0x1000, 0x80, 0x10,
    0x1000000, 0x8, 0x1000000, 0x8, 0x40000, 0x10000, 0x1000000, 0x4, 0x8, 0x8, 0x80, 0x40,
    0x2000000, 0x8000, 0x2000, 0x8, 0x2000000, 0x4, 0x800, 0x2000000, 0x1000000, 0x400000, 0x800, 0x800,
    0x2000000, 0x2000, 0x80000, 0x10, 0x1000000, 0x80000, 0x40, 0x800000, 0x800, 0x80, 0x40000, 0x800,
    0x8000, 0x200, 0x200, 0x2, 0x8, 0x40, 0x400000, 0x800000, 0x8000, 0x4, 0x8, 0x2000,
    0x80000, 0x200, 0x4, 0x400, 0x800, 0x400, 0x4, 0x800, 0x400000, 0x400, 0x800, 0x800,
    0x4, 0x1, 0x40000, 0x40000, 0x80000, 0x400, 0x2000, 0x2000000, 0x8, 0x2000, 0x10000, 0x2000,
    0x80000, 0x80000, 0x800, 0x1000000, 0x1000000, 0x2000000, 0x40000, 0x40000, 0x1000000, 0x40000, 0x40000, 0x2000000,
    0x2000000, 0x20000, 0x1000000, 0x800, 0x200, 0x10000, 0x400, 0x4, 0x40, 0x2, 0x80, 0x80,
    0x4, 0x20000, 0x800000, 0x20000, 0x2000000, 0x1000000, 0x8, 0x40, 0x20000, 0x40, 0x4, 0x400000,
    0x4, 0x40, 0x2000000, 0x80, 0x20, 0x20, 0x20, 0x8000, 0x8000, 0x200, 0x20, 0x2000000,
    0x1000000, 0x2000, 0x1, 0x400, 0x20000, 0x40, 0x1000000, 0x400000, 0x1000000, 0x10000, 0x8000, 0x10000,
    0x800000, 0x800000, 0x20, 0x400, 0x200, 0x80000, 0x40000, 0x2000000, 0x2000000, 0x800000, 0x40000, 0x400000,
    0x2000000, 0x8, 0x8, 0x20, 0x2, 0x2, 0x10000, 0x80000, 0x2, 0x40, 0x80000, 0x2000000,
    0x20, 0x2000000, 0x2000, 0x8000, 0x2000000, 0x20, 0x8000, 0x2000000, 0x800000, 0x2000000, 0x8000, 0x200,
    0x40000, 0x2000000, 0x2, 0x1000, 0x10000, 0x80, 0x400, 0x4, 0x1000000, 0x800000, 0x1000000, 0x800,
    0x8, 0x400, 0x800, 0x200, 0x2000, 0x1000000, 0x8000, 0x400, 0x1000000, 0x40, 0x80, 0x40,
    0x8, 0x4, 0x200, 0x800000, 0x800000, 0x10, 0x1, 0x80, 0x8000, 0x2000, 0x2000000, 0x40,
    0x4, 0x80000, 0x2000000, 0x4, 0x1000, 0x800000, 0x4, 0x800000, 0x1000, 0x1000, 0x200, 0x800000,
    0x2000, 0x400, 0x40000, 0x2000000, 0x10000, 0x2000, 0x1000, 0x2000, 0x800, 0x400000, 0x2, 0x400000,
    0x400000, 0x800000, 0x200, 0x200, 0x1000000, 0x80, 0x4, 0x800, 0x40000, 0x80000, 0x1000, 0x4,
    0x40000, 0x10000, 0x8, 0x200, 0x4, 0x800000, 0x800000, 0x80000, 0x8000, 0x4, 0x2000, 0x8020,
    0x8, 0x80000, 0x2000, 0x2000, 0x8000, 0x40, 0x800, 0x800, 0x800, 0x2000000, 0x4, 0x200,
    0x800, 0x40000, 0x8000, 0x2, 0x800, 0x8000, 0x800, 0x400, 0x4, 0x8, 0x80000, 0x2000,
    0x200, 0x2000, 0x800, 0x1000000, 0x1000001, 0x20000, 0x40000, 0x4, 0x20, 0x20, 0x200, 0x20,
    0x10000, 0x400000, 0x8, 0x8000, 0x40, 0x2000000, 0x8, 0x400000, 0x1000, 0x2000, 0x2000000, 0x4,
    0x4, 0x800, 0x4000, 0x8, 0x1, 0x800000, 0x2000, 0x40000, 0x40000, 0x2000, 0x1000000, 0x2000000,
    0x20000, 0x10, 0x40000, 0x80000, 0x1000000, 0x200, 0x400000, 0x200, 0x1000000, 0x200, 0x8, 0x2,
    0x4, 0x20, 0x800000, 0x2000, 0x1000, 0x400000, 0x80000, 0x80000, 0x8002, 0x10000, 0x800, 0x400000,
    0x40000, 0x80000, 0x40000, 0x2000000, 0x40, 0x1000000, 0x2, 0x800, 0x200, 0x8000, 0x800000, 0x40,
    0x800, 0x2, 0x4000, 0x4, 0x800, 0x40, 0x8000, 0x4, 0x2, 0x200, 0x20, 0x80000,
    0x1000, 0x800000, 0x2000000, 0x800, 0x200, 0x1000000, 0x800, 0x2000000, 0x800000, 0x4, 0x800, 0x80000,
    0x8000, 0x2000, 0x4, 0x800, 0x4, 0x40, 0x800000, 0x80000, 0x20, 0x2000000, 0x200, 0x40000,
    0x80, 0x4, 0x20000, 0x800000, 0x40000, 0x20, 0x1000000, 0x40008, 0x2000000, 0x8, 0x400, 0x2000,
    0x80000, 0x800, 0x2, 0x1000000, 0x200, 0x4, 0x1000000, 0x200, 0x800, 0x800, 0x40000, 0x80000,
    0x40, 0x10000, 0x4, 0x2, 0x800000, 0x2000, 0x400000, 0x2000000, 0x800000, 0x2, 0x800000, 0x400,
    0x800, 0x1000000, 0x800, 0x80, 0x2000000, 0x800, 0x10000, 0x2000000, 0x800, 0x2000, 0x2000000, 0x4,
    0x10000, 0x400000, 0x40, 0x2000000, 0x800, 0x40, 0x2000000, 0x200, 0x2000, 0x800004, 0x200, 0x40,
    0x4, 0x1000, 0x2000, 0x2000000, 0x2000000, 0x40, 0x200, 0x8, 0x2000000, 0x800000, 0x80000, 0x2000000,
    0x200, 0x800000, 0x1000000, 0x4, 0x1000000, 0x1000000, 0x4, 0x800000, 0x800000, 0x200, 0x1000000, 0x1000000,
    0x800000, 0x200, 0x200, 0x800000, 0x40000, 0x40000, 0x40000, 0x200, 0x40000, 0x80000, 0x40000, 0x40000,
    0x80000, 0x80000, 0x8000, 0x8000, 0x40, 0x80, 0x80000, 0x4, 0x40000, 0x800000, 0x400000, 0x2000000,
    0x8, 0x4, 0x40000, 0x1000000, 0x20, 0x8000, 0x80000, 0x20, 0x2, 0x4, 0x80, 0x20,
    0x2, 0x2, 0x800, 0x2000000, 0x200, 0x4, 0x800, 0x2000000, 0x2000000, 0x8, 0x2, 0x800000,
    0x40, 0x4, 0x800000, 0x800, 0x10000, 0x8000, 0x800000, 0x400, 0x20, 0x2000000, 0x20, 0x800,
    0x40000, 0x1000000, 0x800, 0x80000, 0x1000000, 0x400000, 0x2, 0x1000, 0x2000, 0x200, 0x80, 0x40000,
    0x400, 0x2, 0x1000, 0x8, 0x8, 0x2, 0x4, 0x1000000, 0x40000, 0x4, 0x4, 0x800,
    0x8, 0x800000, 0x1000000, 0x4, 0x8, 0x8, 0x10000, 0x800, 0x1000000, 0x200, 0x200, 0x80,
    0x1000, 0x10000, 0x800, 0x800, 0x4, 0x40000, 0x40, 0x800, 0x200, 0x200, 0x40000, 0x1000000,
    0x2, 0x8000, 0x1000000, 0x1000000, 0x4, 0x4, 0x1000000, 0x800, 0x80000, 0x200, 0x1000001, 0x2000,
    0x80000, 0x200, 0x200, 0x8000, 0x400000, 0x1000000, 0x4, 0x1000, 0x1000, 0x40, 0x10000, 0x1000000,
    0x1000000, 0x40000, 0x800000, 0x8, 0x80, 0x10000, 0x1000, 0x2000000, 0x80, 0x40000, 0x2000000, 0x800000,
    0x2, 0x20, 0x80000, 0x400000, 0x400000, 0x2000000, 0x10000, 0x40000, 0x400000, 0x10000, 0x20000, 0x20,
    0x400, 0x240, 0x800, 0x800000, 0x200, 0x10000, 0x10000, 0x1000000, 0x20, 0x2, 0x20000, 0x800000,
    0x200, 0x80, 0x80, 0x20, 0x400000, 0x200, 0x40, 0x2000000, 0x1000000, 0x10000, 0x1, 0x4,
    0x1000, 0x1000000, 0x20, 0x20000, 0x80, 0x4, 0x1000000, 0x1000000, 0x2, 0x1000000, 0x10000, 0x400000,
    0x800, 0x8000, 0x10, 0x800000, 0x4, 0x4, 0x2000000, 0x40000, 0x80000, 0x1000000, 0x20000, 0x800,
    0x80000, 0x40000, 0x8, 0x1000, 0x10000, 0x800, 0x1000000, 0x400, 0x1000, 0x2, 0x2, 0x40,
    0x1000, 0x1000000, 0x1000000, 0x10200, 0x8000, 0x20000, 0x400, 0x2000, 0x2000, 0x2, 0x2, 0x40000,
    0x800000, 0x1000000, 0x800000, 0x2, 0x80, 0x1000000, 0x2000000, 0x8, 0x200, 0x8, 0x2000, 0x40,
    0x80, 0x8000, 0x1000, 0x20, 0x40000, 0x40, 0x2, 0x400000, 0x20, 0x2000000, 0x1000, 0x20,
    0x10200, 0x1000, 0x1000, 0x2, 0x2000004, 0x1000, 0x2000000, 0x8, 0x4, 0x200, 0x200, 0x800,
    0x4, 0x2000, 0x1000000, 0x800000, 0x1000000, 0x10000, 0x40, 0x1000, 0x800, 0x20000, 0x1000000, 0x40,
    0x810000, 0x4, 0x4, 0x1000000, 0x80, 0x2000000, 0x800, 0x400000, 0x200, 0x40, 0x4, 0x200,
    0x4, 0x40, 0x40, 0x1000, 0x4, 0x200, 0x200, 0x20, 0x1000000, 0x2000000, 0x2000000, 0x200,
    0x80, 0x1000000, 0x4, 0x20, 0x20000, 0x20000, 0x4, 0x1000, 0x80000, 0x2000000, 0x10000, 0x2000000,
    0x800000, 0x80, 0x20, 0x10000, 0x40, 0x8, 0x200, 0x800000, 0x4, 0x4, 0x200, 0x10,
    0x1, 0x10000, 0x4, 0x20000, 0x200, 0x1080000, 0x80, 0x8000, 0x800, 0x200, 0x800, 0x40000,
    0x2000000, 0x8, 0x200, 0x20000, 0x2, 0x4, 0x10000, 0x80, 0x10200, 0x8, 0x2000000, 0x20000,
    0x80, 0x1800000, 0x800, 0x1000000, 0x810000, 0x200, 0x40000, 0x1000000, 0x1000, 0x80, 0x2000000, 0x1000000,
    0x8, 0x400000, 0x800, 0x8, 0x20, 0x20000, 0x1000000, 0x80, 0x2, 0x2, 0x1000000, 0x8,
    0x80000, 0x40000, 0x40000, 0x4, 0x4, 0x400000, 0x2, 0x800000, 0x40, 0x800, 0x8000, 0x2000000,
    0x1000, 0x800, 0x2000000, 0x2000000, 0x80000, 0x10000, 0x40000, 0x40000, 0x4, 0x8000, 0x200, 0x1000,
    0x1000, 0x800000, 0x200, 0x4, 0x840000, 0x200, 0x1000000, 0x80000, 0x1000000, 0x4, 0x400040, 0x80,
    0x1000000, 0x4, 0x200, 0x400000, 0x40000, 0x2000, 0x40000, 0x800000, 0x800, 0x20, 0x10, 0x1000,
    0x400000, 0x200, 0x2000, 0x1000, 0x400, 0x800, 0x800, 0x40000, 0x400000, 0x80000, 0x800000, 0x80,
    0x1000000, 0x1000000, 0x1000000, 0x40, 0x4, 0x1000, 0x1000, 0x4, 0x400000, 0x200, 0x8, 0x10000,
    0x8, 0x200, 0x2000000, 0x40, 0x800, 0x800, 0x200, 0x400000, 0x200, 0x2000, 0x400, 0x80,
    0x8000, 0x2000000, 0x40, 0x40, 0x20, 0x800, 0x4, 0x4, 0x40000, 0x4, 0x2000000, 0x1000,
    0x4, 0x2, 0x800, 0x80000, 0x2, 0x80, 0x2, 0x10000, 0x200, 0x800000, 0x10000, 0x8,
    0x200, 0x8000, 0x8, 0x200, 0x10000, 0x80000, 0x40, 0x80, 0x40, 0x800, 0x20, 0x10000,
    0x1, 0x400000, 0x2, 0x2000000, 0x1000000, 0x2000000, 0x200, 0x800, 0x80000, 0x40000, 0x80000, 0x8,
    0x80, 0x10000, 0x80, 0x4, 0x80000, 0x4, 0x2, 0x4, 0x80, 0x20, 0x800, 0x10000,
    0x1000, 0x8000, 0x400000, 0x8, 0x40000, 0x80, 0x1000000, 0x1000000, 0x80000, 0x10000, 0x400000, 0x4,
    0x2000, 0x2000000, 0x80000, 0x200, 0x80000, 0x800, 0x2, 0x1000000, 0x8000, 0x2, 0x8000, 0x8,
    0x1000000, 0x1000000, 0x1000000, 0x800000, 0x40000, 0x10000, 0x400, 0x800000, 0x400000, 0x1000000, 0x1000000, 0x20,
    0x800, 0x800000, 0x800000, 0x2000, 0x4, 0x400000, 0x4, 0x800000, 0x1000000, 0x2, 0x1000, 0x1,
    0x10, 0x800, 0x1000000, 0x400, 0x400, 0x200, 0x1000, 0x2000000, 0x2000000, 0x2000000, 0x2, 0x20000,
    0x800000, 0x1000000, 0x1, 0x10000, 0x200, 0x20, 0x800, 0x200, 0x8000, 0x20, 0x80, 0x80,
    0x80, 0x1000000, 0x80000, 0x2000000, 0x2000000, 0x800000, 0x60000, 0x40, 0x10000, 0x10000, 0x1000, 0x80,
    0x40000, 0x8000, 0x40, 0x8, 0x2000000, 0x200, 0x400000, 0x2, 0x400000, 0x8000, 0x200, 0x80,
    0x2000000, 0x200, 0x8, 0x1000000, 0x40200, 0x4, 0x10000, 0x400000, 0x2000000, 0x400, 0x80000, 0x80,
    0x800000, 0x40000, 0x10000, 0x800, 0x2000000, 0x1000000, 0x1000000, 0x1000, 0x1000000, 0x40000, 0x8, 0x2000000,
    0x40, 0x20000, 0x800000, 0x4, 0x400, 0x400, 0x80, 0x200, 0x800, 0x400000, 0x8000, 0x1000000,
    0x40000, 0x1000000, 0x40000, 0x4, 0x40000, 0x1000000, 0x2000000, 0x800, 0x20000, 0x1000, 0x800, 0x10000,
    0x40000, 0x1000000, 0x800, 0x200, 0x800000, 0x2, 0x4, 0x800000, 0x80000, 0x800, 0x80, 0x8,
    0x10000, 0x2000000, 0x8000, 0x4, 0x1000000, 0x4, 0x1000000, 0x400, 0x8000, 0x8000, 0x8000, 0x2000,
    0x40000, 0x800000, 0x20, 0x1000000, 0x2000000, 0x200, 0x200, 0x20000, 0x4, 0x10, 0x1000, 0x80,
    0x40000, 0x2000000, 0x1000, 0x40000, 0x800000, 0x800, 0x800000, 0x40, 0x800, 0x20000, 0x400000, 0x40,
    0x4, 0x40000, 0x80000, 0x800, 0x20000, 0x40000, 0x800000, 0x2, 0x1000000, 0x40, 0x2, 0x2000000,
    0x40, 0x2000000, 0x80000, 0x4, 0x8000, 0x800, 0x8, 0x200, 0x800, 0x40000, 0x800, 0x1000000,
    0x800, 0x1000000, 0x1000, 0x8, 0x80000, 0x1000, 0x80000, 0x4, 0x8000, 0x1, 0x800, 0x4,
    0x800000, 0x8000, 0x10000, 0x200, 0x4, 0x200, 0x400000, 0x80000, 0x4, 0x1000000, 0x1000000, 0x2000000,
    0x800, 0x2, 0x800, 0x800000, 0x2, 0x2000000, 0x800, 0x10000, 0x1000, 0x1000000, 0x800, 0x200,
    0x8000, 0x40, 0x80, 0x8, 0x40000, 0x800, 0x40000, 0x40000, 0x8, 0x1000, 0x800000, 0x401000,
    0x2, 0x8, 0x4, 0x2000000, 0x40000, 0x800000, 0x1400000, 0x80, 0x1, 0x1000, 0x800, 0x4,
    0x2000000, 0x4, 0x8000, 0x200, 0x1000, 0x4, 0x2000, 0x80, 0x200, 0x1000000, 0x200, 0x2000,
    0x40000, 0x1000000, 0x40, 0x4, 0x80, 0x40000, 0x400, 0x10000, 0x1000, 0x2000000, 0x2000000, 0x10000,
    0x8, 0x800, 0x800, 0x400, 0x1, 0x2, 0x800, 0x400000, 0x200, 0x10000, 0x40000, 0x2,
    0x1000, 0x4000, 0x4, 0x8, 0x800000, 0x200, 0x20000, 0x20000, 0x800, 0x1000000, 0x10000, 0x4,
    0x80, 0x200, 0x1000, 0x1000000, 0x2, 0x1000000, 0x10000, 0x800, 0x20000, 0x80, 0x10, 0x80000,
    0x20, 0x200, 0x2000000, 0x20, 0x20000, 0x20, 0x400, 0x40000, 0x20000, 0x1000000, 0x800000, 0x20,
    0x200, 0x8, 0x400000, 0x8, 0x40000, 0x800000, 0x800000, 0x800, 0x400000, 0x40000, 0x10000, 0x200,
    0x1000000, 0x40000, 0x800, 0x1000000, 0x800000, 0x400000, 0x200, 0x80, 0x40000, 0x2000, 0x800, 0x800000,
    0x1000000, 0x1, 0x800000, 0x80, 0x2, 0x80, 0x1, 0x400000, 0x80, 0x80, 0x200, 0x4,
    0x800000, 0x400000, 0x1000, 0x1000000, 0x800, 0x200, 0x4, 0x40000, 0x10000, 0x800, 0x400, 0x1000000,
    0x8, 0x80000, 0x80000, 0x800000, 0x2, 0x2000000, 0x40000, 0x800000, 0x20, 0x8, 0x800000, 0x40,
    0x800000, 0x40000, 0x200, 0x80, 0x80, 0x40000, 0x800000, 0x800000, 0x1000000, 0x2, 0x40000, 0x40000,
    0x800000, 0x8, 0x8000, 0x400000, 0x2000, 0x4, 0x1000, 0x20000, 0x8000, 0x80000, 0x200, 0x2000000,
    0x4, 0x2000000, 0x10, 0x2000, 0x1000000, 0x40, 0x4, 0x800000, 0x10000, 0x20, 0x200, 0x800000,
    0x400, 0x200, 0x2, 0x8, 0x1000, 0x800, 0x200, 0x2000004, 0x1000, 0x10000, 0x10000, 0x800000,
    0x800, 0x4000, 0x800000, 0x40000, 0x800, 0x1000000, 0x800000, 0x800000, 0x800, 0x1000000, 0x800, 0x800,
    0x200, 0x8, 0x2000000, 0x2, 0x80000, 0x1000000, 0x1000, 0x80, 0x2, 0x20, 0x40000, 0x80000,
    0x80000, 0x10000, 0x10000, 0x400000, 0x800, 0x80, 0x4000, 0x40, 0x1000000, 0x2, 0x800, 0x40000,
    0x4, 0x1, 0x800, 0x2000000, 0x800000, 0x10000, 0x800, 0x80, 0x80000, 0x400000, 0x20000, 0x20000,
    0x10000, 0x80, 0x800, 0x40000, 0x80000, 0x1000, 0x1000000, 0x8000, 0x1000000, 0x800000, 0x200, 0x200,
    0x800000, 0x1000, 0x10000, 0x40000, 0x200, 0x8000, 0x2000, 0x2, 0x20000, 0x1000000, 0x800000, 0x1000000,
    0x200, 0x800, 0x800, 0x1000000, 0x10000, 0x1000000, 0x800, 0x80000, 0x80, 0x1000000, 0x800, 0x10000,
    0x1000000, 0x20, 0x1000, 0x80, 0x400, 0x800, 0x200, 0x8, 0x1000, 0x800, 0x800, 0x80,
    0x20, 0x2000000, 0x400000, 0x400, 0x2000000, 0x80, 0x800, 0x200, 0x1000, 0x800, 0x80, 0x800,
    0x200, 0x400, 0x800, 0x200, 0x40000, 0x80000, 0x800, 0x10000, 0x800000, 0x1000000, 0x800, 0x1000,
    0x2, 0x80, 0x80, 0x800, 0x2000, 0x800, 0x40000, 0x800000, 0x10000, 0x4, 0x80, 0x800000,
    0x4, 0x20, 0x800000, 0x800000, 0x800, 0x80, 0x1000000, 0x80, 0x200, 0x200, 0x40, 0x2,
    0x1000000, 0x2000000, 0x2000000, 0x400, 0x2, 0x800000, 0x40000, 0x4, 0x10000, 0x8, 0x200, 0x10000,
    0x8, 0x40000, 0x800000, 0x200, 0x2000000, 0x40000, 0x1000000, 0xC0, 0x2000000, 0x280, 0x80, 0x1000,
    0x40, 0x40000, 0x800000, 0x4, 0x40000, 0x1000000, 0x1000, 0x800000, 0x20, 0x10, 0x2, 0x4,
    0x10000, 0x400000, 0x400000, 0x20000, 0x2, 0x8000, 0x1000000, 0x1000000, 0x200, 0x10000, 0x80000, 0x1000000,
    0x10000, 0x4, 0x1000000, 0x200, 0x80, 0x10000, 0x10000, 0x2000000, 0x1000000, 0x80, 0x1000, 0x400000,
    0x20, 0x20, 0x80, 0x40, 0x2000000, 0x20, 0x20000, 0x200, 0x20, 0x4, 0x8, 0x2,
    0x800000, 0x2000, 0x8, 0x10000, 0x1000000, 0x2000000, 0x8000, 0x4, 0x1000000, 0x80, 0x80, 0x200,
    0x800, 0x20, 0x20000, 0x2000000, 0x40, 0x8000, 0x8000, 0x800000, 0x2000000, 0x8, 0x2, 0x2,
    0x40, 0x2000000, 0x10000, 0x40000, 0x80000, 0x800, 0x40, 0x8, 0x40, 0x1000000, 0x800, 0x4,
    0x10000, 0x1000, 0x40, 0x4, 0x80, 0x80, 0x1000, 0x20, 0x1000000, 0x400000, 0x800, 0x2000000,
    0x1000000, 0x800000, 0x400, 0x200, 0x800, 0x1000000, 0x8000, 0x10000, 0xC0, 0x40000, 0x1000000, 0x400000,
    0x1000, 0x10000, 0x10000, 0x40, 0x10000, 0x2000000, 0x1000, 0x800, 0x2000000, 0x200, 0x2000, 0x40000,
    0x10000, 0x800000, 0x200, 0x10000, 0x840000, 0x1000000, 0x200, 0x80000, 0x4, 0x2, 0x10, 0x80,
    0x40000, 0x800000, 0x20, 0x40000, 0x40000, 0x20, 0x800000, 0x2000000, 0x400000, 0x20, 0x800, 0x800,
    0x2, 0x4, 0x1000000, 0x1000000, 0x200, 0x8, 0x1000000, 0x80000, 0x8, 0x80000, 0x80, 0x400000,
    0x2000000, 0x40000, 0x20, 0x200, 0x1000, 0x10000, 0x10000, 0x1000000, 0x200, 0x800, 0x1000, 0x10000,
    0x40000, 0x800000, 0x800, 0x800, 0x8, 0x80000, 0x80000, 0x400, 0x80, 0x80, 0x1000000, 0x2,
    0x20, 0x8000, 0x400000, 0x8, 0x1000000, 0x1000000, 0x40000, 0x10000, 0x10000, 0x20000, 0x2000, 0x10000,
    0x400000, 0x800, 0x40, 0x400000, 0x8, 0x10, 0x2, 0x8, 0x400000, 0x4, 0x1000000, 0x1000000,
    0x40, 0x4, 0x8, 0x800, 0x400, 0x200, 0x800000, 0x80000, 0x1000, 0x800000, 0x1000, 0x1000000,
    0x200, 0x40000, 0x800000, 0x80, 0x1000000, 0x2, 0x20000, 0x400000, 0x20, 0x1000000, 0x1000, 0x400000,
    0x20, 0x20000, 0x800000, 0x1000000, 0x1010000, 0x1000, 0x800000, 0x1000000, 0x40000, 0x4, 0x80000, 0x2000000,
    0x2000000, 0x80000, 0x20, 0x1000000, 0x400, 0x1000, 0x800, 0x8, 0x80, 0x10000, 0x8, 0x800,
    0x400000, 0x1000000, 0x10000, 0x2000, 0x800, 0x4, 0x20000, 0x1000000, 0x200, 0x2, 0x800, 0x8000,
    0x40000, 0x800000, 0x4, 0x800000, 0x1000000, 0x400000, 0x800, 0x40000, 0x2, 0x20000, 0x20000, 0x200,
    0x400000, 0x800000, 0x80, 0x10000, 0x1000000, 0x2, 0x80, 0x80000, 0x1000000, 0x8, 0x2000, 0x80,
    0x80, 0x40, 0x1000, 0x1000, 0x1000000, 0x400000, 0x1000000, 0x80000, 0x2000000, 0x4, 0x40000, 0x10000,
    0x1000, 0x80000, 0x40000, 0x40000, 0x4, 0x4, 0x8, 0x1, 0x800, 0x400000, 0x2000000, 0x80000,
    0x4, 0x8000, 0x10000, 0x8000, 0x1000000, 0x200, 0x800, 0x800, 0x10000, 0x2000000, 0x1000000, 0x200,
    0x40000, 0x400000, 0x800000, 0x400000, 0x2000000, 0x2000000, 0x1000, 0x1000, 0x40, 0x800, 0x1000, 0x800000,
    0x4, 0x800, 0x1000, 0x800000, 0x4, 0x2000000, 0x1000, 0x800000, 0x1000, 0x2000000, 0x40000, 0x10000,
    0x80000, 0x2000000, 0x8000, 0x8000, 0x200, 0x10000, 0x2, 0x800, 0x8000, 0x40, 0x800000, 0x200,
    0x2000000, 0x80, 0x20, 0x800, 0x200, 0x200, 0x80, 0x1000000, 0x4, 0x200, 0x40000, 0x2000,
    0x800000, 0x400000, 0x4, 0x800000, 0x40000, 0x4, 0x4, 0x8, 0x800, 0x800000, 0x40000, 0x1000000,
    0x200, 0x8, 0x4, 0x10000, 0x4, 0x800000, 0x40000, 0x800, 0x10000, 0x1000000, 0x4, 0x800,
    0x2000000, 0x800000, 0x800, 0x2000000, 0x2000000, 0x800000, 0x1000, 0x800000, 0x10000, 0x20000, 0x200, 0x1000,
    0x80, 0x20000, 0x80, 0x2000000, 0x200, 0x8000, 0x80, 0x1000, 0x20, 0x800, 0x200, 0x800,
    0x1000, 0x800, 0x4, 0x800, 0x10000, 0x2000, 0x800, 0x8, 0x800000, 0x2000000, 0x800, 0x800,
    0x800, 0x20, 0x1000000, 0x8000, 0x2000, 0x40, 0x200, 0x1000000, 0x40000, 0x800000, 0x4, 0x10000,
    0x10000, 0x8, 0x4, 0x1000, 0x10000, 0x200, 0x2000000, 0x2000000, 0x800000, 0x80, 0x2000, 0x8000,
    0x2000, 0x800000, 0x2000000, 0x1000, 0x10, 0x400, 0x1000, 0x800000, 0x800080, 0x1000000, 0x400, 0x1000000,
    0x10000, 0x800, 0x800000, 0x40000, 0x800000, 0x80000, 0x800000, 0x200, 0x800000, 0x1000000, 0x80, 0x400000,
    0x8, 0x4, 0x400000, 0x8, 0x2000000, 0x80, 0x10000, 0x1000000, 0x1000000, 0x2, 0x40, 0x1000000,
    0x2, 0x4, 0x1000000, 0x40000, 0x4, 0x20, 0x40, 0x20, 0x40000, 0x200, 0x2000, 0x2000000,
    0x8, 0x1000000, 0x2000000, 0x2000000, 0x200, 0x2000000, 0x800000, 0x20000, 0x2000000, 0x20000, 0x10000, 0x200,
    0x200, 0x1000000, 0x1000, 0x4, 0x1, 0x2000, 0x80, 0x20000, 0x200, 0x80000, 0x800, 0x8,
    0x2, 0x8000, 0x1000000, 0x2000000, 0x2, 0x40000, 0x80000, 0x200, 0x80, 0x800000, 0x800000, 0x2000000,
    0x1000000, 0x8000, 0x2, 0x8, 0x400000, 0x20, 0x40, 0x2000000, 0x2000000, 0x20000, 0x8000, 0x1000000,
    0x1000, 0x80000, 0x2000, 0x40, 0x800000, 0x2000000, 0x10000, 0x2, 0x1000000, 0x800000, 0x1000, 0x2,
    0x2, 0x20, 0x4, 0x4, 0x400, 0x20000, 0x200, 0x10000, 0x200, 0x2, 0x200, 0x10,
    0x40, 0x20000, 0x2000000, 0x40, 0x1000000, 0x4, 0x800, 0x400, 0x800000, 0x2000000, 0x8, 0x800000,
    0x400, 0x400, 0x2000, 0x40000, 0x200, 0x400, 0x4, 0x800, 0x200, 0x40000, 0x8000, 0x40,
    0x1000000, 0x1000000, 0x2000000, 0x800, 0x10000, 0x10000, 0x200, 0x1000000, 0x2, 0x2000000, 0x40000, 0x40000,
    0x10000, 0x800, 0x800, 0x800, 0x400, 0x200, 0x20, 0x4, 0x2, 0x400, 0x80000, 0x1000000,
    0x800, 0x4, 0x4, 0x4, 0x8, 0x2, 0x800, 0x40000, 0x8000, 0x8000, 0x20, 0x1000000,
    0x800, 0x40, 0x1000000, 0x8, 0x880000, 0x2000000, 0x200, 0x1000000, 0x10000, 0x40, 0x40, 0x400,
    0x10000, 0x80000, 0x80000, 0x20, 0x4, 0x800000, 0x2, 0x8, 0x400, 0x8, 0x800000, 0x800000,
    0x80, 0x1000000, 0x2, 0x2, 0x20, 0x1000000, 0x80000, 0x1000000, 0x80, 0x2, 0x4, 0x800,
    0x8000, 0x8, 0x1000000, 0x80000, 0x40, 0x8, 0x80, 0x20000, 0x1000000, 0x20000, 0x2000, 0x200,
    0x40000, 0x2, 0x80000, 0x4, 0x40000, 0x2000, 0x1000000, 0x200, 0x10000, 0x80, 0x400, 0x800,
    0x800, 0x800, 0x2000000, 0x40000, 0x800, 0x1000000, 0x8, 0x800000, 0x800000, 0x400000, 0x2, 0x4,
    0x200, 0x10000, 0x40000, 0x2, 0x800000, 0x2, 0x20, 0x200, 0x2000000, 0x200, 0x4, 0x200,
    0x8, 0x2000000, 0x20, 0x2, 0x800000, 0x800000, 0x2, 0x20000, 0x1000, 0x800, 0x1, 0x2000000,
    0x40, 0x4, 0x40000, 0x2000, 0x4, 0x800, 0x2, 0x200, 0x8, 0x40000, 0x80000, 0x2,
    0x800, 0x20, 0x20000, 0x2000000, 0x8, 0x40000, 0x400000, 0x40000, 0x2, 0x800000, 0x2, 0x4,
    0x800, 0x800, 0x800000, 0x800000, 0x800, 0x2000000, 0x8, 0x200, 0x2000000, 0x40000, 0x200, 0x8000,
    0x1000000, 0x800, 0x1000000, 0x800000, 0x800000, 0x1000000, 0x20, 0x90000, 0x20, 0x20, 0x20, 0x2,
    0x80, 0x200, 0x200, 0x200, 0x40, 0x2, 0x1000000, 0x40, 0x200, 0x8000, 0x1000, 0x1000,
    0x1000, 0x1000, 0x40000, 0x40000, 0x4, 0x800, 0x200, 0x1000, 0x80000, 0x800, 0x1000000, 0x2000000,
    0x200, 0x800000, 0x40000, 0x400000, 0x800000, 0x80000, 0x1000000, 0x800, 0x10, 0x8, 0x10000, 0x8000,
    0x200, 0x1000, 0x1000000, 0x40, 0x10000, 0x2000000, 0x200, 0x40, 0x8, 0x200, 0x800, 0x10000,
    0x200, 0x400000, 0x200, 0x10000, 0x800, 0x800, 0x40000, 0x8, 0x40, 0x800200, 0x40, 0x1000000,
    0x40, 0x1000, 0x40000, 0x4, 0x800, 0x200, 0x200, 0x800000, 0x8, 0x80000, 0x1000000, 0x40,
    0x200, 0x10000, 0x200, 0x10000, 0x200, 0x4, 0x200, 0x2000000, 0x4, 0x200, 0x40, 0x8,
    0x2000000, 0x8, 0x40000, 0x80, 0x10000, 0x40, 0x40000, 0x800200, 0x40, 0x40, 0x4, 0x200,
    0x80, 0x10000, 0x800000, 0x40000, 0x2000, 0x200, 0x800, 0x2000000, 0x2000000, 0x2, 0x800000, 0x80,
    0x40000, 0x40, 0x2000000, 0x800000, 0x4, 0x800000, 0x1000000, 0x800, 0x200, 0x800000, 0x1000000, 0x800000,
    0x1000000, 0x1000000, 0x8, 0x20, 0x10000, 0x10000, 0x200, 0x80, 0x200, 0x20, 0x800000, 0x8,
    0x80, 0x4, 0x80000, 0x800000, 0x200, 0x1000000, 0x20000, 0x800000, 0x1000000, 0x40000, 0x10000, 0x80000,
    0x200, 0x800000, 0x1000000, 0x10, 0x20, 0x1000000, 0x1000000, 0x40000, 0x40000, 0x1000000, 0x800000, 0x200,
    0x800000, 0x2000, 0x4, 0x1000000, 0x2000000, 0x800000, 0x20, 0x800000, 0x4, 0x40000, 0x1000000, 0x40000,
    0x2000000, 0x800000, 0x1000000, 0x1000000, 0x40000, 0x4, 0x80, 0x40000, 0x80, 0x800000, 0x2000000, 0x2000000,
    0x2000000, 0x40, 0x2000000, 0x2000000, 0x2000000, 0x40, 0x20, 0x200, 0x8, 0x800, 0x8, 0x1000000,
    0x800, 0x2000, 0x8000, 0x2000000, 0x40, 0x1000000, 0x200, 0x1000000, 0x2000000, 0x1000000, 0x1000000, 0x10000,
    0x2000000, 0x8000, 0x2, 0x800000, 0x10000, 0x2, 0x8, 0x2000000, 0x80000, 0x2000000, 0x4, 0x2000000,
    0x1000000, 0x800000, 0x800000, 0x1000000, 0x80, 0x80, 0x40000, 0x4, 0x800000, 0x40000, 0x80, 0x4,
    0x40, 0x40, 0x10000, 0x80, 0x200, 0x80, 0x40, 0x800000, 0x400000, 0x40000, 0x2000000, 0x80000,
    0x1000, 0x2000000, 0x1000, 0x10, 0x80, 0x1000000, 0x800000, 0x40, 0x10, 0x2, 0x80000, 0x1000000,
    0x800, 0x2000000, 0x400, 0x400, 0x400000, 0x1000000, 0x80000, 0x200, 0x2000000, 0x20000, 0x4, 0x800,
    0x10, 0x400, 0x10, 0x40000, 0x80000, 0x8, 0x2, 0x4, 0x1000000, 0x400, 0x10000, 0x10000,
    0x40000, 0x1, 0x1000000, 0x800000, 0x4, 0x200, 0x800000, 0x400000, 0x400000, 0x40, 0x40000, 0x2,
    0x80, 0x200, 0x40000, 0x2000000, 0x40000, 0x8, 0x80, 0x4, 0x40000, 0x200, 0x400, 0x10000,
    0x4, 0x800000, 0x40000, 0x400000, 0x800000, 0x20, 0x4, 0x80000, 0x1000000, 0x2000, 0x1000000, 0x8,
    0x8000, 0x2000000, 0x4, 0x4, 0x2000000, 0x200, 0x10000, 0x80000, 0x2000000, 0x400000, 0x200, 0x10000,
    0x8, 0x2000000, 0x2000000, 0x2000000, 0x10000, 0x2000000, 0x800, 0x200, 0x4, 0x80, 0x800, 0x40000,
    0x2, 0x80, 0x8000, 0x1000000, 0x8, 0x800000, 0x8000, 0x40000, 0x800000, 0x40000, 0x80, 0x80,
    0x10, 0x2000000, 0x8, 0x800000, 0x20, 0x8000, 0x80000, 0x200, 0x10000, 0x1000000, 0x2000000, 0x2000000,
    0x800000, 0x80, 0x1000000, 0x1, 0x800000, 0x2000, 0x4, 0x20, 0x2000000, 0x1000000, 0x1000000, 0x80,
    0x800000, 0x40, 0x2000, 0x10000, 0x1000, 0x1000000, 0x400000, 0x800000, 0x80000, 0x2000000, 0x40000, 0x200,
    0x8000, 0x400, 0x80, 0x80, 0x40, 0x1000000, 0x1000, 0x800000, 0x1000, 0x800000, 0x10000, 0x4,
    0x800000, 0x80000, 0x40000, 0x2, 0x4, 0x10000, 0x40000, 0x200, 0x1000000, 0x800000, 0x80, 0x80000,
    0x1000000, 0x1000000, 0x800, 0x1000000, 0x2, 0x4, 0x10000, 0x800, 0x1000, 0x1000, 0x40000, 0x2000000,
    0x1000, 0x200, 0x2000000, 0x200, 0x800, 0x800, 0x4, 0x4000, 0x40, 0x800000, 0x2000000, 0x1,
    0x1, 0x200, 0x2000000, 0x1000000, 0x80, 0x200, 0x1000, 0x4, 0x80, 0x80, 0x4, 0x800000,
    0x2000000, 0x40000, 0x800000, 0x2000000, 0x8, 0x2000000, 0x2000, 0x800, 0x10, 0x1000000, 0x200, 0x200,
    0x2000000, 0x200, 0x2, 0x80, 0x2000000, 0x400000, 0x2000000, 0x2000000, 0x40000, 0x10000, 0x80000, 0x2000000,
    0x8000, 0x40000, 0x800000, 0x2000000, 0x80000, 0x8, 0x40000, 0x800000, 0x200, 0x200, 0x200, 0x2000000,
    0x2000, 0x1000000, 0x1, 0x2000000, 0x8000, 0x80, 0x80, 0x1000000, 0x1000000, 0x40000, 0x20000, 0x2000,
    0x10000, 0x8, 0x80000, 0x80, 0x2000000, 0x80, 0x1, 0x1000000, 0x200, 0x1000000, 0x200, 0x80,
    0x8, 0x2000000, 0x800000, 0x2000000, 0x800, 0x40000, 0x400000, 0x4, 0x800, 0x1000000, 0x2, 0x2000000,
    0x1000000, 0x10, 0x4, 0x400000, 0x4, 0x1000000, 0x4, 0x20000, 0x1000000, 0x800, 0x4, 0x800000,
    0x2000, 0x80, 0x2000000, 0x1000000, 0x8, 0x2000000, 0x1000000, 0x8, 0x1000000, 0x200, 0x8, 0x20,
    0x20000, 0x200, 0x200, 0x80, 0x80000, 0x20000, 0x40000, 0x10000, 0x80000, 0x800000, 0x1000000, 0x800000,
    0x200, 0x20000, 0x200, 0x80, 0x4000, 0x200, 0x1000000, 0x2000, 0x800000, 0x10, 0x800, 0x800000,
    0x40000, 0x20, 0x40000, 0x20, 0x200, 0x2000000, 0x40, 0x80, 0x8000, 0x2000000, 0x2040000, 0x800000,
    0x2000000, 0x40000, 0x2000000, 0x8, 0x2000000, 0x4, 0x10000, 0x2000000, 0x2, 0x1000000, 0x1000000, 0x400,
    0x800, 0x40000, 0x40, 0x40000, 0x200, 0x80, 0x4, 0x2000000, 0x40000, 0x80, 0x8, 0x40,
    0x10000, 0x40, 0x800000, 0x1000000, 0x2000000, 0x40, 0x800000, 0x4, 0x80, 0x800000, 0x2000000, 0x200,
    0x400000, 0x1000000, 0x10000, 0x400000, 0x40, 0x1000000, 0x80, 0x400, 0x40000, 0x40000, 0x10, 0x10000,
    0x2000000, 0x2000000, 0x2000, 0x8, 0x2000000, 0x20, 0x400, 0x400000, 0x1000000, 0x40000, 0x40000, 0x80008,
    0x4, 0x800, 0x2000000, 0x40000, 0x80000, 0x40000, 0x1000000, 0x1000, 0x4, 0x8, 0x80, 0x200,
    0x800000, 0x800000, 0x1000000, 0x400000, 0x10, 0x1000000, 0x800000, 0x4, 0x2000000, 0x1, 0x1000000, 0x8,
    0x1000, 0x8000, 0x800000, 0x1000, 0x8, 0x40000, 0x800000, 0x1000000, 0x2, 0x40000, 0x10000, 0x1000,
    0x200, 0x1000, 0x2000000, 0x200, 0x1000, 0x80000, 0x2000000, 0x10000, 0x800, 0x8000, 0x200, 0x1000000,
    0x10000, 0x2000000, 0x4, 0x40, 0x10000, 0x80, 0x800000, 0x200, 0x80, 0x80, 0x80, 0x800000,
    0x800000, 0x80, 0x800, 0x80, 0x8, 0x800, 0x8, 0x200, 0x10000, 0x4, 0x800, 0x8,
    0x400000, 0x2, 0x40000, 0x800000, 0x20, 0x2000000, 0x2000000, 0x1000000, 0x1000000, 0x40000, 0x4, 0x80,
    0x80000, 0x1000000, 0x80000, 0x1000000, 0x200, 0x2, 0x80, 0x10, 0x4, 0x800000, 0x80, 0x200,
    0x400, 0x40, 0x200, 0x20, 0x800000, 0x2, 0x80, 0x1000000, 0x2000000, 0x200, 0x20, 0x800000,
    0x2, 0x400000, 0x80, 0x2, 0x8, 0x2000000, 0x20, 0x1000000, 0x2000000, 0x2, 0x4, 0x1,
    0x8000, 0x2000, 0x8000, 0x40, 0x2000, 0x1000000, 0x8, 0x1000, 0x40000, 0x800000, 0x80, 0x400,
    0x80, 0x80, 0x1000, 0x1, 0x1000, 0x800, 0x2000, 0x2, 0x1000000, 0x200, 0x80000, 0x1000,
    0x8000, 0x800000, 0x1000000, 0x200, 0x1000, 0x4, 0x80000, 0x80, 0x200, 0x2, 0x2000000, 0x1000000,
    0x20, 0x4, 0x40, 0x80000, 0x1000000, 0x80, 0x400000, 0x8000, 0x80, 0x20, 0x80000, 0x40,
    0x2000000, 0x2000000, 0x10, 0x2000000, 0x40000, 0x2, 0x2000000, 0x10, 0x40, 0x8000, 0x2, 0x1000,
    0x8, 0x40000, 0x400, 0x20, 0x80000, 0x1000000, 0x4, 0x1000, 0x80, 0x2, 0x800, 0x800,
    0x80, 0x40, 0x8000, 0x2000000, 0x200, 0x800000, 0x2000000, 0x200, 0x40, 0x2000000, 0x200, 0x1000000,
    0x800000, 0x2000000, 0x40000, 0x2, 0x2, 0x10000, 0x40000, 0x4, 0x2000000, 0x2000000, 0x800, 0x2000000,
    0x4, 0x4, 0x40000, 0x80000, 0x8000, 0x40, 0x800000, 0x1000, 0x200, 0x40000, 0x20, 0x80000,
    0x4, 0x4, 0x2000000, 0x200, 0x2000000, 0x8, 0x200, 0x800000, 0x4, 0x1000000, 0x2, 0x2000000,
    0x800, 0x20, 0x4, 0x200, 0x40000, 0x1000000, 0x2000000, 0x20, 0x40, 0x40000, 0x2000000, 0x800,
    0x1000000, 0x2, 0x4, 0x400000, 0x2000000, 0x2000000, 0x2, 0x1000000, 0x2000000, 0x8, 0x2000000, 0x1000000,
    0x8000, 0x40000, 0x400000, 0x1000000, 0x200, 0x40, 0x800000, 0x2000000, 0x2, 0x8, 0x40000, 0x1000000,
    0x40000, 0x800000, 0x800, 0x40, 0x2000000, 0x2, 0x2000000, 0x20, 0x1000000, 0x40, 0x4, 0x2000000,
    0x800000, 0x2, 0x2000000, 0x80, 0x2000000, 0x20, 0x80000, 0x8000, 0x2, 0x40, 0x2000000, 0x40,
    0x10, 0x200, 0x2, 0x40000, 0x80000, 0x40, 0x400, 0x8, 0x1000, 0x20, 0x80, 0x1000000,
    0x2000000, 0x2000000, 0x240, 0x80, 0x2000000, 0x800, 0x800, 0x2000000, 0x2000000, 0x40, 0x200, 0x10000,
    0x2000000, 0x800, 0x40000, 0x20, 0x8, 0x200, 0x40000, 0x40000, 0x4, 0x2, 0x2000000, 0x40,
    0x8000, 0x8, 0x800, 0x20, 0x2000000, 0x20, 0x2000000, 0x40000, 0x2000000, 0x1000000, 0x2000000, 0x1000000,
    0x2000000, 0x40000, 0x1000000, 0x40, 0x4, 0x800000, 0x40000, 0x2000, 0x80000, 0x800000, 0x4, 0x80,
    0x4, 0x2000000, 0x800000, 0x80000, 0x2000000, 0x2000000, 0x800, 0x200, 0x20, 0x2000000, 0x40, 0x10000,
    0x40000, 0x10000, 0x1000000, 0x800000, 0x2000000, 0x200, 0x10000, 0x4, 0x4, 0x4, 0x4, 0x8,
    0x10200, 0x4, 0x8, 0x800000, 0x2000000, 0x200, 0x1000000, 0x10000, 0x200, 0x4, 0x4, 0x40,
    0x800000, 0x2000000, 0x80000, 0x8, 0x800, 0x40, 0x40000, 0x4, 0x800000, 0x2000000, 0x40000, 0x1000000,
    0x200, 0x200, 0x10000, 0x80000, 0x4, 0x4, 0x800, 0x10000, 0x8, 0x10000, 0x2000000, 0x80000,
    0x10000, 0x4, 0x80, 0x10000, 0x10000, 0x200, 0x2000000, 0x80000, 0x10, 0x2000000, 0x2000000, 0x2000000,
    0x8000, 0x2, 0x400, 0x400, 0x8, 0x200, 0x20, 0x4, 0x200, 0x20, 0x2000000, 0x80000,
    0x1000000, 0x2, 0x10000, 0x1000000, 0x10000, 0x80000, 0x80000, 0x1000000, 0x2000, 0x800, 0x1000, 0x2,
    0x8, 0x400, 0x80000, 0x200, 0x4, 0x8000, 0x10000, 0x2000000, 0x200, 0x8, 0x2000000, 0x20,
    0x8000, 0x200, 0x40000, 0x2, 0x2000, 0x200, 0x800, 0x40, 0x1000000, 0x200, 0x8, 0x800000,
    0x200, 0x8, 0x2000000, 0x10000, 0x400, 0x2000000, 0x40, 0x10000, 0x400, 0x800000, 0x4, 0x800,
    0x8000, 0x2000000, 0x200, 0x80000, 0x4, 0x200, 0x8, 0x10000, 0x2, 0x800000, 0x8, 0x200,
    0x200, 0x200, 0x40000, 0x80000, 0x4, 0x200, 0x2000, 0x800000, 0x2, 0x800000, 0x4, 0x1000,
    0x40000, 0x800, 0x1000000, 0x200, 0x4, 0x10000, 0x1000, 0x80000, 0x200, 0x10000, 0x400000, 0x400000,
    0x4, 0x200, 0x200, 0x2000, 0x200, 0x2000, 0x800, 0x800, 0x800, 0x80, 0x200, 0x4,
    0x400000, 0x10000, 0x80000, 0x2, 0x2000000, 0x10000, 0x1000000, 0x4, 0x2000000, 0x4, 0x2000000, 0x8000,
    0x2000000, 0x2000000, 0x8, 0x2000000, 0x1000000, 0x8, 0x8, 0x4, 0x1000000, 0x2000000, 0x8, 0x2000000,
    0x4, 0x4, 0x200, 0x40, 0x80000, 0x200, 0x20, 0x2000000, 0x8, 0x8000, 0x20000, 0x2000,
    0x80000, 0x4, 0x80000, 0x200, 0x8, 0x4, 0x810000, 0x80000, 0x10000, 0x2000, 0x8, 0x80000,
    0x200, 0x2000, 0x8000, 0x800, 0x2000000, 0x2, 0x4, 0x800, 0x800, 0x4, 0x80000, 0x8,
    0x40000, 0x800000, 0x400, 0x200, 0x2000000, 0x10000, 0x8, 0x8000, 0x2000000, 0x800, 0x2, 0x2000000,
    0x2000, 0x2, 0x80000, 0x200, 0x8, 0x4, 0x800000, 0x20, 0x4, 0x2000000, 0x8, 0x2,
    0x4, 0x4, 0x200, 0x200, 0x800, 0x80000, 0x10000, 0x200, 0x8000, 0x800, 0x8, 0x4,
    0x40, 0x2000000, 0x8, 0x2, 0x2, 0x2000000, 0x200, 0x4, 0x10000, 0x8, 0x4, 0x200,
    0x400000, 0x1000000, 0x2000, 0x800, 0x800, 0x2000000, 0x800, 0x2000000, 0x4, 0x4, 0x8, 0x400000,
    0x800, 0x800, 0x800000, 0x400000, 0x2000000, 0x800, 0x800000, 0x20000, 0x40000, 0x2000, 0x80000, 0x10000,
    0x200, 0x4, 0x4, 0x800000, 0x400, 0x200, 0x800, 0x40000, 0x40, 0x8, 0x20, 0x10000,
    0x80000, 0x8, 0x8, 0x40, 0x800, 0x20000, 0x800, 0x1, 0x200, 0x200, 0x80000, 0x400,
    0x800, 0x1000000, 0x1000, 0x400, 0x10000, 0x800, 0x800, 0x8, 0x2000000, 0x1000000, 0x80000, 0x8,
    0x1000000, 0x1000000, 0x4, 0x1000000, 0x40, 0x200, 0x400000, 0x1000000, 0x800000, 0x8, 0x800000, 0x20,
    0x20000, 0x40000, 0x400, 0x40000, 0x80000, 0x4, 0x8, 0x10, 0x2000, 0x10000, 0x1000, 0x20000,
    0x400, 0x10000, 0x2000000, 0x80, 0x80, 0x10000, 0x400, 0x8, 0x800, 0x8, 0x1, 0x2000000,
    0x20, 0x400, 0x1000000, 0x8000, 0x2, 0x40, 0x40, 0x8000, 0x2000000, 0x20000, 0x10, 0x2,
    0x2000000, 0x2000000, 0x1000000, 0x400, 0x1000000, 0x2000000, 0x40000, 0x8000, 0x10, 0x40, 0x200, 0x200,
    0x40, 0x800, 0x400, 0x10000, 0x2000000, 0x2000000, 0x2000000, 0x40000, 0x800, 0x1000000, 0x40000, 0x1000000,
    0x400000, 0x1000000, 0x2000000, 0x400000, 0x20, 0x10000, 0x2000000, 0x2000, 0x800, 0x2000000, 0x2000000, 0x800,
    0x2000000, 0x80, 0x400000, 0x4, 0x40, 0x400, 0x1000000, 0x8000, 0x10000, 0x40, 0x2000, 0x8000,
    0x40, 0x2, 0x800, 0x8000, 0x800, 0x20000, 0x20000, 0x200, 0x1000000, 0x800000, 0x4, 0x4,
    0x4, 0x40, 0x1000000, 0x80, 0x40000, 0x20, 0x2000000, 0x20, 0x400000, 0x2, 0x2000000, 0x1000000,
    0x400000, 0x80000, 0x40, 0x2000000, 0x800000, 0x1000000, 0x800, 0x200, 0x4, 0x2000000, 0x400000, 0x80,
    0x800000, 0x2000000, 0x200, 0x2000000, 0x2, 0x800, 0x20, 0x20, 0x800, 0x40, 0x40000, 0x400,
    0x80, 0x1000000, 0x200, 0x2000000, 0x10, 0x1000000, 0x200, 0x80, 0x800, 0x8000, 0x800, 0x800,
    0x800, 0x800, 0x204, 0x3000000, 0x40, 0x800000, 0x8, 0x20000, 0x2000000, 0x10, 0x800, 0x20000,
    0x80, 0x40, 0x400, 0x800, 0x2000000, 0x2000000, 0x1000000, 0x80, 0x2000000, 0x800, 0x1000000, 0x10000,
    0x40000, 0x2000000, 0x2000000, 0x200, 0x2000000, 0x10000, 0x800, 0x200, 0x2000000, 0x20, 0x800, 0x2000,
    0x2, 0x80, 0x40, 0x400000, 0x800, 0x4, 0x2000000, 0x4, 0x20, 0x200, 0x400000, 0x40000,
    0x8000, 0x1000000, 0x800000, 0x2000000, 0x800, 0x2000000, 0x800, 0x800000, 0x40, 0x4, 0x4, 0x8002,
    0x2000000, 0x2, 0x800, 0x800, 0x4, 0x800000, 0x2, 0x2, 0x2, 0x2, 0x800000, 0x2,
    0x2, 0x4, 0x2, 0x2, 0x4, 0x20000, 0x2000, 0x2000, 0x4, 0x4, 0x4, 0x1000000,
    0x20000, 0x2, 0x2, 0x40000, 0x1000000, 0x800, 0x8, 0x4, 0x40, 0x10000, 0x1000000, 0x1000000,
    0x10000, 0x800000, 0x1000000, 0x40, 0x1000, 0x10000, 0x2000000, 0x400000, 0x80000, 0x2000000, 0x1000000, 0x8,
    0x1000000, 0x200, 0x80, 0x1000000, 0x20, 0x400000, 0x8, 0x10, 0x80, 0x2000000, 0x8, 0x200,
    0x1000000, 0x400000, 0x800, 0x4, 0x4, 0x2000, 0x80000, 0x2000000, 0x1000000, 0x200, 0x200, 0x4,
    0x8, 0x10, 0x8, 0x8000, 0x2000000, 0x8, 0x2000000, 0x80000, 0x40000, 0x80000, 0x10000, 0x200,
    0x80, 0x8, 0x1000000, 0x1000, 0x2, 0x200, 0x2000, 0x1000000, 0x200, 0x2000000, 0x800, 0x800000,
    0x80000, 0x40000, 0x40000, 0x80000, 0x8000, 0x80, 0x2000, 0x8, 0x200, 0x800000, 0x800000, 0x2,
    0x1000000, 0x800000, 0x10000, 0x80000, 0x2000000, 0x10000, 0x8, 0x8, 0x80000, 0x200, 0x80000, 0x8,
    0x1000000, 0x2000000, 0x80000, 0x40, 0x400000, 0x40000, 0x4, 0x40000, 0x2000000, 0x10000, 0x20, 0x800,
    0x40000, 0x80, 0x800, 0x40, 0x800, 0x2, 0x4, 0x200, 0x2, 0x80, 0x8, 0x800,
    0x1000000, 0x2000000, 0x200, 0x1000000, 0x4, 0x400, 0x400000, 0x80000, 0x1000000, 0x8, 0x1000000, 0x800,
    0x2, 0x2000, 0x1000000, 0x8, 0x40000, 0x8, 0x40000, 0x1000000, 0x4, 0x4, 0x80000, 0x1000000,
    0x40000, 0x2000000, 0x1000000, 0x1000000, 0x10, 0x2, 0x40, 0x10, 0x800000, 0x80, 0x10000, 0x8,
    0x8, 0x400000, 0x2000, 0x1000000, 0x40, 0x1000000, 0x4, 0x800, 0x800000, 0x80000, 0x8, 0x4,
    0x1000000, 0x40000, 0x80000, 0x10000, 0x1000, 0x1000000, 0x40, 0x2000000, 0x1, 0x40000, 0x4, 0x4,
    0x40000, 0x2000000, 0x2000000, 0x8, 0x8, 0x800, 0x4, 0x4, 0x800, 0x2000000, 0x20000, 0x10000,
    0x800000, 0x1000000, 0x1000000, 0x10, 0x800, 0x200, 0x40000, 0x2, 0x1000000, 0x1000, 0x800000, 0x40000,
    0x80, 0x2000000, 0x80000, 0x10, 0x1000, 0x2, 0x2, 0x800, 0x800, 0x1000000, 0x1000000, 0x800,
    0x800, 0x1000000, 0x80000, 0x8, 0x10000, 0x1000000, 0x40000, 0x80, 0x1000000, 0x1000, 0x20000, 0x10000,
    0x800000, 0x400, 0x20, 0x400, 0x2, 0x20, 0x800000, 0x2000, 0x800000, 0x40000, 0x2, 0x1000000,
    0x4, 0x80, 0x800000, 0x2, 0x400000, 0x200, 0x1000000, 0x80, 0x80000, 0x10000, 0x2, 0x8000,
    0x2, 0x40000, 0x2, 0x400000, 0x8, 0x2000000, 0x1000000, 0x800, 0x400, 0x40, 0x2000000, 0x40000,
    0x400, 0x1000000, 0x40, 0x80, 0x10000, 0x2000000, 0x200, 0x800080, 0x80, 0x800000, 0x200, 0x800000,
    0x40, 0x2000, 0x800, 0x200, 0x400, 0x2000000, 0x800, 0x1000000, 0x1000000, 0x4, 0x8, 0x800000,
    0x800, 0x20, 0x400000, 0x20, 0x40, 0x80, 0x800, 0x200, 0x40, 0x200, 0x1000000, 0x2,
    0x800000, 0x2, 0x800, 0x1000000, 0x2, 0x800000, 0x10000, 0x8000, 0x10000, 0x40, 0x2000000, 0x80000,
    0x2000000, 0x8000, 0x800, 0x2000, 0x4, 0x1000000, 0x2, 0x800000, 0x8, 0x200, 0x1000000, 0x10000,
    0x1000000, 0x8, 0x1000000, 0x1000, 0x20000, 0x2, 0x10, 0x40000, 0x200, 0x1000000, 0x1000000, 0x80,
    0x400, 0x800000, 0x800000, 0x40000, 0x80000, 0x1000, 0x800000, 0x20000, 0x4, 0x2000000, 0x2000000, 0x1000000,
    0x400000, 0x800000, 0x1000000, 0x80, 0x1000000, 0x2, 0x1000, 0x4, 0x20, 0x800, 0x1000000, 0x2000000,
    0x80, 0x10000, 0x1000000, 0x2000000, 0x1000, 0x10000, 0x800000, 0x8, 0x2, 0x800000, 0x2, 0x2000000,
    0x400000, 0x2000000, 0x1000, 0x40000, 0x800, 0x8000, 0x8, 0x1000, 0x1000000, 0x4, 0x400, 0x20,
    0x1000, 0x2000000, 0x400, 0x800, 0x2000000, 0x4, 0x1000000, 0x200, 0x1000000, 0x4, 0x2000000, 0x800,
    0x80, 0x800000, 0x20, 0x2000000, 0x800, 0x1000000, 0x8, 0x10000, 0x2000000, 0x8000, 0x2000000, 0x1000000,
    0x40, 0x1000000, 0x200, 0x1000000, 0x2000000, 0x1000, 0x2000000, 0x800000, 0x8, 0x2000000, 0x20, 0x1000000,
    0x20, 0x1000000, 0x80000, 0x80000, 0x10000, 0x80000, 0x2000000, 0x80, 0x40, 0x40000, 0x8000, 0x4,
    0x2000000, 0x1000, 0x800, 0x4, 0x4, 0x1000000, 0x80000, 0x2000000, 0x800000, 0x200, 0x4, 0x1000000,
    0x80000, 0x200, 0x1000, 0x400, 0x40000, 0x800, 0x8000, 0x2000000, 0x80, 0x1000000, 0x40000, 0x2000,
    0x400000, 0x800, 0x800, 0x1000000, 0x80000, 0x8000, 0x2000000, 0x4, 0x80000, 0x2000000, 0x2000000, 0x4,
    0x400, 0x80000, 0x800000, 0x8, 0x80, 0x800000, 0x800000, 0x80000, 0x10000, 0x4, 0x1000000, 0x8000,
    0x400, 0x40000, 0x1000, 0x10000, 0x4, 0x4, 0x1000000, 0x1000000, 0x1, 0x2000000, 0x80, 0x80000,
    0x200, 0x8000, 0x4, 0x1000000, 0x800, 0x2000000, 0x800, 0x1000000, 0x200, 0x2, 0x200, 0x800000,
    0x80000, 0x20, 0x2000, 0x1000000, 0x800, 0x200, 0x1000000, 0x1000000, 0x2000, 0x20000, 0x800000, 0x4,
    0x1000000, 0x800, 0x1000, 0x1000, 0x2000, 0x800000, 0x200, 0x40000, 0x1000, 0x1000000, 0x2, 0x4,
    0x40000, 0x1000000, 0x40000, 0x40000, 0x800, 0x2000004, 0x1000000, 0x800, 0x800000, 0x200, 0x200, 0x40,
    0x1000000, 0x800, 0x8, 0x2000000, 0x8, 0x8000, 0x10000, 0x2, 0x20, 0x2000000, 0x2000000, 0x2,
    0x800, 0x20, 0x2000, 0x8, 0x40000, 0x10000, 0x400, 0x4, 0x2000000, 0x20, 0x80, 0x80,
    0x80, 0x40, 0x10000, 0x1000, 0x20000, 0x8, 0x40000, 0x800000, 0x1000000, 0x4, 0x40000, 0x80000,
    0x800000, 0x2000, 0x10000, 0x10000, 0x200, 0x8000, 0x1000000, 0x200, 0x2, 0x20, 0x4, 0x800000,
    0x8, 0x1000000, 0x10000, 0x20, 0x2, 0x2000, 0x800000, 0x10, 0x200, 0x8, 0x40, 0x1000000,
    0x10000, 0x2, 0x40000, 0x20000, 0x4, 0x2000, 0x20, 0x1000000, 0x1000000, 0x10000, 0x8000, 0x40,
    0x80, 0x1000000, 0x200, 0x8, 0x1000000, 0x2000000, 0x800000, 0x40, 0x20000, 0x80, 0x80000, 0x400,
    0x1000000, 0x800, 0x10, 0x10000, 0x8, 0x2000000, 0x2000, 0x80000, 0x40000, 0x1000, 0x40, 0x400,
    0x800, 0x2, 0x40000, 0x40, 0x2, 0x8000, 0x1000000, 0x40000, 0x2000000, 0x2, 0x1000000, 0x80000,
    0x200, 0x2000000, 0x40000, 0x40000, 0x2000000, 0x200, 0x4, 0x40000, 0x40000, 0x800000, 0x2000000, 0x2,
    0x80, 0x2, 0x40000, 0x4, 0x40000, 0x2, 0x2000000, 0x4, 0x2000000, 0x8000, 0x80000, 0x10000,
    0x20, 0x2000000, 0x1000, 0x10000, 0x20, 0x800, 0x1000000, 0x8000, 0x1000000, 0x2, 0x2, 0x200,
    0x40, 0x40000, 0x2000000, 0x1000, 0x800000, 0x800000, 0x8, 0x200, 0x1000, 0x80000, 0x80, 0x1000000,
    0x40000, 0x400, 0x400, 0x2, 0x200, 0x80000, 0x800000, 0x80, 0x200, 0x4, 0x10, 0x40,
    0x2, 0x40000, 0x1000, 0x200, 0x1000000, 0x200, 0x2000000, 0x4, 0x800000, 0x80000, 0x1000, 0x800,
    0x200, 0x1000000, 0x800000, 0x20000, 0x2000000, 0x2000000, 0x10000, 0x40000, 0x4, 0x800000, 0x800000, 0x10000,
    0x8000, 0x80000, 0x2000000, 0x800000, 0x1000, 0x400, 0x1000000, 0x800000, 0x800000, 0x800000, 0x200, 0x4,
    0x800, 0x200, 0x8000, 0x20000, 0x1000, 0x1000000, 0x1000000, 0x40, 0x1, 0x8, 0x1000000, 0x40000,
    0x400, 0x10000, 0x800, 0x40000, 0x1, 0x8, 0x80, 0x20000, 0x40000, 0x400, 0x10000, 0x800000,
    0x2000000, 0x800000, 0x2000000, 0x80000, 0x4, 0x40, 0x80, 0x2000000, 0x80000, 0x800, 0x1000, 0x800,
    0x400000, 0x800000, 0x1000000, 0x2, 0x400000, 0x40000, 0x1000000, 0x4, 0x8, 0x2, 0x80, 0x200,
    0x80, 0x4, 0x20, 0x4, 0x400000, 0x2000000, 0x40000, 0x800000, 0x80, 0x1000000, 0x80000, 0x400,
    0x2000000, 0x800, 0x800000, 0x10000, 0x40000, 0x80, 0x800, 0x1000000, 0x4, 0x2000000, 0x200, 0x800000,
    0x10, 0x1000, 0x8000, 0x800, 0x8000, 0x20000, 0x4, 0x40, 0x800, 0x80000, 0x2, 0x2000000,
    0x2000000, 0x80000, 0x800, 0x2000000, 0x200, 0x4, 0x1000000, 0x200, 0x40, 0x8, 0x80000, 0x4,
    0x800, 0x40, 0x800, 0x8000, 0x800, 0x800, 0x10000, 0x8000, 0x200, 0x1000, 0x2000000, 0x8000,
    0x1, 0x8000, 0x800000, 0x1000000, 0x2000000, 0x800, 0x1, 0x400, 0x80000, 0x400, 0x8, 0x2000,
    0x4, 0x2000000, 0x2000000, 0x2, 0x2000, 0x2000000, 0x4, 0x80000, 0x8, 0x10000, 0x10000, 0x2000000,
    0x200, 0x1000000, 0x200, 0x40, 0x1000, 0x4, 0x80000, 0x800000, 0x800, 0x80000, 0x40, 0x4,
    0x40000, 0x2000000, 0x800, 0x1000, 0x800, 0x80, 0x2, 0x40, 0x800, 0x400, 0x20, 0x400000,
    0x2000, 0x400000, 0x2000000, 0x80, 0x8, 0x800000, 0x8000, 0x80, 0x800, 0x20, 0x1000, 0x400,
    0x1000000, 0x8, 0x800, 0x40, 0x800000, 0x8, 0x80000, 0x400000, 0x2000000, 0x20, 0x20000, 0x200,
    0x10, 0x200, 0x4, 0x80000, 0x2000000, 0x80, 0x1000000, 0x8, 0x800000, 0x1000000, 0x400, 0x40000,
    0x80, 0x400000, 0x20, 0x2000000, 0x4, 0x10000, 0x40000, 0x80, 0x400, 0x80000, 0x1000, 0x10000,
    0x10000, 0x80, 0x80000, 0x4, 0x80, 0x1000000, 0x1000, 0x200, 0x8, 0x200, 0x40000, 0x400,
    0x80, 0x800000, 0x2000000, 0x200, 0x2000000, 0x2, 0x2000000, 0x2000000, 0x800000, 0x1000000, 0x1000, 0x8000,
    0x1, 0x200, 0x10000, 0x1000, 0x40000, 0x8, 0x2, 0x800000, 0x800, 0x40000, 0x400, 0x800,
    0x1000000, 0x1000000, 0x2000, 0x400000, 0x20000, 0x80000, 0x40000, 0x10000, 0x800, 0x40000, 0x4, 0x2,
    0x8000, 0x8, 0x2, 0x40000, 0x40, 0x2000000, 0x400000, 0x1000000, 0x80, 0x80000, 0x800, 0x400,
    0x40000, 0x40000, 0x40000, 0x400000, 0x80, 0x2000000, 0x2000000, 0x800, 0x1000000, 0x1000000, 0x80000, 0x2000,
    0x800000, 0x200, 0x40, 0x1000, 0x200, 0x40000, 0x2000000, 0x40000, 0x800000, 0x20, 0x400000, 0x2000,
    0x800, 0x40000, 0x4000, 0x2000000, 0x80000, 0x800000, 0x40, 0x800000, 0x800, 0x40000, 0x1, 0x1000,
    0x1000, 0x800, 0x2, 0x400000, 0x800, 0x8, 0x40000, 0x2000000, 0x1000000, 0x800, 0x1, 0x400,
    0x10000, 0x4, 0x10000, 0x4, 0x80000, 0x1000, 0x1000000, 0x4, 0x20, 0x200, 0x2, 0x40000,
    0x800, 0x800000, 0x4, 0x800, 0x2000000, 0x200, 0x4, 0x800, 0x800000, 0x800000, 0x400, 0x40000,
    0x2, 0x2000000, 0x10000, 0x4, 0x800, 0x80, 0x200, 0x8000, 0x80, 0x10000, 0x8000, 0x800,
    0x40000, 0x800000, 0x40000, 0x4, 0x400, 0x40000, 0x800, 0x2000, 0x80, 0x8000, 0x40000, 0x20,
    0x10000, 0x10000, 0x1000000, 0x80000, 0x800000, 0x200, 0x200, 0x2000000, 0x800, 0x10000, 0x800, 0x8,
    0x800000, 0x2000000, 0x200, 0x200, 0x2000000, 0x8, 0x1000000, 0x1000000, 0x8, 0x200, 0x2000, 0x2000000,
    0x8000, 0x80000, 0x20, 0x4, 0x8, 0x40000, 0x400, 0x200, 0x20, 0x40000, 0x800, 0x200,
    0x80, 0x1000000, 0x800, 0x2000000, 0x10000, 0x200, 0x2000000, 0x800, 0x2, 0x80000, 0x80, 0x1000000,
    0x8, 0x40, 0x8, 0x200, 0x20, 0x8, 0x2, 0x1000000, 0x1, 0x2000000, 0x800000, 0x8,
    0x2000000, 0x80, 0x2000000, 0x200, 0x2000, 0x80, 0x80, 0x10000, 0x2, 0x1000000, 0x400, 0x2000,
    0x800000, 0x200, 0x200, 0x10000, 0x4, 0x2000000, 0x1000, 0x800, 0x800, 0x200, 0x2000000, 0x400,
    0x40000, 0x8000, 0x800, 0x8, 0x40000, 0x4, 0x800, 0x2, 0x2, 0x800, 0x800000, 0x400,
    0x800, 0x10, 0x800, 0x800000, 0x200, 0x800, 0x2, 0x200, 0x1000000, 0x4, 0x800000, 0x200,
    0x800000, 0x40, 0x4, 0x2000, 0x800, 0x4, 0x10000, 0x8000, 0x800, 0x2000000, 0x800, 0x2000000,
    0x2000, 0x200, 0x80000, 0x2000000, 0x800, 0x200, 0x40, 0x1000000, 0x2000000, 0x8, 0x2000000, 0x8000,
    0x800, 0x80000, 0x10000, 0x4, 0x40000, 0x40000, 0x20, 0x8, 0x1000, 0x2000, 0x1000000, 0x4,
    0x800000, 0x40, 0x2, 0x80000, 0x200, 0x8, 0x4, 0x2000000, 0x2000, 0x2, 0x40, 0x2,
    0x10000, 0x1000000, 0x10000, 0x200, 0x400000, 0x40, 0x400, 0x20, 0x80, 0x8, 0x2000, 0x2,
    0x1000000, 0x10000, 0x2000000, 0x10000, 0x40, 0x2, 0x400, 0x8000, 0x2, 0x2, 0x1000000, 0x2000000,
    0x1000, 0x80000, 0x200, 0x8, 0x1000000, 0x80000, 0x2, 0x800, 0x40000, 0x1010000, 0x1000, 0x2,
    0x40000, 0x800000, 0x80000, 0x2, 0x2000, 0x8000, 0x8, 0x800000, 0x400, 0x800, 0x10, 0x1000,
    0x1000000, 0x1000000, 0x4, 0x200, 0x1000000, 0x2000, 0x2000000, 0xC, 0x80000, 0x800, 0x8, 0x1000000,
    0x400, 0x2000000, 0x2000000, 0x800000, 0x80000, 0x8, 0x800000, 0x80, 0x10000, 0x40000, 0x80, 0x1000008,
    0x40, 0x1000, 0x2000000, 0x40000, 0x200, 0x1000000, 0x4, 0x4, 0x80000, 0x1, 0x1000000, 0x20000,
    0x2000000, 0x800, 0x8000, 0x400000, 0x800, 0x80000, 0x800, 0x400, 0x800000, 0x40000, 0x800, 0x2000000,
    0x4, 0x40, 0x40, 0x10, 0x800000, 0x4, 0x800, 0x20, 0x800000, 0x800, 0x400, 0x200,
    0x20000, 0x80000, 0x800, 0x10000, 0x200, 0x1, 0x10000, 0x2000000, 0x2000, 0x4, 0x1000, 0x2,
    0x10000, 0x8, 0x400, 0x400, 0x4, 0x800000, 0x40, 0x800, 0x4, 0x2000000, 0x200, 0x2000000,
    0x800000, 0x200, 0x80, 0x8000, 0x80000, 0x8, 0x200, 0x200, 0x1000, 0x2000000, 0x10000, 0x1000000,
    0x400, 0x10000, 0x40000, 0x10, 0x4, 0x10000, 0x2000000, 0x8, 0x40000, 0x80, 0x80, 0x1,
    0x8, 0x1000, 0x800, 0x2000000, 0x20, 0x1000, 0x1000, 0x2000000, 0x2, 0x40, 0x2000, 0x80000,
    0x200, 0x2000, 0x2000, 0x800, 0x40, 0x2, 0x1000000, 0x200, 0x2, 0x20000, 0x2, 0x80000,
    0x1000, 0x800, 0x2, 0x1000000, 0x200, 0x8, 0x2000000, 0x800000, 0x800, 0x80004, 0x200, 0x800,
    0x8000, 0x800, 0x8, 0x800, 0x8000, 0x4, 0x10000, 0x8, 0x80, 0x800, 0x80, 0x2000000,
    0x800, 0x1000000, 0x4, 0x2, 0x800, 0x4, 0x800000, 0x2000000, 0x4, 0x200, 0x1, 0x8,
    0x10000, 0x800, 0x1000, 0x2000004, 0x1000, 0x1000, 0x40000, 0x40000, 0x80, 0x1000, 0x1000000, 0x2,
    0x80, 0x2, 0x40000, 0x400, 0x400, 0x2, 0x80, 0x20000, 0x40000, 0x800000, 0x800000, 0x200,
    0x1000, 0x800000, 0x40000, 0x8, 0x2000000, 0x2000, 0x2000000, 0x8000, 0x800000, 0x800, 0x2, 0x2,
    0x20000, 0x1, 0x40, 0x40, 0x40, 0x20, 0x4, 0x80, 0x40, 0x1000, 0x40000, 0x400,
    0x800, 0x800, 0x80000, 0x40000, 0x200, 0x1000000, 0x1000000, 0x4, 0x10000, 0x800, 0x4, 0x40000,
    0x400, 0x1000000, 0x400000, 0x1000000, 0x10, 0x80, 0x1000000, 0x400000, 0x80, 0x2, 0x80, 0x10000,
    0x1000000, 0x400000, 0x2, 0x1, 0x400000, 0x1000000, 0x400, 0x10000, 0x800, 0x8, 0x10000, 0x20,
    0x80000, 0x2000, 0x80000, 0x400, 0x80, 0x10000, 0x4, 0x40, 0x8, 0x10000, 0x400, 0x80000,
    0x40, 0x8000, 0x400, 0x800000, 0x80, 0x4, 0x8000, 0x8, 0x80, 0x80000, 0x400000, 0x80000,
    0x1000, 0x40000, 0x40000, 0x1000000, 0x80, 0x2, 0x400000, 0x4, 0x20000, 0x400000, 0x800000, 0x80,
    0x200, 0x1000, 0x400, 0x1000, 0x2000000, 0x2000, 0x40, 0x400000, 0x80000, 0x1000, 0x800, 0x400,
    0x20, 0x40, 0x80, 0x400, 0x200, 0x1000000, 0x800, 0x40008, 0x1000000, 0x1000000, 0x4, 0x800000,
    0x400000, 0x80, 0x1000000, 0x1000000, 0x4, 0x800, 0x10000, 0x80, 0x400, 0x10000, 0x80, 0x80000,
    0x80000, 0x10000, 0x400, 0x80, 0x20, 0x20, 0x800, 0x8, 0x800000, 0x10000, 0x400000, 0x40,
    0x2000000, 0x1000000, 0x1000000, 0x8, 0x10, 0x40000, 0x2, 0x8000, 0x400, 0x1000000, 0x20000, 0x2000000,
    0x8000, 0x200, 0x20, 0x1000000, 0x1000000, 0x2000000, 0x200, 0x4, 0x10, 0x10000, 0x8, 0x2000000,
    0x2000000, 0x8, 0x800, 0x11, 0x80000, 0x80000, 0x8000, 0x2, 0x20, 0x200, 0x800, 0x800,
    0x4, 0x800000, 0x8, 0x800, 0x1000, 0x800200, 0x40000, 0x8, 0x800000, 0x10, 0x40, 0x1000000,
    0x40, 0x40000, 0x200, 0x10000, 0x800000, 0x4, 0x20, 0x2, 0x800000, 0x40000, 0x40000, 0x2000000,
    0x8000, 0x8, 0x1000000, 0x2000000, 0x4, 0x800000, 0x8, 0x2000, 0x1000000, 0x800000, 0x8000, 0x20,
    0x2000000, 0x1000000, 0x8, 0x800, 0x1000000, 0x200, 0x4, 0x4, 0x8000, 0x800, 0x80000, 0x800000,
    0x800, 0x40000, 0x800000, 0x1000000, 0x2000000, 0x1000000, 0x20000, 0x800000, 0x4, 0x1000000, 0x1000000, 0x40000,
    0x8, 0x1000000, 0x800, 0x400000, 0x400000, 0x2000, 0x8, 0x40000, 0x1, 0x80, 0x200, 0x40000,
    0x1000000, 0x40, 0x1000000, 0x80, 0x40, 0x1000000, 0x400000, 0x400000, 0x1, 0x800000, 0x80000, 0x200,
    0x2000000, 0x8, 0x1, 0x800000, 0x1000000, 0x40000, 0x20000, 0x800, 0x80000, 0x8, 0x200, 0x40000,
    0x40000, 0x1, 0x800000, 0x20, 0x2000, 0x10, 0x200, 0x8, 0x800000, 0x1000000, 0x2000000, 0x80,
    0x800, 0x800000, 0x800, 0x800, 0x800, 0x2000000, 0x80, 0x2000000, 0x40000, 0x200, 0x2000, 0x1000000,
    0x10000, 0x1000000, 0x10000, 0x10000, 0x800000, 0x1000000, 0x200, 0x40, 0x80, 0x2000000, 0x40, 0x200,
    0x4, 0x1000000, 0x200, 0x4, 0x80, 0x2000000, 0x800, 0x1000000, 0x4, 0x8, 0x40000, 0x80,
    0x400000, 0x40000, 0x40, 0x4, 0x2000000, 0x1000000, 0x200, 0x800000, 0x4, 0x800, 0x800, 0x2000,
    0x800000, 0x2000000, 0x200, 0x200, 0x1000000, 0x1000000, 0x800000, 0x2000, 0x20, 0x40000, 0x1000, 0x400000,
    0x20, 0x8000, 0x1000000, 0x800, 0x4, 0x1000000, 0x800, 0x800, 0x1, 0x2, 0x400000, 0x8,
    0x8, 0x80, 0x400000, 0x8, 0x800000, 0x200, 0x1000, 0x4, 0x800000, 0x2000000, 0x80000, 0x2000000,
    0x8000, 0x1000, 0x800, 0x10000, 0x2000000, 0x80, 0x40000, 0x20, 0x80, 0x2000000, 0x1000000, 0x2000,
    0x2000000, 0x80000, 0x800, 0x800, 0x8, 0x1000000, 0x400000, 0x800, 0x40000, 0x800, 0x800000, 0x80,
    0x1000000, 0x1000, 0x1000, 0x1000000, 0x800, 0x1000, 0x2, 0x400000, 0x400000, 0x400, 0x1000000, 0x800000,
    0x1000000, 0x1, 0x8, 0x80000, 0x800000, 0x1000000, 0x800, 0x800, 0x8, 0x200, 0x8000, 0x1000000,
    0x2, 0x8000, 0x400000, 0x20, 0x800000, 0x200, 0x1000, 0x1000, 0x1000, 0x800, 0x800, 0x80,
    0x1, 0x20, 0x8, 0x800, 0x800, 0x1, 0x20, 0x800, 0x2, 0x80, 0x80, 0x80,
    0x2, 0x10000, 0x10000, 0xA00, 0x80000, 0x2000000, 0x200, 0x4, 0x10000, 0x200, 0x200, 0x8,
    0x200, 0x80000, 0x20, 0x20, 0x400, 0x1000, 0x1000, 0x1000, 0x2, 0x1000000, 0x80000, 0x80,
    0x1000000, 0x40, 0x8, 0x4, 0x10000, 0x20000, 0x8, 0x8, 0x400000, 0x20000, 0x10000, 0x200,
    0x800000, 0x2000, 0x2, 0x1000000, 0x40000, 0x2000, 0x1000, 0x2000000, 0x8, 0x2, 0x1000000, 0x1000000,
    0x80000, 0x2, 0x200, 0x80, 0x8000, 0x1000000, 0x2, 0x1000000, 0x40, 0x80000, 0x200, 0x800000,
    0x1, 0x1, 0x80, 0x40, 0x10000, 0x8, 0x10000, 0x80000, 0x1000, 0x1000000, 0x40000, 0x80000,
    0x50000, 0x800000, 0x400, 0x2, 0x80000, 0x40000, 0x2, 0x400, 0x200, 0x800, 0x800000, 0x20000,
    0x2, 0x10, 0x10000, 0x10000, 0x80, 0x10000, 0x1000, 0x200, 0x200, 0x2, 0x8, 0x200,
    0x400000, 0x80000, 0x40, 0x80000, 0x2, 0x800000, 0x8000, 0x40, 0x2, 0x400, 0x80000, 0x800,
    0x40, 0x10000, 0x800000, 0x200, 0x200, 0x200, 0x4, 0x8, 0x80, 0x800000, 0x10000, 0x8,
    0x400000, 0x200, 0x800, 0x400000, 0x20000, 0x20, 0x1000, 0x10000, 0x40, 0x400000, 0x10000, 0x80,
    0x4, 0x400, 0x20000, 0x1000000, 0x40000, 0x400000, 0x40, 0x2, 0x80000, 0x40, 0x1000000, 0x40,
    0x2, 0x400000, 0x40000, 0x8, 0x400000, 0x8, 0x400000, 0x20000, 0x20, 0x80, 0x400000, 0x1000000,
    0x80000, 0x200, 0x200, 0x800000, 0x800000, 0x800000, 0x200, 0x1000000, 0x2000000, 0x1000000, 0x40000, 0x800,
    0x8000, 0x80, 0x1000000, 0x1000000, 0x8000, 0x1, 0x1000000, 0x800000, 0x80, 0x1000000, 0x8, 0x10000,
    0x400, 0x800000, 0x40000, 0x80, 0x800000, 0x1000000, 0x800000, 0x10, 0x40000, 0x400, 0x10000, 0x80,
    0x1000000, 0x400000, 0x2, 0x8, 0x8, 0x8, 0x8000, 0x8000, 0x800, 0x4, 0x200, 0x800,
    0x80, 0x10000, 0x10, 0x10, 0x400000, 0x800000, 0x400, 0x40000, 0x1000000, 0x1000000, 0x80, 0x8,
    0x1000000, 0x8000, 0x800, 0x20, 0x200, 0x80000, 0x80, 0x400, 0x200, 0x800, 0x80000, 0x4,
    0x1000000, 0x1000000, 0x80, 0x80, 0x200, 0x80000, 0x80000, 0x8000, 0x800, 0x80000, 0x2000000, 0x2000000,
    0x4, 0x8, 0x800, 0x80000, 0x80, 0x10000, 0x400, 0x4, 0x800000, 0x10000, 0x1000000, 0x40000,
    0x80000, 0x10, 0x10, 0x1000000, 0x400000, 0x400, 0x1000000, 0x2000000, 0x1000000, 0x800000, 0x800000, 0x1000000,
    0x1000000, 0x40000, 0x8, 0x8, 0x200, 0x400, 0x800, 0x800, 0x8000, 0x400000, 0x1000, 0x4,
    0x1000000, 0x80, 0x10000, 0x40, 0x800000, 0x1000000, 0x80, 0x4, 0x20000, 0x1000, 0x2, 0x800000,
    0x8000, 0x800, 0x800, 0x2000, 0x10000, 0x1000000, 0x8, 0x10000, 0x80, 0x800000, 0x40000, 0x800000,
    0x800000, 0x400000, 0x40, 0x8, 0x10000, 0x2, 0x40000, 0x80, 0x1000000, 0x800, 0x800, 0x8000,
    0x240, 0x800200, 0x200, 0x80000, 0x80, 0x1000000, 0x200, 0x400, 0x1000000, 0x8000, 0x80, 0x80000,
    0x80, 0x1000000, 0x1000000, 0x400, 0x80000, 0x1000000, 0x10, 0x2000000, 0x1000000, 0x10, 0x2000, 0x1000,
    0x8, 0x40000, 0x80, 0x800, 0x4, 0x20000, 0x8000, 0x10000, 0x20, 0x2, 0x40, 0x20,
    0x800000, 0x2000000, 0x2, 0x40000, 0x2, 0x80000, 0x800, 0x40, 0x800000, 0x40000, 0x200, 0x2,
    0x40000, 0x400000, 0x1000000, 0x1000000, 0x40000, 0x400, 0x40000, 0x20, 0x800, 0x800000, 0x800, 0x8000,
    0x8000, 0x800, 0x2, 0x2, 0x2, 0x800, 0x2, 0x40000, 0x20, 0x800000, 0x20, 0x1000000,
    0x2000000, 0x2, 0x40000, 0x200, 0x40000, 0x40000, 0x1000000, 0x800, 0x8000, 0x2, 0x2, 0x20,
    0x20, 0x20, 0x20, 0x40000, 0x40000, 0x4, 0x200, 0x8, 0x40000, 0x80000, 0x2000000, 0x40000,
    0x800000, 0x80000, 0x20000, 0x1000000, 0x200, 0x4, 0x1000000, 0x20, 0x20, 0x40000, 0x1000000, 0x80000,
    0x1000000, 0x2000000, 0x2, 0x200, 0x80000, 0x2, 0x4, 0x80000, 0x40000, 0x2, 0x40000, 0x8,
    0x80, 0x20000, 0x80000, 0x200, 0x200, 0x2, 0x1000000, 0x80000, 0x4, 0x800000, 0x1000000, 0x200,
    0x10, 0x1000000, 0x800, 0x800000, 0x4, 0x2, 0x2000, 0x10, 0x2, 0x200, 0x8, 0x40000,
    0x1000000, 0x40000, 0x1000000, 0x80, 0x40, 0x40000, 0x200, 0x2000000, 0x2, 0x800000, 0x2, 0x1000000,
    0x80000, 0x20, 0x2000000, 0x400000, 0x40, 0x10, 0x2000, 0x1000000, 0x80, 0x80, 0x80000, 0x80,
    0x200, 0x80, 0x1, 0x80000, 0x20, 0x400000, 0x40, 0x4, 0x40000, 0x80000, 0x2, 0x40,
    0x800000, 0x400, 0x800, 0x40000, 0x80000, 0x1000000, 0x400000, 0x1000, 0x80000, 0x1000, 0x2, 0x1000000,
    0x800000, 0x200, 0x40000, 0x400, 0x2000000, 0x40000, 0x4, 0x8, 0x1000000, 0x200, 0x20000, 0x4,
    0x1000000, 0x80000, 0x400000, 0x800000, 0x2000000, 0x20, 0x80, 0x1000, 0x1000000, 0x1000, 0x4, 0x800000,
    0x800, 0x2000000, 0x2000, 0x40000, 0x8, 0x200, 0x80000, 0x800000, 0x80000, 0x800000, 0x20000, 0x1000000,
    0x4, 0x20, 0x1000000, 0x200, 0x40000, 0x2, 0x40000, 0x8, 0x1000000, 0x10, 0x20000, 0x800000,
    0x80, 0x840, 0x200, 0x800000, 0x2, 0x2, 0x8, 0x10, 0x1000000, 0x2000, 0x200, 0x40,
    0x80, 0x800000, 0x40, 0x2000004, 0x400, 0x40, 0x40000, 0x4, 0x1000000, 0x1000, 0x2, 0x800,
    0x800000, 0x200, 0x1000, 0x40000, 0x2000000, 0x2000, 0x40000, 0x400, 0x40, 0x800000, 0x20, 0x2,
    0x2000, 0x2, 0x2, 0x80000, 0x80, 0x20, 0x200, 0x1, 0x1, 0x20, 0x800000, 0x1000000,
    0x800000, 0x20, 0x8000, 0x800000, 0x1000, 0x1000000, 0x20, 0x80, 0x8, 0x80000, 0x2000000, 0x4,
    0x800000, 0x2000000, 0x2000000, 0x8000, 0x800000, 0x20000, 0x40000, 0x1000000, 0x400000, 0x2000000, 0x8, 0x800,
    0x1000000, 0x2, 0x2, 0x200, 0x80000, 0x1000000, 0x10000, 0x400000, 0x10000, 0x200, 0x8000, 0x2000000,
    0x1000000, 0x8000, 0x2000000, 0x200, 0x2000000, 0x2000, 0x200, 0x8000, 0x2000000, 0x200, 0x800, 0x2000000,
    0x80000, 0x20, 0x1000000, 0x40000, 0x2, 0x80000, 0x80000, 0x40000, 0x800, 0x1000, 0x8000, 0x80000,
    0x2000000, 0x20000, 0x80000, 0x8, 0x800000, 0x10000, 0x40000, 0x200, 0x10, 0x80, 0x2, 0x2000000,
    0x1000000, 0x800, 0x2000000, 0x8, 0x80, 0x800, 0x200, 0x40000, 0x10000, 0x1000, 0x800, 0x80,
    0x80000, 0x800000, 0x80000, 0x200, 0x10, 0x4, 0x800000, 0x1, 0x800, 0x2000000, 0x2000000, 0x40000,
    0x8000, 0x400, 0x80000, 0x800, 0x2000000, 0x400, 0x10000, 0x10000, 0x1000000, 0x20, 0x40000, 0x1000000,
    0x40, 0x1000000, 0x400000, 0x8000, 0x4, 0x8000, 0x10000, 0x20, 0x80, 0x10000, 0x80, 0x1000000,
    0x80000, 0x10000, 0x800000, 0x2000000, 0x400, 0x20000, 0x40000, 0x40, 0x80000, 0x40, 0x40000, 0x10000,
    0x4, 0x2000000, 0x800, 0x8000, 0x80000, 0x800000, 0x4, 0x8, 0x1000000, 0x1000000, 0x2000000, 0x40000,
    0x40000, 0x10000, 0x2000000, 0x40000, 0x800, 0x800000, 0x800, 0x2000000, 0x1000, 0x1, 0x4, 0x2,
    0x4, 0x10000, 0x2, 0x2000000, 0x1000000, 0x800000, 0x80, 0x2, 0x40000, 0x800000, 0x800, 0x2000000,
    0x8, 0x800, 0x80000, 0x4, 0x8, 0x200, 0x80000, 0x1000000, 0x800, 0x2000000, 0x200, 0x1000000,
    0x1000000, 0x80000, 0x8000, 0x2000000, 0x1000000, 0x800, 0x800, 0x80000, 0x800000, 0x200, 0x40000, 0x200,
    0x800000, 0x80, 0x800, 0x2, 0x1000, 0x1000000, 0x80008, 0x800000, 0x4, 0x10000, 0x20000, 0x2,
    0x800, 0x2000000, 0x40000, 0x40000, 0x20, 0x200, 0x2000000, 0x2000000, 0x80000, 0x2000, 0x200, 0x1000000,
    0x80008, 0x800000, 0x1000, 0x1000000, 0x200, 0x80, 0x800, 0x80, 0x8000, 0x2, 0x800, 0x4,
    0x1000000, 0x800000, 0x10000, 0x200, 0x10000, 0x10000, 0x400, 0x2000000, 0x2000000, 0x40000, 0x4, 0x8000,
    0x2000000, 0x400, 0x40000, 0x400000, 0x1, 0x800, 0x10000, 0x40000, 0x8002, 0x800, 0x4, 0x4,
    0x2000000, 0x200, 0x40000, 0x800000, 0x40, 0x400000, 0x400000, 0x400000, 0x1000000, 0x40, 0x1000000, 0x1,
    0x80000, 0x200, 0x2, 0x2, 0x4, 0x80000, 0x8, 0x400, 0x80, 0x10000, 0x80, 0x400,
    0x40, 0x80000, 0x40, 0x8000, 0x2, 0x400, 0x10000, 0x1000000, 0x40000, 0x800, 0x2, 0x800000,
    0x2, 0x2, 0x4, 0x400, 0x2, 0x1000, 0x800, 0x800, 0x800000, 0x8, 0x2000000, 0x40000,
    0x80000, 0x2, 0x400, 0x800, 0x40, 0x40, 0x10000, 0x400, 0x10000, 0x800, 0x40000, 0x2,
    0x400, 0x400, 0x8, 0x20, 0x800000, 0x20000, 0x1000, 0x8, 0x400, 0x2, 0x20, 0x80000,
    0x8000, 0x2000000, 0x20, 0x20000, 0x80000, 0x2, 0x2, 0x1000, 0x20, 0x10, 0x20000, 0x10000,
    0x40, 0x800000, 0x400, 0x200, 0x8000, 0x2000000, 0x40000, 0x40000, 0x80000, 0x800, 0x2, 0x2000000,
    0x8, 0x8000, 0x40000, 0x2000000, 0x10000, 0x2000000, 0x40000, 0x200, 0x80000, 0x80, 0x800, 0x200,
    0x10000, 0x800, 0x2000000, 0x2, 0x8000, 0x1000, 0x40000, 0x1000, 0x1000, 0x40000, 0x800000, 0x800,
    0x10000, 0x10000, 0x2000, 0x80, 0x400, 0x2000, 0x2, 0x800, 0x20000, 0x8, 0x8, 0x2000,
    0x80, 0x800000, 0x8, 0x80, 0x8, 0x8, 0x200, 0x4, 0x1000000, 0x1000000, 0x840, 0x1000000,
    0x20, 0x10000, 0x40, 0x2000000, 0x800, 0x40, 0x40000, 0x1000000, 0x40, 0x1000, 0x200, 0x10000,
    0x40, 0x400, 0x80, 0x2, 0x8000, 0x1000, 0x800000, 0x1000000, 0x800000, 0x800, 0x1000000, 0x80000,
    0x10000, 0x400000, 0x800, 0x400000, 0x40, 0x4, 0x8000, 0x2, 0x1000, 0x200, 0x800000, 0x4,
    0x1000000, 0x2000000, 0x1000000, 0x8, 0x20000, 0x200, 0x2, 0x80, 0x80000, 0x8, 0x200, 0x800000,
    0x10, 0x10, 0x40000, 0x80, 0x80000, 0x1000, 0x200, 0x40000, 0x2, 0x1000000, 0x8000, 0x800,
    0x400000, 0x80, 0x800, 0x2000000, 0x20, 0x20, 0x2000, 0x1000000, 0x8000, 0x1000, 0x80, 0x800000,
    0x10000, 0x80, 0x8000, 0x800, 0x80000, 0x2, 0x10000, 0x8000, 0x20, 0x2, 0x4, 0x400000,
    0x200, 0x8, 0x2, 0x1000000, 0x40, 0x8000, 0x2000, 0x800000, 0x80000, 0x2, 0x20, 0x2000000,
    0x200, 0x40, 0x40000, 0x8, 0x8, 0x80000, 0x200, 0x40000, 0x80, 0x800000, 0x10, 0x1,
    0x400000, 0x2000000, 0x2000000, 0x1000000, 0x800, 0x800, 0x80000, 0x80000, 0x1000000, 0x2, 0x400000, 0x200,
    0x400, 0x40, 0x800000, 0x40, 0x80, 0x800, 0x20, 0x400, 0x800000, 0x8, 0x200, 0x80000,
    0x1000, 0x40000, 0x2000000, 0x40000, 0x10000, 0x1000000, 0x2000, 0x2000000, 0x40, 0x40, 0x40000, 0x400000,
    0x10000, 0x40000, 0x8000, 0x80, 0x80000, 0x800, 0x40000, 0x40000, 0x400, 0x1000, 0x4, 0x800,
    0x2000000, 0x800000, 0x1000000, 0x40000, 0x2000000, 0x10000, 0x2000000, 0x800000, 0x2000, 0x4, 0x200, 0x8,
    0x10000, 0x40, 0x2000000, 0x8, 0x800, 0x20, 0x2000, 0x1000000, 0x400, 0x800, 0x200, 0x4,
    0x200, 0x800, 0x800, 0x2000000, 0x800, 0x1000, 0x2000000, 0x2000000, 0x2000, 0x80, 0x1000000, 0x8,
    0x40000, 0x40000, 0x80, 0x80000, 0x80, 0x800000, 0x2000000, 0x800, 0x2000000, 0x2000000, 0x2, 0x2,
    0x80, 0x10000, 0x2000000, 0x400000, 0x400000, 0x1000000, 0x4, 0x20000, 0x8, 0x80, 0x800, 0x1000000,
    0x10000, 0x10000, 0x200, 0x2, 0x10, 0x1000000, 0x20, 0x40000, 0x40, 0x800000, 0x80000, 0x80,
    0x40000, 0x20000, 0x800000, 0x400000, 0x10000, 0x80, 0x400000, 0x20, 0x40000, 0x800, 0x1000, 0x40000,
    0x40000, 0x40, 0x2000000, 0x80000, 0x80000, 0x1000000, 0x10, 0x1000000, 0x10000, 0x10000, 0x400000, 0x20000,
    0x40000, 0x800, 0x1, 0x800, 0x80, 0x1000, 0x200, 0x80000, 0x10000, 0x200, 0x40000, 0x1000,
    0x800000, 0x10000, 0x2, 0x200, 0x200, 0x2000000, 0x200, 0x800000, 0x2000000, 0x1000000, 0x2000000, 0x400,
    0x800000, 0x2, 0x1000000, 0x10000, 0x800000, 0x2, 0x200, 0x800000, 0x40000, 0x80, 0x2000000, 0x40000,
    0x40000, 0x20, 0x40, 0x800, 0x800000, 0x1000, 0x800000, 0x2000000, 0x800000, 0x20, 0x40, 0x80,
    0x400, 0x2000000, 0x40000, 0x2000000, 0x40, 0x40, 0x1000000, 0x800, 0x4, 0x800, 0x40000, 0x1,
    0x20000, 0x200, 0x800000, 0x80, 0x40000, 0x800, 0x800, 0x800, 0x1000, 0x2000000, 0x800000, 0x10,
    0x800, 0x40, 0x800, 0x800000, 0x1000000, 0x8, 0x200, 0x1000000, 0x80000, 0x800, 0x20, 0x2,
    0x80, 0x2, 0x8000, 0x2000, 0x800, 0x1000000, 0x2000000, 0x20, 0x2, 0x2, 0x80, 0x8000,
    0x80000, 0x40, 0x200, 0x400, 0x400000, 0x10, 0x80000, 0x2000000, 0x80, 0x400, 0x200, 0x200,
    0x800000, 0x2000000, 0x800000, 0x800000, 0x40, 0x800, 0x800, 0x200, 0x800, 0x40000, 0x80000, 0x40,
    0x40000, 0x80, 0x200, 0x200, 0x1000000, 0x10000, 0x800, 0x10000, 0x2000000, 0x20, 0x400, 0x4,
    0x40, 0x2000, 0x2000, 0x8, 0x200, 0x40000, 0x40000, 0x2000000, 0x20, 0x8, 0x2, 0x4,
    0x80000, 0x400000, 0x400000, 0x40000, 0x10, 0x10000, 0x20, 0x80, 0x10000, 0x200, 0x2, 0x40000,
    0x1, 0x10000, 0x80000, 0x40, 0x1000000, 0x8000, 0x200, 0x800, 0x2, 0x800000, 0x2, 0x1000,
    0x1000, 0x1000000, 0x400000, 0x800000, 0x40, 0x40000, 0x800, 0x2000000, 0x80, 0x40, 0x800, 0x2000000,
    0x40, 0x2000, 0x1000000, 0x20, 0x800, 0x200, 0x2, 0x1000000, 0x20, 0x8, 0x200, 0x20,
    0x20000, 0x40, 0x40000, 0x20, 0x1000, 0x2, 0x1000000, 0x2000000, 0x80, 0x10000, 0x20, 0x2,
    0x400000, 0x200, 0x40000, 0x1000000, 0x20, 0x1000000, 0x200, 0x200, 0x8000, 0x80, 0x2000000, 0x2,
    0x1000000, 0x1000000, 0x2000000, 0x20, 0x20, 0x400000, 0x4000, 0x8, 0x40, 0x20000, 0x800, 0x1000,
    0x20, 0x80000, 0x1000, 0x800, 0x2, 0x2000000, 0x40, 0x1000000, 0x4, 0x10000, 0x800000, 0x4,
    0x8, 0x200, 0x1000000, 0x40, 0x2000000, 0x1000000, 0x1000000, 0x1000000, 0x1000000, 0x80000, 0x1000000, 0x80000,
    0x1000000, 0x8, 0x400000, 0x10, 0x40, 0x1, 0x2000000, 0x1000000, 0x80, 0x800000, 0x200, 0x800,
    0x2000000, 0x1000000, 0x80000, 0x80, 0x800, 0x20000, 0x1000, 0x40, 0x20000, 0x200, 0x800000, 0x2000000,
    0x4, 0x800, 0x80, 0x2000, 0x10, 0x800, 0x200, 0x200, 0x80000, 0x80, 0x80000, 0x2,
    0x400000, 0x200, 0x1000000, 0x2, 0x200, 0x200, 0x2, 0x800000, 0x200, 0x200, 0x80000, 0x200,
    0x80000, 0x10, 0x10, 0x400, 0x80, 0x400000, 0x40000, 0x800, 0x200, 0x8000, 0x800, 0x8000,
    0x40000, 0x20, 0x1, 0x2000000, 0x8000, 0x10000, 0x10000, 0x2, 0x8, 0x800, 0x10000, 0x200,
    0x200, 0x80000, 0x1000000, 0x1000000, 0x10000, 0x800, 0x1000000, 0x2000000, 0x400, 0x8, 0x400, 0x40000,
    0x10000, 0x200, 0x1000000, 0x1000000, 0x200, 0x2000000, 0x800, 0x8, 0x10000, 0x4, 0x40, 0x200,
    0x200, 0x1000000, 0x2000000, 0x200, 0x40000, 0x1000000, 0x4, 0x1000, 0x20000, 0x1, 0x10000, 0x80000,
    0x80, 0x80000, 0x10, 0x200, 0x1000, 0x20, 0x4, 0x80000, 0x1000000, 0x80, 0x1000000, 0x8000,
    0x400, 0x1000, 0x80, 0x1000000, 0x4, 0x400000, 0x200, 0x8, 0x4, 0x20, 0x80, 0x1000000,
    0x1000000, 0x800000, 0x400000, 0x40000, 0x80, 0x4, 0x80000, 0x800000, 0x20000, 0x800, 0x200, 0x40,
    0x200, 0x40000, 0x80, 0x4, 0x4, 0x1000000, 0x1000000, 0x1000000, 0x200, 0x800, 0x80000, 0x400,
    0x80000, 0x80000, 0x1000000, 0x80000, 0x1000, 0x800000, 0x40, 0x80000, 0x4, 0x200, 0x80000, 0x2000000,
    0x1, 0x1000000, 0x1000000, 0x4000, 0x4, 0x2000000, 0x800, 0x1000000, 0x800, 0x2, 0x40000, 0x2000000,
    0x1000000, 0x400000, 0x200, 0x1000000, 0x80000, 0x40000, 0x200, 0x1000000, 0x80, 0x2, 0x1000000, 0x40000,
    0x80, 0x20, 0x200, 0x800, 0x1000000, 0x40, 0x200, 0x800000, 0x800000, 0x80000, 0x1000, 0x2000000,
    0x1000000, 0x1000000, 0x800, 0x80000, 0x800000, 0x800000, 0x1000000, 0x8000, 0x4, 0x800, 0x800000, 0x1000000,
    0x200, 0x2000000, 0x1000000, 0x2000000, 0x1000000, 0x1000000, 0x8000, 0x2000, 0x80, 0x1000, 0x1000000, 0x1000,
    0x8, 0x1000000, 0x1000000, 0x800, 0x2, 0x800, 0x80, 0x800, 0x40000, 0x1000000, 0x1000000, 0x40,
    0x10000, 0x800, 0x800, 0x2000, 0x200, 0x200, 0x1000000, 0x1000, 0x40000, 0x4000, 0x1000000, 0x4,
    0x2, 0x2000000, 0x40, 0x8, 0x800, 0x1000000, 0x800000, 0x1000000, 0x800, 0x4, 0x10000, 0x1000000,
    0x800000, 0x80000, 0x40000, 0x2000000, 0x10, 0x40, 0x800000, 0x80, 0x2000000, 0x40, 0x800, 0x80,
    0x400000, 0x2, 0x800, 0x200, 0xC0, 0x10, 0x1000000, 0x800000, 0x80000, 0x400000, 0x10000, 0x1000,
    0x1, 0x400, 0x2, 0x8000, 0x10000, 0x4, 0x40, 0x1000000, 0x40000, 0x80, 0x80, 0x10,
    0xC0, 0x10000, 0x4, 0x1000, 0x400000, 0x1000000, 0x1000000, 0x400000, 0x800, 0x200, 0x1000000, 0x200,
    0x80, 0x1000000, 0x1000000, 0x2000000, 0x800, 0x800, 0x200, 0x200, 0x1000000, 0x800, 0x80, 0x2000000,
    0x1000000, 0x80, 0x1000, 0x40, 0x40000, 0x800, 0x200, 0x800, 0x200, 0x800000, 0x4, 0x200,
    0x200, 0x1000000, 0x4, 0x800, 0x1000000, 0x4, 0x200, 0x8000, 0x4, 0x8000, 0x2000000, 0x10200,
    0x2000000, 0x200, 0x1000, 0x1000, 0x1000000, 0x800, 0x4, 0x200, 0x800, 0x2000, 0x10000, 0x800,
    0x200, 0x200, 0x200, 0x800, 0x800000, 0x800000, 0x200, 0x1000, 0x800, 0x40000, 0x2000000, 0x800,
    0x200, 0x10000, 0x800, 0x1000000, 0x4, 0x1000, 0x1000, 0x80, 0x4, 0x20, 0x1000, 0x1000,
    0x20, 0x8000, 0x10000, 0x10000, 0x1000, 0x20, 0x800000, 0x800, 0x10000, 0x1000, 0x4, 0x20,
    0x20, 0x10000, 0x1000, 0x1000, 0x1000, 0x1000, 0x80, 0x1000, 0x2000000, 0x2000, 0x20, 0x80,
    0x80, 0x200, 0x40, 0x80000, 0x80000, 0x80, 0x80, 0x400, 0x80, 0x40000, 0x800, 0x2000,
    0x4, 0x80, 0x80, 0x1000000, 0x10000, 0x8, 0x800000, 0x80000, 0x1000, 0x1000, 0x10000, 0x8,
    0x4, 0x1000000, 0x8, 0x1000000, 0x800000, 0x1000000, 0x10000, 0x1000, 0x1000000, 0x10000, 0x1000000, 0x800,
    0x8, 0x8, 0x4, 0x1000000, 0x1000000, 0x1000000, 0x8, 0x1, 0x2000000, 0x8, 0x4, 0x1000000,
    0x1000, 0x2000000, 0x1000000, 0x8, 0x800, 0x2000000, 0x20, 0x20, 0x20, 0x1000, 0x1000, 0x1000000,
    0x4, 0x10000, 0x4, 0x400000, 0x2000000, 0x2000000, 0x1000, 0x1, 0x2, 0x80000, 0x2, 0x1000000,
    0x4, 0x80000, 0x8, 0x1000, 0x2000, 0x8, 0x2000000, 0x40, 0x40, 0x8, 0x20, 0x80000,
    0x1000000, 0x8000, 0x4, 0x40, 0x10000, 0x1000000, 0x80000, 0x80000, 0x40000, 0x40000, 0x20, 0x20,
    0x400000, 0x2, 0x8, 0x80000, 0x2000000, 0x10000, 0x40000, 0x40000, 0x1000000, 0x40000, 0x80000, 0x400000,
    0x200, 0x200, 0x80, 0x200, 0x1000000, 0x80000, 0x40000, 0x800000, 0x800000, 0x1000000, 0x800, 0x2,
    0x1000000, 0x10000, 0x80, 0x400000, 0x400000, 0x80, 0x800000, 0x10, 0x2000000, 0x800000, 0x400000, 0x2000000,
    0x2000, 0x2000, 0x10000, 0x2000000, 0x200, 0x2000000, 0x200, 0x200, 0x10000, 0x200, 0x4, 0x4,
    0x4, 0x80, 0x1000000, 0x1000000, 0x800000, 0x2, 0x2000000, 0x800000, 0x4, 0x4, 0x1000000, 0x200,
    0x80000, 0x800, 0x800, 0x4, 0x10000, 0x800000, 0x400, 0x2000, 0x200, 0x1000000, 0x4, 0x1000000,
    0x1000000, 0x4, 0x1000000, 0x2000, 0x2000000, 0x2000000, 0x10000, 0x1000000, 0x1000000, 0x4000, 0x10, 0x400000,
    0x1000000, 0x4, 0x2000000, 0x8, 0x4, 0x200, 0x1000000, 0x4, 0x4, 0x80, 0x1000000, 0x200,
    0x800, 0x2, 0x80000, 0x2000000, 0x1000000, 0x1000000, 0x4, 0x10000, 0x400000, 0x800, 0x8000, 0x40,
    0x8000, 0x1000000, 0x800, 0x800, 0x40, 0x400, 0x8, 0x800, 0x8, 0x800, 0x40, 0x400,
    0x40, 0x10000, 0x2, 0x10240, 0x1000000, 0x4, 0x80, 0x200, 0x800000, 0x1000000, 0x0, 0x0,
    0x0, 0x0, 0x2000000, 0x0, 0x400000, 0x0, 0x0, 0x0, 0x2000000, 0x0, 0x0, 0x0,
    0x0, 0x40000, 0x0, 0x0, 0x0, 0x0, 0x0, 0x800, 0x0, 0x0, 0x0, 0x0,
    0x0, 0x0, 0x0, 0x40000, 0x800, 0x0, 0x0, 0x2000000, 0x0, 0x0, 0x0, 0x0,
    0x800, 0x40, 0x80008, 0x1000, 0x0, 0x0, 0x0, 0x0, 0x40, 0x8, 0x0, 0x0,
    0x0, 0x0, 0x0, 0x0, 0x0, 0x0, 0x0, 0x0, 0x0, 0x0, 0x0, 0x0,
    0x0, 0x0, 0x0, 0x0, 0x0, 0x0, 0x0, 0x1, 0x80000, 0x2000, 0x0, 0x0,
    0x80, 0x2, 0x800, 0x80000, 0x8, 0x2000000, 0x800, 0x1, 0x80000, 0x1000, 0x1000, 0x2,
    0x200, 0x0, 0x800, 0x800000,
};

} // namespace ws::pinyin::detail
